0 verbose cli /data/data/com.termux/files/usr/bin/node /data/data/com.termux/files/usr/bin/npm
1 info using npm@11.17.0
2 info using node@v26.3.1
3 silly config load:file:/data/data/com.termux/files/usr/lib/node_modules/npm/npmrc
4 silly config load:file:/storage/emulated/0/Download/sanna-ai/.npmrc
5 silly config load:file:/data/data/com.termux/files/home/.npmrc
6 silly config load:file:/data/data/com.termux/files/usr/etc/npmrc
7 verbose title npm install @capacitor/core @capacitor/cli @capacitor/android
8 verbose argv "install" "@capacitor/core" "@capacitor/cli" "@capacitor/android"
9 verbose logfile logs-max:10 dir:/data/data/com.termux/files/home/.npm/_logs/2026-08-21T10_31_41_031Z-
10 verbose logfile /data/data/com.termux/files/home/.npm/_logs/2026-08-21T10_31_41_031Z-debug-0.log
11 silly logfile done cleaning log files
12 silly packumentCache heap:827588608 maxSize:206897152 maxEntrySize:103448576
13 silly idealTree buildDeps
14 silly fetch manifest @google/genai@^2.4.0
15 silly packumentCache full:https://registry.npmjs.org/@google%2fgenai cache-miss
16 http fetch GET 200 https://registry.npmjs.org/@google%2fgenai 614ms (cache miss)
17 silly packumentCache full:https://registry.npmjs.org/@google%2fgenai set size:undefined disposed:false
18 silly fetch manifest @modelcontextprotocol/sdk@^1.25.2
19 silly packumentCache full:https://registry.npmjs.org/@modelcontextprotocol%2fsdk cache-miss
20 http fetch GET 200 https://registry.npmjs.org/@modelcontextprotocol%2fsdk 149ms (cache miss)
21 silly packumentCache full:https://registry.npmjs.org/@modelcontextprotocol%2fsdk set size:undefined disposed:false
22 silly fetch manifest @cfworker/json-schema@^4.1.1
23 silly packumentCache full:https://registry.npmjs.org/@cfworker%2fjson-schema cache-miss
24 http fetch GET 200 https://registry.npmjs.org/@cfworker%2fjson-schema 141ms (cache miss)
25 silly packumentCache full:https://registry.npmjs.org/@cfworker%2fjson-schema set size:undefined disposed:false
26 silly fetch manifest @tailwindcss/vite@^4.1.14
27 silly packumentCache full:https://registry.npmjs.org/@tailwindcss%2fvite cache-miss
28 http fetch GET 200 https://registry.npmjs.org/@tailwindcss%2fvite 677ms (cache miss)
29 silly packumentCache full:https://registry.npmjs.org/@tailwindcss%2fvite set size:undefined disposed:false
30 silly fetch manifest vite@^6.2.3
31 silly packumentCache full:https://registry.npmjs.org/vite cache-miss
32 http fetch GET 200 https://registry.npmjs.org/vite 8005ms (cache miss)
33 silly packumentCache full:https://registry.npmjs.org/vite set size:undefined disposed:false
34 silly fetch manifest @types/node@^22.14.0
35 silly packumentCache full:https://registry.npmjs.org/@types%2fnode cache-miss
36 http fetch GET 200 https://registry.npmjs.org/@types%2fnode 345ms (cache revalidated)
37 silly packumentCache full:https://registry.npmjs.org/@types%2fnode set size:11088606 disposed:false
38 silly fetch manifest jiti@>=1.21.0
39 silly packumentCache full:https://registry.npmjs.org/jiti cache-miss
40 http fetch GET 200 https://registry.npmjs.org/jiti 309ms (cache miss)
41 silly packumentCache full:https://registry.npmjs.org/jiti set size:undefined disposed:false
42 silly fetch manifest less@*
43 silly packumentCache full:https://registry.npmjs.org/less cache-miss
44 http fetch GET 200 https://registry.npmjs.org/less 347ms (cache miss)
45 silly packumentCache full:https://registry.npmjs.org/less set size:undefined disposed:false
46 silly fetch manifest lightningcss@^1.21.0
47 silly packumentCache full:https://registry.npmjs.org/lightningcss cache-miss
48 http fetch GET 200 https://registry.npmjs.org/lightningcss 146ms (cache miss)
49 silly packumentCache full:https://registry.npmjs.org/lightningcss set size:undefined disposed:false
50 silly fetch manifest sass@*
51 silly packumentCache full:https://registry.npmjs.org/sass cache-miss
52 http fetch GET 200 https://registry.npmjs.org/sass 558ms (cache miss)
53 silly packumentCache full:https://registry.npmjs.org/sass set size:undefined disposed:false
54 silly fetch manifest sass-embedded@*
55 silly packumentCache full:https://registry.npmjs.org/sass-embedded cache-miss
56 http fetch GET 200 https://registry.npmjs.org/sass-embedded 171ms (cache miss)
57 silly packumentCache full:https://registry.npmjs.org/sass-embedded set size:undefined disposed:false
58 silly fetch manifest stylus@*
59 silly packumentCache full:https://registry.npmjs.org/stylus cache-miss
60 http fetch GET 200 https://registry.npmjs.org/stylus 158ms (cache miss)
61 silly packumentCache full:https://registry.npmjs.org/stylus set size:undefined disposed:false
62 silly fetch manifest sugarss@*
63 silly packumentCache full:https://registry.npmjs.org/sugarss cache-miss
64 http fetch GET 200 https://registry.npmjs.org/sugarss 120ms (cache miss)
65 silly packumentCache full:https://registry.npmjs.org/sugarss set size:undefined disposed:false
66 silly fetch manifest postcss@^8.3.3
67 silly packumentCache full:https://registry.npmjs.org/postcss cache-miss
68 http fetch GET 200 https://registry.npmjs.org/postcss 519ms (cache miss)
69 silly packumentCache full:https://registry.npmjs.org/postcss set size:undefined disposed:false
70 silly fetch manifest terser@^5.16.0
71 silly packumentCache full:https://registry.npmjs.org/terser cache-miss
72 http fetch GET 200 https://registry.npmjs.org/terser 1398ms (cache miss)
73 silly packumentCache full:https://registry.npmjs.org/terser set size:undefined disposed:false
74 silly fetch manifest tsx@^4.21.0
75 silly packumentCache full:https://registry.npmjs.org/tsx cache-miss
76 http fetch GET 200 https://registry.npmjs.org/tsx 1837ms (cache miss)
77 silly packumentCache full:https://registry.npmjs.org/tsx set size:undefined disposed:false
78 silly fetch manifest yaml@^2.4.2
79 silly packumentCache full:https://registry.npmjs.org/yaml cache-miss
80 http fetch GET 200 https://registry.npmjs.org/yaml 649ms (cache miss)
81 silly packumentCache full:https://registry.npmjs.org/yaml set size:undefined disposed:false
82 silly fetch manifest @vitejs/plugin-react@^5.0.4
83 silly packumentCache full:https://registry.npmjs.org/@vitejs%2fplugin-react cache-miss
84 http fetch GET 200 https://registry.npmjs.org/@vitejs%2fplugin-react 422ms (cache miss)
85 silly packumentCache full:https://registry.npmjs.org/@vitejs%2fplugin-react set size:undefined disposed:false
86 silly fetch manifest dotenv@^17.2.3
87 silly packumentCache full:https://registry.npmjs.org/dotenv cache-miss
88 http fetch GET 200 https://registry.npmjs.org/dotenv 280ms (cache miss)
89 silly packumentCache full:https://registry.npmjs.org/dotenv set size:undefined disposed:false
90 silly fetch manifest express@^4.21.2
91 silly packumentCache full:https://registry.npmjs.org/express cache-miss
92 http fetch GET 200 https://registry.npmjs.org/express 367ms (cache miss)
93 silly packumentCache full:https://registry.npmjs.org/express set size:undefined disposed:false
94 silly fetch manifest jszip@^3.10.1
95 silly packumentCache full:https://registry.npmjs.org/jszip cache-miss
96 http fetch GET 200 https://registry.npmjs.org/jszip 159ms (cache miss)
97 silly packumentCache full:https://registry.npmjs.org/jszip set size:undefined disposed:false
98 silly fetch manifest lucide-react@^0.546.0
99 silly packumentCache full:https://registry.npmjs.org/lucide-react cache-miss
100 http fetch GET 200 https://registry.npmjs.org/lucide-react 893ms (cache miss)
101 silly packumentCache full:https://registry.npmjs.org/lucide-react set size:undefined disposed:false
102 silly fetch manifest react@^19.0.1
103 silly packumentCache full:https://registry.npmjs.org/react cache-miss
104 http fetch GET 200 https://registry.npmjs.org/react 2179ms (cache miss)
105 silly packumentCache full:https://registry.npmjs.org/react set size:undefined disposed:false
106 silly fetch manifest motion@^12.23.24
107 silly packumentCache full:https://registry.npmjs.org/motion cache-miss
108 http fetch GET 200 https://registry.npmjs.org/motion 370ms (cache miss)
109 silly packumentCache full:https://registry.npmjs.org/motion set size:undefined disposed:false
110 silly fetch manifest @emotion/is-prop-valid@*
111 silly packumentCache full:https://registry.npmjs.org/@emotion%2fis-prop-valid cache-miss
112 http fetch GET 200 https://registry.npmjs.org/@emotion%2fis-prop-valid 141ms (cache miss)
113 silly packumentCache full:https://registry.npmjs.org/@emotion%2fis-prop-valid set size:undefined disposed:false
114 silly fetch manifest react-dom@^19.0.1
115 silly packumentCache full:https://registry.npmjs.org/react-dom cache-miss
116 http fetch GET 200 https://registry.npmjs.org/react-dom 1973ms (cache miss)
117 silly packumentCache full:https://registry.npmjs.org/react-dom set size:undefined disposed:false
118 silly fetch manifest @capacitor/core@*
119 silly packumentCache full:https://registry.npmjs.org/@capacitor%2fcore cache-miss
120 http fetch GET 200 https://registry.npmjs.org/@capacitor%2fcore 1162ms (cache miss)
121 silly packumentCache full:https://registry.npmjs.org/@capacitor%2fcore set size:undefined disposed:false
122 silly fetch manifest @capacitor/cli@*
123 silly packumentCache full:https://registry.npmjs.org/@capacitor%2fcli cache-miss
124 http fetch GET 200 https://registry.npmjs.org/@capacitor%2fcli 501ms (cache revalidated)
125 silly packumentCache full:https://registry.npmjs.org/@capacitor%2fcli set size:5093486 disposed:false
126 silly fetch manifest @capacitor/android@*
127 silly packumentCache full:https://registry.npmjs.org/@capacitor%2fandroid cache-miss
128 http fetch GET 200 https://registry.npmjs.org/@capacitor%2fandroid 637ms (cache miss)
129 silly packumentCache full:https://registry.npmjs.org/@capacitor%2fandroid set size:undefined disposed:false
130 silly fetch manifest autoprefixer@^10.4.21
131 silly packumentCache full:https://registry.npmjs.org/autoprefixer cache-miss
132 http fetch GET 200 https://registry.npmjs.org/autoprefixer 227ms (cache miss)
133 silly packumentCache full:https://registry.npmjs.org/autoprefixer set size:undefined disposed:false
134 silly fetch manifest postcss@^8.1.0
135 silly packumentCache full:https://registry.npmjs.org/postcss cache-miss
136 http cache https://registry.npmjs.org/postcss 31ms (cache hit)
137 silly packumentCache full:https://registry.npmjs.org/postcss set size:760024 disposed:false
138 silly fetch manifest esbuild@^0.25.0
139 silly packumentCache full:https://registry.npmjs.org/esbuild cache-miss
140 http fetch GET 200 https://registry.npmjs.org/esbuild 454ms (cache miss)
141 silly packumentCache full:https://registry.npmjs.org/esbuild set size:undefined disposed:false
142 silly fetch manifest tailwindcss@^4.1.14
143 silly packumentCache full:https://registry.npmjs.org/tailwindcss cache-miss
144 http fetch GET 200 https://registry.npmjs.org/tailwindcss 1232ms (cache miss)
145 silly packumentCache full:https://registry.npmjs.org/tailwindcss set size:undefined disposed:false
146 silly fetch manifest typescript@~5.8.2
147 silly packumentCache full:https://registry.npmjs.org/typescript cache-miss
148 http fetch GET 200 https://registry.npmjs.org/typescript 1508ms (cache miss)
149 silly packumentCache full:https://registry.npmjs.org/typescript set size:undefined disposed:false
150 silly fetch manifest @types/express@^4.17.21
151 silly packumentCache full:https://registry.npmjs.org/@types%2fexpress cache-miss
152 http fetch GET 200 https://registry.npmjs.org/@types%2fexpress 212ms (cache miss)
153 silly packumentCache full:https://registry.npmjs.org/@types%2fexpress set size:undefined disposed:false
154 silly placeDep ROOT @capacitor/android@8.5.0 OK for: react-example@0.0.0 want: *
155 silly placeDep ROOT @capacitor/core@8.5.0 OK for: @capacitor/android@8.5.0 want: ^8.5.0
156 silly placeDep ROOT @capacitor/cli@8.5.0 OK for: react-example@0.0.0 want: *
157 silly placeDep ROOT @capacitor/core@8.5.0 REPLACE for: react-example@0.0.0 want: *
158 silly placeDep ROOT @google/genai@2.18.0 OK for: react-example@0.0.0 want: ^2.4.0
159 silly placeDep ROOT @tailwindcss/vite@4.3.3 OK for: react-example@0.0.0 want: ^4.1.14
160 silly placeDep ROOT vite@6.4.3 OK for: @tailwindcss/vite@4.3.3 want: ^5.2.0 || ^6 || ^7 || ^8
161 silly placeDep ROOT @types/express@4.17.25 OK for: react-example@0.0.0 want: ^4.17.21
162 silly placeDep ROOT @types/node@22.20.1 OK for: react-example@0.0.0 want: ^22.14.0
163 silly placeDep ROOT @vitejs/plugin-react@5.2.0 OK for: react-example@0.0.0 want: ^5.0.4
164 silly placeDep ROOT autoprefixer@10.5.4 OK for: react-example@0.0.0 want: ^10.4.21
165 silly placeDep ROOT postcss@8.5.26 OK for: autoprefixer@10.5.4 want: ^8.1.0
166 silly placeDep ROOT dotenv@17.4.2 OK for: react-example@0.0.0 want: ^17.2.3
167 silly placeDep ROOT esbuild@0.25.12 OK for: react-example@0.0.0 want: ^0.25.0
168 silly placeDep ROOT express@4.22.2 OK for: react-example@0.0.0 want: ^4.21.2
169 silly placeDep ROOT jszip@3.10.1 OK for: react-example@0.0.0 want: ^3.10.1
170 silly placeDep ROOT lucide-react@0.546.0 OK for: react-example@0.0.0 want: ^0.546.0
171 silly placeDep ROOT react@19.2.8 OK for: lucide-react@0.546.0 want: ^16.5.1 || ^17.0.0 || ^18.0.0 || ^19.0.0
172 silly placeDep ROOT motion@12.43.0 OK for: react-example@0.0.0 want: ^12.23.24
173 silly placeDep ROOT react-dom@19.2.8 OK for: react-example@0.0.0 want: ^19.0.1
174 silly placeDep ROOT tailwindcss@4.3.3 OK for: react-example@0.0.0 want: ^4.1.14
175 silly placeDep ROOT tsx@4.23.12 OK for: react-example@0.0.0 want: ^4.21.0
176 silly placeDep ROOT typescript@5.8.3 OK for: react-example@0.0.0 want: ~5.8.2
177 silly fetch manifest tslib@^2.1.0
178 silly packumentCache full:https://registry.npmjs.org/tslib cache-miss
179 silly fetch manifest tar@^7.5.3
180 silly packumentCache full:https://registry.npmjs.org/tar cache-miss
181 silly fetch manifest open@^8.4.0
182 silly packumentCache full:https://registry.npmjs.org/open cache-miss
183 silly fetch manifest debug@^4.4.0
184 silly packumentCache full:https://registry.npmjs.org/debug cache-miss
185 silly fetch manifest kleur@^4.1.5
186 silly packumentCache full:https://registry.npmjs.org/kleur cache-miss
187 silly fetch manifest plist@^3.1.0
188 silly packumentCache full:https://registry.npmjs.org/plist cache-miss
189 silly fetch manifest tslib@^2.8.1
190 silly packumentCache full:https://registry.npmjs.org/tslib cache-miss
191 http fetch GET 200 https://registry.npmjs.org/tslib 172ms (cache revalidated)
192 silly packumentCache full:https://registry.npmjs.org/tslib set size:108843 disposed:false
193 silly fetch manifest xcode@^3.0.1
194 silly packumentCache full:https://registry.npmjs.org/xcode cache-miss
195 http fetch GET 200 https://registry.npmjs.org/debug 211ms (cache revalidated)
196 silly packumentCache full:https://registry.npmjs.org/debug set size:195840 disposed:false
197 silly fetch manifest rimraf@^6.0.1
198 silly packumentCache full:https://registry.npmjs.org/rimraf cache-miss
199 http fetch GET 200 https://registry.npmjs.org/tar 350ms (cache revalidated)
200 silly packumentCache full:https://registry.npmjs.org/tar set size:591769 disposed:false
201 silly fetch manifest semver@^7.6.3
202 silly packumentCache full:https://registry.npmjs.org/semver cache-miss
203 http fetch GET 200 https://registry.npmjs.org/xcode 231ms (cache revalidated)
204 silly packumentCache full:https://registry.npmjs.org/xcode set size:5234429 disposed:false
205 silly fetch manifest xml2js@^0.6.2
206 silly packumentCache full:https://registry.npmjs.org/xml2js cache-miss
207 http fetch GET 200 https://registry.npmjs.org/kleur 654ms (cache revalidated)
208 silly packumentCache full:https://registry.npmjs.org/kleur set size:61853 disposed:false
209 silly fetch manifest prompts@^2.4.2
210 silly packumentCache full:https://registry.npmjs.org/prompts cache-miss
211 http fetch GET 200 https://registry.npmjs.org/tslib 666ms (cache revalidated)
212 silly packumentCache full:https://registry.npmjs.org/tslib set size:108843 disposed:false
213 silly packumentCache full:https://registry.npmjs.org/tslib dispose
214 silly fetch manifest fs-extra@^11.2.0
215 silly packumentCache full:https://registry.npmjs.org/fs-extra cache-miss
216 http fetch GET 200 https://registry.npmjs.org/open 715ms (cache revalidated)
217 silly packumentCache full:https://registry.npmjs.org/open set size:138621 disposed:false
218 silly fetch manifest commander@^12.1.0
219 silly packumentCache full:https://registry.npmjs.org/commander cache-miss
220 http fetch GET 200 https://registry.npmjs.org/plist 733ms (cache revalidated)
221 silly packumentCache full:https://registry.npmjs.org/plist set size:60755 disposed:false
222 silly fetch manifest env-paths@^2.2.0
223 silly packumentCache full:https://registry.npmjs.org/env-paths cache-miss
224 http fetch GET 200 https://registry.npmjs.org/rimraf 518ms (cache revalidated)
225 silly packumentCache full:https://registry.npmjs.org/rimraf set size:212626 disposed:false
226 silly fetch manifest native-run@^2.0.3
227 silly packumentCache full:https://registry.npmjs.org/native-run cache-miss
228 http fetch GET 200 https://registry.npmjs.org/xml2js 249ms (cache revalidated)
229 silly packumentCache full:https://registry.npmjs.org/xml2js set size:198018 disposed:false
230 silly fetch manifest @ionic/utils-terminal@^2.3.5
231 silly packumentCache full:https://registry.npmjs.org/@ionic%2futils-terminal cache-miss
232 http fetch GET 200 https://registry.npmjs.org/semver 505ms (cache revalidated)
233 silly packumentCache full:https://registry.npmjs.org/semver set size:246069 disposed:false
234 silly fetch manifest @ionic/utils-subprocess@^3.0.1
235 silly packumentCache full:https://registry.npmjs.org/@ionic%2futils-subprocess cache-miss
236 http fetch GET 200 https://registry.npmjs.org/env-paths 185ms (cache revalidated)
237 silly packumentCache full:https://registry.npmjs.org/env-paths set size:26913 disposed:false
238 silly fetch manifest @ionic/cli-framework-output@^2.2.8
239 silly packumentCache full:https://registry.npmjs.org/@ionic%2fcli-framework-output cache-miss
240 http fetch GET 200 https://registry.npmjs.org/fs-extra 258ms (cache revalidated)
241 silly packumentCache full:https://registry.npmjs.org/fs-extra set size:239581 disposed:false
242 silly fetch manifest ws@^8.18.0
243 silly packumentCache full:https://registry.npmjs.org/ws cache-miss
244 http fetch GET 200 https://registry.npmjs.org/prompts 300ms (cache revalidated)
245 silly packumentCache full:https://registry.npmjs.org/prompts set size:115896 disposed:false
246 silly fetch manifest p-retry@^4.6.2
247 silly packumentCache full:https://registry.npmjs.org/p-retry cache-miss
248 http fetch GET 200 https://registry.npmjs.org/commander 248ms (cache revalidated)
249 silly packumentCache full:https://registry.npmjs.org/commander set size:353115 disposed:false
250 silly fetch manifest protobufjs@^7.5.4
251 silly packumentCache full:https://registry.npmjs.org/protobufjs cache-miss
252 http fetch GET 200 https://registry.npmjs.org/p-retry 169ms (cache miss)
253 silly packumentCache full:https://registry.npmjs.org/p-retry set size:undefined disposed:false
254 silly fetch manifest google-auth-library@^10.3.0
255 silly packumentCache full:https://registry.npmjs.org/google-auth-library cache-miss
256 http fetch GET 200 https://registry.npmjs.org/ws 254ms (cache miss)
257 silly packumentCache full:https://registry.npmjs.org/ws set size:undefined disposed:false
258 silly fetch manifest tailwindcss@4.3.3
259 silly packumentCache full:https://registry.npmjs.org/tailwindcss cache-miss
260 http fetch GET 200 https://registry.npmjs.org/protobufjs 244ms (cache miss)
261 silly packumentCache full:https://registry.npmjs.org/protobufjs set size:undefined disposed:false
262 silly fetch manifest @tailwindcss/node@4.3.3
263 silly packumentCache full:https://registry.npmjs.org/@tailwindcss%2fnode cache-miss
264 http cache https://registry.npmjs.org/tailwindcss 166ms (cache hit)
265 silly packumentCache full:https://registry.npmjs.org/tailwindcss set size:10868886 disposed:false
266 silly fetch manifest @tailwindcss/oxide@4.3.3
267 silly packumentCache full:https://registry.npmjs.org/@tailwindcss%2foxide cache-miss
268 http fetch GET 200 https://registry.npmjs.org/@ionic%2futils-terminal 1015ms (cache revalidated)
269 silly packumentCache full:https://registry.npmjs.org/@ionic%2futils-terminal set size:118057 disposed:false
270 silly fetch manifest fdir@^6.4.4
271 silly packumentCache full:https://registry.npmjs.org/fdir cache-miss
272 http fetch GET 200 https://registry.npmjs.org/native-run 1171ms (cache revalidated)
273 silly packumentCache full:https://registry.npmjs.org/native-run set size:221047 disposed:false
274 silly fetch manifest rollup@^4.34.9
275 silly packumentCache full:https://registry.npmjs.org/rollup cache-miss
276 http fetch GET 200 https://registry.npmjs.org/@ionic%2fcli-framework-output 1028ms (cache revalidated)
277 silly packumentCache full:https://registry.npmjs.org/@ionic%2fcli-framework-output set size:65039 disposed:false
278 silly fetch manifest postcss@^8.5.3
279 silly packumentCache full:https://registry.npmjs.org/postcss cache-hit
280 silly fetch manifest picomatch@^4.0.2
281 silly packumentCache full:https://registry.npmjs.org/picomatch cache-miss
282 http fetch GET 200 https://registry.npmjs.org/@ionic%2futils-subprocess 1086ms (cache revalidated)
283 silly packumentCache full:https://registry.npmjs.org/@ionic%2futils-subprocess set size:166292 disposed:false
284 silly fetch manifest tinyglobby@^0.2.13
285 silly packumentCache full:https://registry.npmjs.org/tinyglobby cache-miss
286 http fetch GET 200 https://registry.npmjs.org/google-auth-library 957ms (cache miss)
287 silly packumentCache full:https://registry.npmjs.org/google-auth-library set size:undefined disposed:false
288 silly fetch manifest fsevents@~2.3.3
289 silly packumentCache full:https://registry.npmjs.org/fsevents cache-miss
290 http fetch GET 200 https://registry.npmjs.org/fdir 323ms (cache miss)
291 silly packumentCache full:https://registry.npmjs.org/fdir set size:undefined disposed:false
292 silly fetch manifest @types/qs@*
293 silly packumentCache full:https://registry.npmjs.org/@types%2fqs cache-miss
294 http fetch GET 200 https://registry.npmjs.org/tinyglobby 252ms (cache miss)
295 silly packumentCache full:https://registry.npmjs.org/tinyglobby set size:undefined disposed:false
296 silly fetch manifest @types/body-parser@*
297 silly packumentCache full:https://registry.npmjs.org/@types%2fbody-parser cache-miss
298 http fetch GET 200 https://registry.npmjs.org/picomatch 302ms (cache miss)
299 silly packumentCache full:https://registry.npmjs.org/picomatch set size:undefined disposed:false
300 silly fetch manifest @types/serve-static@^1
301 silly packumentCache full:https://registry.npmjs.org/@types%2fserve-static cache-miss
302 http fetch GET 200 https://registry.npmjs.org/@tailwindcss%2fnode 1100ms (cache miss)
303 silly packumentCache full:https://registry.npmjs.org/@tailwindcss%2fnode set size:undefined disposed:false
304 silly fetch manifest @types/express-serve-static-core@^4.17.33
305 silly packumentCache full:https://registry.npmjs.org/@types%2fexpress-serve-static-core cache-miss
306 http fetch GET 200 https://registry.npmjs.org/fsevents 344ms (cache miss)
307 silly packumentCache full:https://registry.npmjs.org/fsevents set size:undefined disposed:false
308 silly fetch manifest undici-types@~6.21.0
309 silly packumentCache full:https://registry.npmjs.org/undici-types cache-miss
310 http fetch GET 200 https://registry.npmjs.org/@types%2fqs 433ms (cache miss)
311 silly packumentCache full:https://registry.npmjs.org/@types%2fqs set size:undefined disposed:false
312 silly fetch manifest @babel/core@^7.29.0
313 silly packumentCache full:https://registry.npmjs.org/@babel%2fcore cache-miss
314 http fetch GET 200 https://registry.npmjs.org/@tailwindcss%2foxide 986ms (cache miss)
315 silly packumentCache full:https://registry.npmjs.org/@tailwindcss%2foxide set size:undefined disposed:false
316 silly fetch manifest react-refresh@^0.18.0
317 silly packumentCache full:https://registry.npmjs.org/react-refresh cache-miss
318 http fetch GET 200 https://registry.npmjs.org/@types%2fexpress-serve-static-core 482ms (cache miss)
319 silly packumentCache full:https://registry.npmjs.org/@types%2fexpress-serve-static-core set size:undefined disposed:false
320 silly fetch manifest @types/babel__core@^7.20.5
321 silly packumentCache full:https://registry.npmjs.org/@types%2fbabel__core cache-miss
322 http fetch GET 200 https://registry.npmjs.org/undici-types 487ms (cache revalidated)
323 silly packumentCache full:https://registry.npmjs.org/undici-types set size:250438 disposed:false
324 silly fetch manifest @rolldown/pluginutils@1.0.0-rc.3
325 silly packumentCache full:https://registry.npmjs.org/@rolldown%2fpluginutils cache-miss
326 http fetch GET 200 https://registry.npmjs.org/@types%2fbody-parser 819ms (cache miss)
327 silly packumentCache full:https://registry.npmjs.org/@types%2fbody-parser set size:undefined disposed:false
328 silly fetch manifest @babel/plugin-transform-react-jsx-self@^7.27.1
329 silly packumentCache full:https://registry.npmjs.org/@babel%2fplugin-transform-react-jsx-self cache-miss
330 http fetch GET 200 https://registry.npmjs.org/@types%2fserve-static 831ms (cache miss)
331 silly packumentCache full:https://registry.npmjs.org/@types%2fserve-static set size:undefined disposed:false
332 silly fetch manifest @babel/plugin-transform-react-jsx-source@^7.27.1
333 silly packumentCache full:https://registry.npmjs.org/@babel%2fplugin-transform-react-jsx-source cache-miss
334 http fetch GET 200 https://registry.npmjs.org/@types%2fbabel__core 206ms (cache miss)
335 silly packumentCache full:https://registry.npmjs.org/@types%2fbabel__core set size:undefined disposed:false
336 silly fetch manifest picocolors@^1.1.1
337 silly packumentCache full:https://registry.npmjs.org/picocolors cache-miss
338 http fetch GET 200 https://registry.npmjs.org/@rolldown%2fpluginutils 223ms (cache miss)
339 silly packumentCache full:https://registry.npmjs.org/@rolldown%2fpluginutils set size:undefined disposed:false
340 silly fetch manifest fraction.js@^5.3.4
341 silly packumentCache full:https://registry.npmjs.org/fraction.js cache-miss
342 http fetch GET 200 https://registry.npmjs.org/@babel%2fcore 586ms (cache miss)
343 silly packumentCache full:https://registry.npmjs.org/@babel%2fcore set size:undefined disposed:false
344 silly fetch manifest browserslist@^4.28.6
345 silly packumentCache full:https://registry.npmjs.org/browserslist cache-miss
346 http fetch GET 200 https://registry.npmjs.org/@babel%2fplugin-transform-react-jsx-self 333ms (cache miss)
347 silly packumentCache full:https://registry.npmjs.org/@babel%2fplugin-transform-react-jsx-self set size:undefined disposed:false
348 silly fetch manifest caniuse-lite@^1.0.30001806
349 silly packumentCache full:https://registry.npmjs.org/caniuse-lite cache-miss
350 http fetch GET 200 https://registry.npmjs.org/picocolors 238ms (cache miss)
351 silly packumentCache full:https://registry.npmjs.org/picocolors set size:undefined disposed:false
352 silly fetch manifest postcss-value-parser@^4.2.0
353 silly packumentCache full:https://registry.npmjs.org/postcss-value-parser cache-miss
354 http fetch GET 200 https://registry.npmjs.org/browserslist 326ms (cache miss)
355 silly packumentCache full:https://registry.npmjs.org/browserslist set size:undefined disposed:false
356 silly fetch manifest nanoid@^3.3.17
357 silly packumentCache full:https://registry.npmjs.org/nanoid cache-miss
358 http fetch GET 200 https://registry.npmjs.org/fraction.js 482ms (cache miss)
359 silly packumentCache full:https://registry.npmjs.org/fraction.js set size:undefined disposed:false
360 silly fetch manifest source-map-js@^1.2.1
361 silly packumentCache full:https://registry.npmjs.org/source-map-js cache-miss
362 http fetch GET 200 https://registry.npmjs.org/@babel%2fplugin-transform-react-jsx-source 653ms (cache miss)
363 silly packumentCache full:https://registry.npmjs.org/@babel%2fplugin-transform-react-jsx-source set size:undefined disposed:false
364 silly fetch manifest @esbuild/aix-ppc64@0.25.12
365 silly packumentCache full:https://registry.npmjs.org/@esbuild%2faix-ppc64 cache-miss
366 http fetch GET 200 https://registry.npmjs.org/rollup 1909ms (cache miss)
367 silly packumentCache full:https://registry.npmjs.org/rollup set size:undefined disposed:false
368 silly fetch manifest @esbuild/linux-arm@0.25.12
369 silly packumentCache full:https://registry.npmjs.org/@esbuild%2flinux-arm cache-miss
370 http fetch GET 200 https://registry.npmjs.org/nanoid 527ms (cache miss)
371 silly packumentCache full:https://registry.npmjs.org/nanoid set size:undefined disposed:false
372 silly fetch manifest @esbuild/linux-x64@0.25.12
373 silly packumentCache full:https://registry.npmjs.org/@esbuild%2flinux-x64 cache-miss
374 http fetch GET 200 https://registry.npmjs.org/source-map-js 513ms (cache miss)
375 silly packumentCache full:https://registry.npmjs.org/source-map-js set size:undefined disposed:false
376 silly fetch manifest @esbuild/sunos-x64@0.25.12
377 silly packumentCache full:https://registry.npmjs.org/@esbuild%2fsunos-x64 cache-miss
378 http fetch GET 200 https://registry.npmjs.org/postcss-value-parser 843ms (cache miss)
379 silly packumentCache full:https://registry.npmjs.org/postcss-value-parser set size:undefined disposed:false
380 silly fetch manifest @esbuild/win32-x64@0.25.12
381 silly packumentCache full:https://registry.npmjs.org/@esbuild%2fwin32-x64 cache-miss
382 http fetch GET 200 https://registry.npmjs.org/@esbuild%2faix-ppc64 512ms (cache miss)
383 silly packumentCache full:https://registry.npmjs.org/@esbuild%2faix-ppc64 set size:undefined disposed:false
384 silly fetch manifest @esbuild/darwin-x64@0.25.12
385 silly packumentCache full:https://registry.npmjs.org/@esbuild%2fdarwin-x64 cache-miss
386 http fetch GET 200 https://registry.npmjs.org/@esbuild%2flinux-x64 167ms (cache miss)
387 silly packumentCache full:https://registry.npmjs.org/@esbuild%2flinux-x64 set size:undefined disposed:false
388 silly fetch manifest @esbuild/linux-ia32@0.25.12
389 silly packumentCache full:https://registry.npmjs.org/@esbuild%2flinux-ia32 cache-miss
390 http fetch GET 200 https://registry.npmjs.org/caniuse-lite 1046ms (cache miss)
391 silly packumentCache full:https://registry.npmjs.org/caniuse-lite set size:undefined disposed:false
392 silly fetch manifest @esbuild/netbsd-x64@0.25.12
393 silly packumentCache full:https://registry.npmjs.org/@esbuild%2fnetbsd-x64 cache-miss
394 http fetch GET 200 https://registry.npmjs.org/@esbuild%2flinux-arm 520ms (cache miss)
395 silly packumentCache full:https://registry.npmjs.org/@esbuild%2flinux-arm set size:undefined disposed:false
396 silly fetch manifest @esbuild/win32-ia32@0.25.12
397 silly packumentCache full:https://registry.npmjs.org/@esbuild%2fwin32-ia32 cache-miss
398 http fetch GET 200 https://registry.npmjs.org/@esbuild%2fwin32-x64 365ms (cache miss)
399 silly packumentCache full:https://registry.npmjs.org/@esbuild%2fwin32-x64 set size:undefined disposed:false
400 silly fetch manifest @esbuild/android-arm@0.25.12
401 silly packumentCache full:https://registry.npmjs.org/@esbuild%2fandroid-arm cache-miss
402 http fetch GET 200 https://registry.npmjs.org/@esbuild%2fsunos-x64 395ms (cache miss)
403 silly packumentCache full:https://registry.npmjs.org/@esbuild%2fsunos-x64 set size:undefined disposed:false
404 silly fetch manifest @esbuild/android-x64@0.25.12
405 silly packumentCache full:https://registry.npmjs.org/@esbuild%2fandroid-x64 cache-miss
406 http fetch GET 200 https://registry.npmjs.org/@esbuild%2flinux-ia32 289ms (cache miss)
407 silly packumentCache full:https://registry.npmjs.org/@esbuild%2flinux-ia32 set size:undefined disposed:false
408 silly fetch manifest @esbuild/freebsd-x64@0.25.12
409 silly packumentCache full:https://registry.npmjs.org/@esbuild%2ffreebsd-x64 cache-miss
410 http fetch GET 200 https://registry.npmjs.org/@esbuild%2fdarwin-x64 413ms (cache miss)
411 silly packumentCache full:https://registry.npmjs.org/@esbuild%2fdarwin-x64 set size:undefined disposed:false
412 silly fetch manifest @esbuild/linux-arm64@0.25.12
413 silly packumentCache full:https://registry.npmjs.org/@esbuild%2flinux-arm64 cache-miss
414 http fetch GET 200 https://registry.npmjs.org/@esbuild%2fandroid-x64 150ms (cache miss)
415 silly packumentCache full:https://registry.npmjs.org/@esbuild%2fandroid-x64 set size:undefined disposed:false
416 silly fetch manifest @esbuild/linux-ppc64@0.25.12
417 silly packumentCache full:https://registry.npmjs.org/@esbuild%2flinux-ppc64 cache-miss
418 http fetch GET 200 https://registry.npmjs.org/@esbuild%2fnetbsd-x64 332ms (cache miss)
419 silly packumentCache full:https://registry.npmjs.org/@esbuild%2fnetbsd-x64 set size:undefined disposed:false
420 silly fetch manifest @esbuild/linux-s390x@0.25.12
421 silly packumentCache full:https://registry.npmjs.org/@esbuild%2flinux-s390x cache-miss
422 http fetch GET 200 https://registry.npmjs.org/@esbuild%2fwin32-ia32 255ms (cache miss)
423 silly packumentCache full:https://registry.npmjs.org/@esbuild%2fwin32-ia32 set size:undefined disposed:false
424 silly fetch manifest @esbuild/openbsd-x64@0.25.12
425 silly packumentCache full:https://registry.npmjs.org/@esbuild%2fopenbsd-x64 cache-miss
426 http fetch GET 200 https://registry.npmjs.org/react-refresh 2025ms (cache miss)
427 silly packumentCache full:https://registry.npmjs.org/react-refresh set size:undefined disposed:false
428 silly fetch manifest @esbuild/win32-arm64@0.25.12
429 silly packumentCache full:https://registry.npmjs.org/@esbuild%2fwin32-arm64 cache-miss
430 http fetch GET 200 https://registry.npmjs.org/@esbuild%2ffreebsd-x64 485ms (cache miss)
431 silly packumentCache full:https://registry.npmjs.org/@esbuild%2ffreebsd-x64 set size:undefined disposed:false
432 silly fetch manifest @esbuild/darwin-arm64@0.25.12
433 silly packumentCache full:https://registry.npmjs.org/@esbuild%2fdarwin-arm64 cache-miss
434 http fetch GET 200 https://registry.npmjs.org/@esbuild%2flinux-arm64 493ms (cache miss)
435 silly packumentCache full:https://registry.npmjs.org/@esbuild%2flinux-arm64 set size:undefined disposed:false
436 silly fetch manifest @esbuild/netbsd-arm64@0.25.12
437 silly packumentCache full:https://registry.npmjs.org/@esbuild%2fnetbsd-arm64 cache-miss
438 http fetch GET 200 https://registry.npmjs.org/@esbuild%2flinux-ppc64 479ms (cache miss)
439 silly packumentCache full:https://registry.npmjs.org/@esbuild%2flinux-ppc64 set size:undefined disposed:false
440 silly fetch manifest @esbuild/android-arm64@0.25.12
441 silly packumentCache full:https://registry.npmjs.org/@esbuild%2fandroid-arm64 cache-miss
442 http fetch GET 200 https://registry.npmjs.org/@esbuild%2flinux-s390x 446ms (cache miss)
443 silly packumentCache full:https://registry.npmjs.org/@esbuild%2flinux-s390x set size:undefined disposed:false
444 silly fetch manifest @esbuild/freebsd-arm64@0.25.12
445 silly packumentCache full:https://registry.npmjs.org/@esbuild%2ffreebsd-arm64 cache-miss
446 http fetch GET 200 https://registry.npmjs.org/@esbuild%2fopenbsd-x64 441ms (cache miss)
447 silly packumentCache full:https://registry.npmjs.org/@esbuild%2fopenbsd-x64 set size:undefined disposed:false
448 silly fetch manifest @esbuild/linux-loong64@0.25.12
449 silly packumentCache full:https://registry.npmjs.org/@esbuild%2flinux-loong64 cache-miss
450 http fetch GET 200 https://registry.npmjs.org/@esbuild%2fandroid-arm 705ms (cache miss)
451 silly packumentCache full:https://registry.npmjs.org/@esbuild%2fandroid-arm set size:undefined disposed:false
452 silly fetch manifest @esbuild/linux-riscv64@0.25.12
453 silly packumentCache full:https://registry.npmjs.org/@esbuild%2flinux-riscv64 cache-miss
454 http fetch GET 200 https://registry.npmjs.org/@esbuild%2fwin32-arm64 287ms (cache miss)
455 silly packumentCache full:https://registry.npmjs.org/@esbuild%2fwin32-arm64 set size:undefined disposed:false
456 silly fetch manifest @esbuild/openbsd-arm64@0.25.12
457 silly packumentCache full:https://registry.npmjs.org/@esbuild%2fopenbsd-arm64 cache-miss
458 http fetch GET 200 https://registry.npmjs.org/@esbuild%2fnetbsd-arm64 218ms (cache miss)
459 silly packumentCache full:https://registry.npmjs.org/@esbuild%2fnetbsd-arm64 set size:undefined disposed:false
460 silly fetch manifest @esbuild/linux-mips64el@0.25.12
461 silly packumentCache full:https://registry.npmjs.org/@esbuild%2flinux-mips64el cache-miss
462 http fetch GET 200 https://registry.npmjs.org/@esbuild%2fdarwin-arm64 279ms (cache miss)
463 silly packumentCache full:https://registry.npmjs.org/@esbuild%2fdarwin-arm64 set size:undefined disposed:false
464 silly fetch manifest @esbuild/openharmony-arm64@0.25.12
465 silly packumentCache full:https://registry.npmjs.org/@esbuild%2fopenharmony-arm64 cache-miss
466 http fetch GET 200 https://registry.npmjs.org/@esbuild%2ffreebsd-arm64 184ms (cache miss)
467 silly packumentCache full:https://registry.npmjs.org/@esbuild%2ffreebsd-arm64 set size:undefined disposed:false
468 silly fetch manifest qs@~6.15.1
469 silly packumentCache full:https://registry.npmjs.org/qs cache-miss
470 http fetch GET 200 https://registry.npmjs.org/@esbuild%2flinux-riscv64 163ms (cache miss)
471 silly packumentCache full:https://registry.npmjs.org/@esbuild%2flinux-riscv64 set size:undefined disposed:false
472 silly fetch manifest depd@2.0.0
473 silly packumentCache full:https://registry.npmjs.org/depd cache-miss
474 http fetch GET 200 https://registry.npmjs.org/@esbuild%2fopenharmony-arm64 124ms (cache miss)
475 silly packumentCache full:https://registry.npmjs.org/@esbuild%2fopenharmony-arm64 set size:undefined disposed:false
476 silly fetch manifest etag@~1.8.1
477 silly packumentCache full:https://registry.npmjs.org/etag cache-miss
478 http fetch GET 200 https://registry.npmjs.org/@esbuild%2flinux-mips64el 156ms (cache miss)
479 silly packumentCache full:https://registry.npmjs.org/@esbuild%2flinux-mips64el set size:undefined disposed:false
480 silly fetch manifest send@~0.19.0
481 silly packumentCache full:https://registry.npmjs.org/send cache-miss
482 http fetch GET 200 https://registry.npmjs.org/@esbuild%2fopenbsd-arm64 207ms (cache miss)
483 silly packumentCache full:https://registry.npmjs.org/@esbuild%2fopenbsd-arm64 set size:undefined disposed:false
484 silly fetch manifest vary@~1.1.2
485 silly packumentCache full:https://registry.npmjs.org/vary cache-miss
486 http fetch GET 200 https://registry.npmjs.org/depd 128ms (cache miss)
487 silly packumentCache full:https://registry.npmjs.org/depd set size:undefined disposed:false
488 silly fetch manifest debug@2.6.9
489 silly packumentCache full:https://registry.npmjs.org/debug cache-hit
490 silly fetch manifest fresh@~0.5.2
491 silly packumentCache full:https://registry.npmjs.org/fresh cache-miss
492 http fetch GET 200 https://registry.npmjs.org/etag 101ms (cache miss)
493 silly packumentCache full:https://registry.npmjs.org/etag set size:undefined disposed:false
494 silly fetch manifest cookie@~0.7.1
495 silly packumentCache full:https://registry.npmjs.org/cookie cache-miss
496 http fetch GET 200 https://registry.npmjs.org/qs 202ms (cache miss)
497 silly packumentCache full:https://registry.npmjs.org/qs set size:undefined disposed:false
498 silly fetch manifest accepts@~1.3.8
499 silly packumentCache full:https://registry.npmjs.org/accepts cache-miss
500 http fetch GET 200 https://registry.npmjs.org/vary 164ms (cache miss)
501 silly packumentCache full:https://registry.npmjs.org/vary set size:undefined disposed:false
502 silly fetch manifest methods@~1.1.2
503 silly packumentCache full:https://registry.npmjs.org/methods cache-miss
504 http fetch GET 200 https://registry.npmjs.org/send 216ms (cache miss)
505 silly packumentCache full:https://registry.npmjs.org/send set size:undefined disposed:false
506 silly fetch manifest type-is@~1.6.18
507 silly packumentCache full:https://registry.npmjs.org/type-is cache-miss
508 http fetch GET 200 https://registry.npmjs.org/fresh 187ms (cache miss)
509 silly packumentCache full:https://registry.npmjs.org/fresh set size:undefined disposed:false
510 silly fetch manifest parseurl@~1.3.3
511 silly packumentCache full:https://registry.npmjs.org/parseurl cache-miss
512 http fetch GET 200 https://registry.npmjs.org/@esbuild%2flinux-loong64 541ms (cache miss)
513 silly packumentCache full:https://registry.npmjs.org/@esbuild%2flinux-loong64 set size:undefined disposed:false
514 silly fetch manifest statuses@~2.0.1
515 silly packumentCache full:https://registry.npmjs.org/statuses cache-miss
516 http fetch GET 200 https://registry.npmjs.org/cookie 200ms (cache miss)
517 silly packumentCache full:https://registry.npmjs.org/cookie set size:undefined disposed:false
518 silly fetch manifest encodeurl@~2.0.0
519 silly packumentCache full:https://registry.npmjs.org/encodeurl cache-miss
520 http fetch GET 200 https://registry.npmjs.org/accepts 178ms (cache miss)
521 silly packumentCache full:https://registry.npmjs.org/accepts set size:undefined disposed:false
522 silly fetch manifest proxy-addr@~2.0.7
523 silly packumentCache full:https://registry.npmjs.org/proxy-addr cache-miss
524 http fetch GET 200 https://registry.npmjs.org/@esbuild%2fandroid-arm64 674ms (cache miss)
525 silly packumentCache full:https://registry.npmjs.org/@esbuild%2fandroid-arm64 set size:undefined disposed:false
526 silly fetch manifest body-parser@~1.20.5
527 silly packumentCache full:https://registry.npmjs.org/body-parser cache-miss
528 http fetch GET 200 https://registry.npmjs.org/parseurl 141ms (cache miss)
529 silly packumentCache full:https://registry.npmjs.org/parseurl set size:undefined disposed:false
530 silly fetch manifest escape-html@~1.0.3
531 silly packumentCache full:https://registry.npmjs.org/escape-html cache-miss
532 http fetch GET 200 https://registry.npmjs.org/type-is 189ms (cache miss)
533 silly packumentCache full:https://registry.npmjs.org/type-is set size:undefined disposed:false
534 silly fetch manifest http-errors@~2.0.0
535 silly packumentCache full:https://registry.npmjs.org/http-errors cache-miss
536 http fetch GET 200 https://registry.npmjs.org/statuses 159ms (cache miss)
537 silly packumentCache full:https://registry.npmjs.org/statuses set size:undefined disposed:false
538 silly fetch manifest on-finished@~2.4.1
539 silly packumentCache full:https://registry.npmjs.org/on-finished cache-miss
540 http fetch GET 200 https://registry.npmjs.org/proxy-addr 140ms (cache miss)
541 silly packumentCache full:https://registry.npmjs.org/proxy-addr set size:undefined disposed:false
542 silly fetch manifest safe-buffer@5.2.1
543 silly packumentCache full:https://registry.npmjs.org/safe-buffer cache-miss
544 http fetch GET 200 https://registry.npmjs.org/encodeurl 170ms (cache miss)
545 silly packumentCache full:https://registry.npmjs.org/encodeurl set size:undefined disposed:false
546 silly fetch manifest utils-merge@1.0.1
547 silly packumentCache full:https://registry.npmjs.org/utils-merge cache-miss
548 http fetch GET 200 https://registry.npmjs.org/safe-buffer 142ms (cache revalidated)
549 silly packumentCache full:https://registry.npmjs.org/safe-buffer set size:41183 disposed:false
550 silly fetch manifest content-type@~1.0.4
551 silly packumentCache full:https://registry.npmjs.org/content-type cache-miss
552 http fetch GET 200 https://registry.npmjs.org/methods 429ms (cache miss)
553 silly packumentCache full:https://registry.npmjs.org/methods set size:undefined disposed:false
554 silly fetch manifest finalhandler@~1.3.1
555 silly packumentCache full:https://registry.npmjs.org/finalhandler cache-miss
556 http fetch GET 200 https://registry.npmjs.org/escape-html 242ms (cache miss)
557 silly packumentCache full:https://registry.npmjs.org/escape-html set size:undefined disposed:false
558 silly fetch manifest range-parser@~1.2.1
559 silly packumentCache full:https://registry.npmjs.org/range-parser cache-miss
560 http fetch GET 200 https://registry.npmjs.org/utils-merge 179ms (cache miss)
561 silly packumentCache full:https://registry.npmjs.org/utils-merge set size:undefined disposed:false
562 silly fetch manifest serve-static@~1.16.2
563 silly packumentCache full:https://registry.npmjs.org/serve-static cache-miss
564 http fetch GET 200 https://registry.npmjs.org/on-finished 218ms (cache miss)
565 silly packumentCache full:https://registry.npmjs.org/on-finished set size:undefined disposed:false
566 silly fetch manifest array-flatten@1.1.1
567 silly packumentCache full:https://registry.npmjs.org/array-flatten cache-miss
568 http fetch GET 200 https://registry.npmjs.org/http-errors 255ms (cache miss)
569 silly packumentCache full:https://registry.npmjs.org/http-errors set size:undefined disposed:false
570 silly fetch manifest path-to-regexp@~0.1.12
571 silly packumentCache full:https://registry.npmjs.org/path-to-regexp cache-miss
572 http fetch GET 200 https://registry.npmjs.org/body-parser 363ms (cache miss)
573 silly packumentCache full:https://registry.npmjs.org/body-parser set size:undefined disposed:false
574 silly fetch manifest setprototypeof@1.2.0
575 silly packumentCache full:https://registry.npmjs.org/setprototypeof cache-miss
576 http fetch GET 200 https://registry.npmjs.org/content-type 236ms (cache miss)
577 silly packumentCache full:https://registry.npmjs.org/content-type set size:undefined disposed:false
578 silly fetch manifest cookie-signature@~1.0.6
579 silly packumentCache full:https://registry.npmjs.org/cookie-signature cache-miss
580 http fetch GET 200 https://registry.npmjs.org/range-parser 217ms (cache miss)
581 silly packumentCache full:https://registry.npmjs.org/range-parser set size:undefined disposed:false
582 silly fetch manifest merge-descriptors@1.0.3
583 silly packumentCache full:https://registry.npmjs.org/merge-descriptors cache-miss
584 http fetch GET 200 https://registry.npmjs.org/finalhandler 258ms (cache miss)
585 silly packumentCache full:https://registry.npmjs.org/finalhandler set size:undefined disposed:false
586 silly fetch manifest content-disposition@~0.5.4
587 silly packumentCache full:https://registry.npmjs.org/content-disposition cache-miss
588 http fetch GET 200 https://registry.npmjs.org/serve-static 251ms (cache miss)
589 silly packumentCache full:https://registry.npmjs.org/serve-static set size:undefined disposed:false
590 silly fetch manifest lie@~3.3.0
591 silly packumentCache full:https://registry.npmjs.org/lie cache-miss
592 http fetch GET 200 https://registry.npmjs.org/path-to-regexp 245ms (cache miss)
593 silly packumentCache full:https://registry.npmjs.org/path-to-regexp set size:undefined disposed:false
594 silly fetch manifest pako@~1.0.2
595 silly packumentCache full:https://registry.npmjs.org/pako cache-miss
596 http fetch GET 200 https://registry.npmjs.org/setprototypeof 200ms (cache miss)
597 silly packumentCache full:https://registry.npmjs.org/setprototypeof set size:undefined disposed:false
598 silly fetch manifest setimmediate@^1.0.5
599 silly packumentCache full:https://registry.npmjs.org/setimmediate cache-miss
600 http fetch GET 200 https://registry.npmjs.org/cookie-signature 132ms (cache miss)
601 silly packumentCache full:https://registry.npmjs.org/cookie-signature set size:undefined disposed:false
602 silly fetch manifest readable-stream@~2.3.6
603 silly packumentCache full:https://registry.npmjs.org/readable-stream cache-miss
604 http fetch GET 200 https://registry.npmjs.org/content-disposition 121ms (cache miss)
605 silly packumentCache full:https://registry.npmjs.org/content-disposition set size:undefined disposed:false
606 silly fetch manifest tslib@^2.4.0
607 silly packumentCache full:https://registry.npmjs.org/tslib cache-hit
608 silly fetch manifest framer-motion@^12.43.0
609 silly packumentCache full:https://registry.npmjs.org/framer-motion cache-miss
610 http fetch GET 200 https://registry.npmjs.org/array-flatten 381ms (cache miss)
611 silly packumentCache full:https://registry.npmjs.org/array-flatten set size:undefined disposed:false
612 silly fetch manifest scheduler@^0.27.0
613 silly packumentCache full:https://registry.npmjs.org/scheduler cache-miss
614 http fetch GET 200 https://registry.npmjs.org/lie 151ms (cache miss)
615 silly packumentCache full:https://registry.npmjs.org/lie set size:undefined disposed:false
616 silly fetch manifest esbuild@~0.28.0
617 silly packumentCache full:https://registry.npmjs.org/esbuild cache-miss
618 http fetch GET 200 https://registry.npmjs.org/setimmediate 139ms (cache miss)
619 silly packumentCache full:https://registry.npmjs.org/setimmediate set size:undefined disposed:false
620 http fetch GET 200 https://registry.npmjs.org/pako 158ms (cache miss)
621 silly packumentCache full:https://registry.npmjs.org/pako set size:undefined disposed:false
622 http cache https://registry.npmjs.org/esbuild 45ms (cache hit)
623 silly packumentCache full:https://registry.npmjs.org/esbuild set size:1264676 disposed:false
624 http fetch GET 200 https://registry.npmjs.org/merge-descriptors 340ms (cache miss)
625 silly packumentCache full:https://registry.npmjs.org/merge-descriptors set size:undefined disposed:false
626 http fetch GET 200 https://registry.npmjs.org/readable-stream 449ms (cache revalidated)
627 silly packumentCache full:https://registry.npmjs.org/readable-stream set size:261096 disposed:false
628 http fetch GET 200 https://registry.npmjs.org/scheduler 1876ms (cache miss)
629 silly packumentCache full:https://registry.npmjs.org/scheduler set size:undefined disposed:false
630 http fetch GET 200 https://registry.npmjs.org/framer-motion 2698ms (cache miss)
631 silly packumentCache full:https://registry.npmjs.org/framer-motion set size:undefined disposed:false
632 silly placeDep ROOT @ionic/cli-framework-output@2.2.8 OK for: @capacitor/cli@8.5.0 want: ^2.2.8
633 silly placeDep ROOT @ionic/utils-subprocess@3.0.1 OK for: @capacitor/cli@8.5.0 want: ^3.0.1
634 silly placeDep ROOT @ionic/utils-terminal@2.3.5 OK for: @capacitor/cli@8.5.0 want: ^2.3.5
635 silly placeDep ROOT commander@12.1.0 OK for: @capacitor/cli@8.5.0 want: ^12.1.0
636 silly placeDep ROOT debug@4.4.3 OK for: @capacitor/cli@8.5.0 want: ^4.4.0
637 silly placeDep ROOT env-paths@2.2.1 OK for: @capacitor/cli@8.5.0 want: ^2.2.0
638 silly placeDep ROOT fs-extra@11.4.0 OK for: @capacitor/cli@8.5.0 want: ^11.2.0
639 silly placeDep ROOT kleur@4.1.5 OK for: @capacitor/cli@8.5.0 want: ^4.1.5
640 silly placeDep ROOT native-run@2.0.3 OK for: @capacitor/cli@8.5.0 want: ^2.0.3
641 silly placeDep ROOT open@8.4.2 OK for: @capacitor/cli@8.5.0 want: ^8.4.0
642 silly placeDep ROOT plist@3.1.1 OK for: @capacitor/cli@8.5.0 want: ^3.1.0
643 silly placeDep ROOT prompts@2.4.2 OK for: @capacitor/cli@8.5.0 want: ^2.4.2
644 silly placeDep ROOT rimraf@6.1.3 OK for: @capacitor/cli@8.5.0 want: ^6.0.1
645 silly placeDep ROOT semver@7.8.5 OK for: @capacitor/cli@8.5.0 want: ^7.6.3
646 silly placeDep ROOT tar@7.5.22 OK for: @capacitor/cli@8.5.0 want: ^7.5.3
647 silly placeDep ROOT tslib@2.8.1 OK for: @capacitor/cli@8.5.0 want: ^2.8.1
648 silly placeDep ROOT xcode@3.0.1 OK for: @capacitor/cli@8.5.0 want: ^3.0.1
649 silly placeDep ROOT xml2js@0.6.2 OK for: @capacitor/cli@8.5.0 want: ^0.6.2
650 silly fetch manifest @ionic/utils-terminal@2.3.5
651 silly packumentCache full:https://registry.npmjs.org/@ionic%2futils-terminal cache-hit
652 silly fetch manifest debug@^4.0.0
653 silly packumentCache full:https://registry.npmjs.org/debug cache-hit
654 silly fetch manifest tslib@^2.0.1
655 silly packumentCache full:https://registry.npmjs.org/tslib cache-hit
656 silly fetch manifest @ionic/utils-array@2.1.6
657 silly packumentCache full:https://registry.npmjs.org/@ionic%2futils-array cache-miss
658 silly fetch manifest @ionic/utils-fs@3.1.7
659 silly packumentCache full:https://registry.npmjs.org/@ionic%2futils-fs cache-miss
660 silly fetch manifest @ionic/utils-process@2.1.12
661 silly packumentCache full:https://registry.npmjs.org/@ionic%2futils-process cache-miss
662 silly fetch manifest @ionic/utils-stream@3.1.7
663 silly packumentCache full:https://registry.npmjs.org/@ionic%2futils-stream cache-miss
664 silly fetch manifest cross-spawn@^7.0.3
665 silly packumentCache full:https://registry.npmjs.org/cross-spawn cache-miss
666 silly fetch manifest @types/slice-ansi@^4.0.0
667 silly packumentCache full:https://registry.npmjs.org/@types%2fslice-ansi cache-miss
668 silly fetch manifest signal-exit@^3.0.3
669 silly packumentCache full:https://registry.npmjs.org/signal-exit cache-miss
670 http fetch GET 200 https://registry.npmjs.org/signal-exit 229ms (cache revalidated)
671 silly packumentCache full:https://registry.npmjs.org/signal-exit set size:53489 disposed:false
672 silly fetch manifest slice-ansi@^4.0.0
673 silly packumentCache full:https://registry.npmjs.org/slice-ansi cache-miss
674 http fetch GET 200 https://registry.npmjs.org/@ionic%2futils-process 259ms (cache revalidated)
675 silly packumentCache full:https://registry.npmjs.org/@ionic%2futils-process set size:128236 disposed:false
676 silly fetch manifest string-width@^4.1.0
677 silly packumentCache full:https://registry.npmjs.org/string-width cache-miss
678 http fetch GET 200 https://registry.npmjs.org/cross-spawn 262ms (cache revalidated)
679 silly packumentCache full:https://registry.npmjs.org/cross-spawn set size:109066 disposed:false
680 silly fetch manifest strip-ansi@^6.0.0
681 silly packumentCache full:https://registry.npmjs.org/strip-ansi cache-miss
682 http fetch GET 200 https://registry.npmjs.org/@ionic%2futils-fs 288ms (cache revalidated)
683 silly packumentCache full:https://registry.npmjs.org/@ionic%2futils-fs set size:155283 disposed:false
684 silly fetch manifest untildify@^4.0.0
685 silly packumentCache full:https://registry.npmjs.org/untildify cache-miss
686 http fetch GET 200 https://registry.npmjs.org/string-width 117ms (cache revalidated)
687 silly packumentCache full:https://registry.npmjs.org/string-width set size:72458 disposed:false
688 silly fetch manifest wrap-ansi@^7.0.0
689 silly packumentCache full:https://registry.npmjs.org/wrap-ansi cache-miss
690 http fetch GET 200 https://registry.npmjs.org/strip-ansi 117ms (cache revalidated)
691 silly packumentCache full:https://registry.npmjs.org/strip-ansi set size:44998 disposed:false
692 silly fetch manifest ms@^2.1.3
693 silly packumentCache full:https://registry.npmjs.org/ms cache-miss
694 http fetch GET 200 https://registry.npmjs.org/slice-ansi 154ms (cache revalidated)
695 silly packumentCache full:https://registry.npmjs.org/slice-ansi set size:36418 disposed:false
696 silly fetch manifest graceful-fs@^4.2.0
697 silly packumentCache full:https://registry.npmjs.org/graceful-fs cache-miss
698 http fetch GET 200 https://registry.npmjs.org/@ionic%2futils-array 458ms (cache revalidated)
699 silly packumentCache full:https://registry.npmjs.org/@ionic%2futils-array set size:86082 disposed:false
700 silly fetch manifest jsonfile@^6.0.1
701 silly packumentCache full:https://registry.npmjs.org/jsonfile cache-miss
702 http fetch GET 200 https://registry.npmjs.org/wrap-ansi 102ms (cache revalidated)
703 silly packumentCache full:https://registry.npmjs.org/wrap-ansi set size:57461 disposed:false
704 silly fetch manifest universalify@^2.0.0
705 silly packumentCache full:https://registry.npmjs.org/universalify cache-miss
706 http fetch GET 200 https://registry.npmjs.org/ms 104ms (cache revalidated)
707 silly packumentCache full:https://registry.npmjs.org/ms set size:92208 disposed:false
708 silly fetch manifest @ionic/utils-fs@^3.1.7
709 silly packumentCache full:https://registry.npmjs.org/@ionic%2futils-fs cache-hit
710 silly fetch manifest bplist-parser@^0.3.2
711 silly packumentCache full:https://registry.npmjs.org/bplist-parser cache-miss
712 http fetch GET 200 https://registry.npmjs.org/graceful-fs 125ms (cache revalidated)
713 silly packumentCache full:https://registry.npmjs.org/graceful-fs set size:124285 disposed:false
714 silly fetch manifest elementtree@^0.1.7
715 silly packumentCache full:https://registry.npmjs.org/elementtree cache-miss
716 http fetch GET 200 https://registry.npmjs.org/jsonfile 98ms (cache revalidated)
717 silly packumentCache full:https://registry.npmjs.org/jsonfile set size:53210 disposed:false
718 silly fetch manifest ini@^4.1.1
719 silly packumentCache full:https://registry.npmjs.org/ini cache-miss
720 http fetch GET 200 https://registry.npmjs.org/@types%2fslice-ansi 577ms (cache revalidated)
721 silly packumentCache full:https://registry.npmjs.org/@types%2fslice-ansi set size:12386 disposed:false
722 silly fetch manifest split2@^4.2.0
723 silly packumentCache full:https://registry.npmjs.org/split2 cache-miss
724 http fetch GET 200 https://registry.npmjs.org/untildify 326ms (cache revalidated)
725 silly packumentCache full:https://registry.npmjs.org/untildify set size:22319 disposed:false
726 silly fetch manifest through2@^4.0.2
727 silly packumentCache full:https://registry.npmjs.org/through2 cache-miss
728 http fetch GET 200 https://registry.npmjs.org/@ionic%2futils-stream 632ms (cache revalidated)
729 silly packumentCache full:https://registry.npmjs.org/@ionic%2futils-stream set size:89195 disposed:false
730 silly fetch manifest tslib@^2.6.2
731 silly packumentCache full:https://registry.npmjs.org/tslib cache-hit
732 silly fetch manifest yauzl@^2.10.0
733 silly packumentCache full:https://registry.npmjs.org/yauzl cache-miss
734 http fetch GET 200 https://registry.npmjs.org/universalify 157ms (cache revalidated)
735 silly packumentCache full:https://registry.npmjs.org/universalify set size:19431 disposed:false
736 silly fetch manifest is-wsl@^2.2.0
737 silly packumentCache full:https://registry.npmjs.org/is-wsl cache-miss
738 http fetch GET 200 https://registry.npmjs.org/bplist-parser 145ms (cache revalidated)
739 silly packumentCache full:https://registry.npmjs.org/bplist-parser set size:21877 disposed:false
740 silly fetch manifest is-docker@^2.1.1
741 silly packumentCache full:https://registry.npmjs.org/is-docker cache-miss
742 http fetch GET 200 https://registry.npmjs.org/ini 136ms (cache revalidated)
743 silly packumentCache full:https://registry.npmjs.org/ini set size:59124 disposed:false
744 silly fetch manifest define-lazy-prop@^2.0.0
745 silly packumentCache full:https://registry.npmjs.org/define-lazy-prop cache-miss
746 http fetch GET 200 https://registry.npmjs.org/is-docker 191ms (cache revalidated)
747 silly packumentCache full:https://registry.npmjs.org/is-docker set size:23690 disposed:false
748 silly fetch manifest base64-js@^1.5.1
749 silly packumentCache full:https://registry.npmjs.org/base64-js cache-miss
750 http fetch GET 200 https://registry.npmjs.org/elementtree 325ms (cache revalidated)
751 silly packumentCache full:https://registry.npmjs.org/elementtree set size:18608 disposed:false
752 silly fetch manifest xmlbuilder@^15.1.1
753 silly packumentCache full:https://registry.npmjs.org/xmlbuilder cache-miss
754 http fetch GET 200 https://registry.npmjs.org/yauzl 248ms (cache revalidated)
755 silly packumentCache full:https://registry.npmjs.org/yauzl set size:114252 disposed:false
756 silly fetch manifest @xmldom/xmldom@^0.9.10
757 silly packumentCache full:https://registry.npmjs.org/@xmldom%2fxmldom cache-miss
758 http fetch GET 200 https://registry.npmjs.org/define-lazy-prop 189ms (cache revalidated)
759 silly packumentCache full:https://registry.npmjs.org/define-lazy-prop set size:9337 disposed:false
760 silly fetch manifest kleur@^3.0.3
761 silly packumentCache full:https://registry.npmjs.org/kleur cache-hit
762 silly fetch manifest sisteransi@^1.0.5
763 silly packumentCache full:https://registry.npmjs.org/sisteransi cache-miss
764 http fetch GET 200 https://registry.npmjs.org/is-wsl 242ms (cache revalidated)
765 silly packumentCache full:https://registry.npmjs.org/is-wsl set size:20683 disposed:false
766 silly fetch manifest glob@^13.0.3
767 silly packumentCache full:https://registry.npmjs.org/glob cache-miss
768 http fetch GET 200 https://registry.npmjs.org/split2 370ms (cache revalidated)
769 silly packumentCache full:https://registry.npmjs.org/split2 set size:47438 disposed:false
770 silly fetch manifest package-json-from-dist@^1.0.1
771 silly packumentCache full:https://registry.npmjs.org/package-json-from-dist cache-miss
772 http fetch GET 200 https://registry.npmjs.org/through2 362ms (cache revalidated)
773 silly packumentCache full:https://registry.npmjs.org/through2 set size:127176 disposed:false
774 silly fetch manifest chownr@^3.0.0
775 silly packumentCache full:https://registry.npmjs.org/chownr cache-miss
776 http fetch GET 200 https://registry.npmjs.org/base64-js 154ms (cache revalidated)
777 silly packumentCache full:https://registry.npmjs.org/base64-js set size:41270 disposed:false
778 silly fetch manifest yallist@^5.0.0
779 silly packumentCache full:https://registry.npmjs.org/yallist cache-miss
780 http fetch GET 200 https://registry.npmjs.org/xmlbuilder 158ms (cache revalidated)
781 silly packumentCache full:https://registry.npmjs.org/xmlbuilder set size:158707 disposed:false
782 silly fetch manifest minipass@^7.1.2
783 silly packumentCache full:https://registry.npmjs.org/minipass cache-miss
784 http fetch GET 200 https://registry.npmjs.org/@xmldom%2fxmldom 164ms (cache revalidated)
785 silly packumentCache full:https://registry.npmjs.org/@xmldom%2fxmldom set size:172247 disposed:false
786 silly fetch manifest minizlib@^3.1.0
787 silly packumentCache full:https://registry.npmjs.org/minizlib cache-miss
788 http fetch GET 200 https://registry.npmjs.org/glob 166ms (cache revalidated)
789 silly packumentCache full:https://registry.npmjs.org/glob set size:469465 disposed:false
790 silly fetch manifest @isaacs/fs-minipass@^4.0.0
791 silly packumentCache full:https://registry.npmjs.org/@isaacs%2ffs-minipass cache-miss
792 http fetch GET 200 https://registry.npmjs.org/sisteransi 209ms (cache revalidated)
793 silly packumentCache full:https://registry.npmjs.org/sisteransi set size:25723 disposed:false
794 silly fetch manifest uuid@^7.0.3
795 silly packumentCache full:https://registry.npmjs.org/uuid cache-miss
796 http fetch GET 200 https://registry.npmjs.org/chownr 298ms (cache revalidated)
797 silly packumentCache full:https://registry.npmjs.org/chownr set size:22157 disposed:false
798 silly fetch manifest simple-plist@^1.1.0
799 silly packumentCache full:https://registry.npmjs.org/simple-plist cache-miss
800 http fetch GET 200 https://registry.npmjs.org/yallist 269ms (cache revalidated)
801 silly packumentCache full:https://registry.npmjs.org/yallist set size:34610 disposed:false
802 silly fetch manifest sax@>=0.6.0
803 silly packumentCache full:https://registry.npmjs.org/sax cache-miss
804 http fetch GET 200 https://registry.npmjs.org/@isaacs%2ffs-minipass 230ms (cache revalidated)
805 silly packumentCache full:https://registry.npmjs.org/@isaacs%2ffs-minipass set size:7912 disposed:false
806 silly fetch manifest xmlbuilder@~11.0.0
807 silly packumentCache full:https://registry.npmjs.org/xmlbuilder cache-hit
808 http fetch GET 200 https://registry.npmjs.org/minipass 290ms (cache revalidated)
809 silly packumentCache full:https://registry.npmjs.org/minipass set size:276925 disposed:false
810 http fetch GET 200 https://registry.npmjs.org/uuid 245ms (cache revalidated)
811 silly packumentCache full:https://registry.npmjs.org/uuid set size:260936 disposed:false
812 http fetch GET 200 https://registry.npmjs.org/package-json-from-dist 423ms (cache revalidated)
813 silly packumentCache full:https://registry.npmjs.org/package-json-from-dist set size:8854 disposed:false
814 http fetch GET 200 https://registry.npmjs.org/minizlib 322ms (cache revalidated)
815 silly packumentCache full:https://registry.npmjs.org/minizlib set size:62862 disposed:false
816 http fetch GET 200 https://registry.npmjs.org/sax 192ms (cache revalidated)
817 silly packumentCache full:https://registry.npmjs.org/sax set size:92982 disposed:false
818 http fetch GET 200 https://registry.npmjs.org/simple-plist 347ms (cache revalidated)
819 silly packumentCache full:https://registry.npmjs.org/simple-plist set size:46135 disposed:false
820 silly fetch manifest bufferutil@^4.0.1
821 silly packumentCache full:https://registry.npmjs.org/bufferutil cache-miss
822 http fetch GET 200 https://registry.npmjs.org/bufferutil 153ms (cache miss)
823 silly packumentCache full:https://registry.npmjs.org/bufferutil set size:undefined disposed:false
824 silly fetch manifest utf-8-validate@>=5.0.2
825 silly packumentCache full:https://registry.npmjs.org/utf-8-validate cache-miss
826 http fetch GET 200 https://registry.npmjs.org/utf-8-validate 164ms (cache miss)
827 silly packumentCache full:https://registry.npmjs.org/utf-8-validate set size:undefined disposed:false
828 silly placeDep ROOT google-auth-library@10.9.1 OK for: @google/genai@2.18.0 want: ^10.3.0
829 silly placeDep ROOT p-retry@4.6.2 OK for: @google/genai@2.18.0 want: ^4.6.2
830 silly placeDep ROOT protobufjs@7.6.5 OK for: @google/genai@2.18.0 want: ^7.5.4
831 silly placeDep ROOT ws@8.21.3 OK for: @google/genai@2.18.0 want: ^8.18.0
832 silly fetch manifest jws@^4.0.0
833 silly packumentCache full:https://registry.npmjs.org/jws cache-miss
834 silly fetch manifest gaxios@^7.1.4
835 silly packumentCache full:https://registry.npmjs.org/gaxios cache-miss
836 silly fetch manifest base64-js@^1.3.0
837 silly packumentCache full:https://registry.npmjs.org/base64-js cache-hit
838 silly fetch manifest gcp-metadata@8.1.2
839 silly packumentCache full:https://registry.npmjs.org/gcp-metadata cache-miss
840 silly fetch manifest ecdsa-sig-formatter@^1.0.11
841 silly packumentCache full:https://registry.npmjs.org/ecdsa-sig-formatter cache-miss
842 silly fetch manifest google-logging-utils@1.1.3
843 silly packumentCache full:https://registry.npmjs.org/google-logging-utils cache-miss
844 silly fetch manifest retry@^0.13.1
845 silly packumentCache full:https://registry.npmjs.org/retry cache-miss
846 silly fetch manifest @types/retry@0.12.0
847 silly packumentCache full:https://registry.npmjs.org/@types%2fretry cache-miss
848 http fetch GET 200 https://registry.npmjs.org/ecdsa-sig-formatter 198ms (cache miss)
849 silly packumentCache full:https://registry.npmjs.org/ecdsa-sig-formatter set size:undefined disposed:false
850 silly fetch manifest long@^5.3.2
851 silly packumentCache full:https://registry.npmjs.org/long cache-miss
852 http fetch GET 200 https://registry.npmjs.org/gcp-metadata 224ms (cache miss)
853 silly packumentCache full:https://registry.npmjs.org/gcp-metadata set size:undefined disposed:false
854 silly fetch manifest @protobufjs/path@^1.1.2
855 silly packumentCache full:https://registry.npmjs.org/@protobufjs%2fpath cache-miss
856 http fetch GET 200 https://registry.npmjs.org/@types%2fretry 285ms (cache miss)
857 silly packumentCache full:https://registry.npmjs.org/@types%2fretry set size:undefined disposed:false
858 silly fetch manifest @protobufjs/pool@^1.1.0
859 silly packumentCache full:https://registry.npmjs.org/@protobufjs%2fpool cache-miss
860 http fetch GET 200 https://registry.npmjs.org/google-logging-utils 301ms (cache miss)
861 silly packumentCache full:https://registry.npmjs.org/google-logging-utils set size:undefined disposed:false
862 silly fetch manifest @protobufjs/utf8@^1.1.1
863 silly packumentCache full:https://registry.npmjs.org/@protobufjs%2futf8 cache-miss
864 http fetch GET 200 https://registry.npmjs.org/jws 320ms (cache miss)
865 silly packumentCache full:https://registry.npmjs.org/jws set size:undefined disposed:false
866 silly fetch manifest @protobufjs/fetch@^1.1.1
867 silly packumentCache full:https://registry.npmjs.org/@protobufjs%2ffetch cache-miss
868 http fetch GET 200 https://registry.npmjs.org/retry 317ms (cache miss)
869 silly packumentCache full:https://registry.npmjs.org/retry set size:undefined disposed:false
870 silly fetch manifest @protobufjs/float@^1.0.2
871 silly packumentCache full:https://registry.npmjs.org/@protobufjs%2ffloat cache-miss
872 http fetch GET 200 https://registry.npmjs.org/gaxios 379ms (cache miss)
873 silly packumentCache full:https://registry.npmjs.org/gaxios set size:undefined disposed:false
874 silly fetch manifest @protobufjs/base64@^1.1.2
875 silly packumentCache full:https://registry.npmjs.org/@protobufjs%2fbase64 cache-miss
876 http fetch GET 200 https://registry.npmjs.org/long 256ms (cache miss)
877 silly packumentCache full:https://registry.npmjs.org/long set size:undefined disposed:false
878 silly fetch manifest @protobufjs/codegen@^2.0.5
879 silly packumentCache full:https://registry.npmjs.org/@protobufjs%2fcodegen cache-miss
880 http fetch GET 200 https://registry.npmjs.org/@protobufjs%2ffloat 149ms (cache miss)
881 silly packumentCache full:https://registry.npmjs.org/@protobufjs%2ffloat set size:undefined disposed:false
882 silly fetch manifest @protobufjs/aspromise@^1.1.2
883 silly packumentCache full:https://registry.npmjs.org/@protobufjs%2faspromise cache-miss
884 http fetch GET 200 https://registry.npmjs.org/@protobufjs%2ffetch 171ms (cache miss)
885 silly packumentCache full:https://registry.npmjs.org/@protobufjs%2ffetch set size:undefined disposed:false
886 silly fetch manifest @protobufjs/eventemitter@^1.1.1
887 silly packumentCache full:https://registry.npmjs.org/@protobufjs%2feventemitter cache-miss
888 http fetch GET 200 https://registry.npmjs.org/@protobufjs%2feventemitter 201ms (cache miss)
889 silly packumentCache full:https://registry.npmjs.org/@protobufjs%2feventemitter set size:undefined disposed:false
890 http fetch GET 200 https://registry.npmjs.org/@protobufjs%2faspromise 212ms (cache miss)
891 silly packumentCache full:https://registry.npmjs.org/@protobufjs%2faspromise set size:undefined disposed:false
892 http fetch GET 200 https://registry.npmjs.org/@protobufjs%2futf8 397ms (cache miss)
893 silly packumentCache full:https://registry.npmjs.org/@protobufjs%2futf8 set size:undefined disposed:false
894 http fetch GET 200 https://registry.npmjs.org/@protobufjs%2fbase64 308ms (cache miss)
895 silly packumentCache full:https://registry.npmjs.org/@protobufjs%2fbase64 set size:undefined disposed:false
896 http fetch GET 200 https://registry.npmjs.org/@protobufjs%2fpath 540ms (cache miss)
897 silly packumentCache full:https://registry.npmjs.org/@protobufjs%2fpath set size:undefined disposed:false
898 http fetch GET 200 https://registry.npmjs.org/@protobufjs%2fpool 683ms (cache miss)
899 silly packumentCache full:https://registry.npmjs.org/@protobufjs%2fpool set size:undefined disposed:false
900 http fetch GET 200 https://registry.npmjs.org/@protobufjs%2fcodegen 602ms (cache miss)
901 silly packumentCache full:https://registry.npmjs.org/@protobufjs%2fcodegen set size:undefined disposed:false
902 silly placeDep ROOT @ionic/utils-array@2.1.6 OK for: @ionic/utils-subprocess@3.0.1 want: 2.1.6
903 silly placeDep ROOT @ionic/utils-fs@3.1.7 OK for: @ionic/utils-subprocess@3.0.1 want: 3.1.7
904 silly placeDep ROOT @ionic/utils-process@2.1.12 OK for: @ionic/utils-subprocess@3.0.1 want: 2.1.12
905 silly placeDep ROOT @ionic/utils-stream@3.1.7 OK for: @ionic/utils-subprocess@3.0.1 want: 3.1.7
906 silly placeDep ROOT cross-spawn@7.0.6 OK for: @ionic/utils-subprocess@3.0.1 want: ^7.0.3
907 silly fetch manifest @types/fs-extra@^8.0.0
908 silly packumentCache full:https://registry.npmjs.org/@types%2ffs-extra cache-miss
909 silly fetch manifest fs-extra@^9.0.0
910 silly packumentCache full:https://registry.npmjs.org/fs-extra cache-hit
911 silly fetch manifest @ionic/utils-object@2.1.6
912 silly packumentCache full:https://registry.npmjs.org/@ionic%2futils-object cache-miss
913 silly fetch manifest tree-kill@^1.2.2
914 silly packumentCache full:https://registry.npmjs.org/tree-kill cache-miss
915 silly fetch manifest which@^2.0.1
916 silly packumentCache full:https://registry.npmjs.org/which cache-miss
917 silly fetch manifest path-key@^3.1.0
918 silly packumentCache full:https://registry.npmjs.org/path-key cache-miss
919 silly fetch manifest shebang-command@^2.0.0
920 silly packumentCache full:https://registry.npmjs.org/shebang-command cache-miss
921 http fetch GET 200 https://registry.npmjs.org/tree-kill 110ms (cache revalidated)
922 silly packumentCache full:https://registry.npmjs.org/tree-kill set size:24180 disposed:false
923 http fetch GET 200 https://registry.npmjs.org/@types%2ffs-extra 123ms (cache revalidated)
924 silly packumentCache full:https://registry.npmjs.org/@types%2ffs-extra set size:159323 disposed:false
925 http fetch GET 200 https://registry.npmjs.org/which 131ms (cache revalidated)
926 silly packumentCache full:https://registry.npmjs.org/which set size:70087 disposed:false
927 http fetch GET 200 https://registry.npmjs.org/path-key 151ms (cache revalidated)
928 silly packumentCache full:https://registry.npmjs.org/path-key set size:16975 disposed:false
929 http fetch GET 200 https://registry.npmjs.org/shebang-command 148ms (cache revalidated)
930 silly packumentCache full:https://registry.npmjs.org/shebang-command set size:8525 disposed:false
931 http fetch GET 200 https://registry.npmjs.org/@ionic%2futils-object 273ms (cache revalidated)
932 silly packumentCache full:https://registry.npmjs.org/@ionic%2futils-object set size:82526 disposed:false
933 silly placeDep ROOT @types/fs-extra@8.1.5 OK for: @ionic/utils-fs@3.1.7 want: ^8.0.0
934 silly placeDep node_modules/@ionic/utils-fs fs-extra@9.1.0 OK for: @ionic/utils-fs@3.1.7 want: ^9.0.0
935 silly fetch manifest at-least-node@^1.0.0
936 silly packumentCache full:https://registry.npmjs.org/at-least-node cache-miss
937 http fetch GET 200 https://registry.npmjs.org/at-least-node 388ms (cache revalidated)
938 silly packumentCache full:https://registry.npmjs.org/at-least-node set size:4075 disposed:false
939 silly placeDep ROOT @ionic/utils-object@2.1.6 OK for: @ionic/utils-process@2.1.12 want: 2.1.6
940 silly placeDep ROOT signal-exit@3.0.7 OK for: @ionic/utils-process@2.1.12 want: ^3.0.3
941 silly placeDep ROOT tree-kill@1.2.2 OK for: @ionic/utils-process@2.1.12 want: ^1.2.2
942 silly placeDep ROOT @types/slice-ansi@4.0.0 OK for: @ionic/utils-terminal@2.3.5 want: ^4.0.0
943 silly placeDep ROOT slice-ansi@4.0.0 OK for: @ionic/utils-terminal@2.3.5 want: ^4.0.0
944 silly placeDep ROOT string-width@4.2.3 OK for: @ionic/utils-terminal@2.3.5 want: ^4.1.0
945 silly placeDep ROOT strip-ansi@6.0.1 OK for: @ionic/utils-terminal@2.3.5 want: ^6.0.0
946 silly placeDep ROOT untildify@4.0.0 OK for: @ionic/utils-terminal@2.3.5 want: ^4.0.0
947 silly placeDep ROOT wrap-ansi@7.0.0 OK for: @ionic/utils-terminal@2.3.5 want: ^7.0.0
948 silly fetch manifest ansi-styles@^4.0.0
949 silly packumentCache full:https://registry.npmjs.org/ansi-styles cache-miss
950 silly fetch manifest astral-regex@^2.0.0
951 silly packumentCache full:https://registry.npmjs.org/astral-regex cache-miss
952 silly fetch manifest is-fullwidth-code-point@^3.0.0
953 silly packumentCache full:https://registry.npmjs.org/is-fullwidth-code-point cache-miss
954 silly fetch manifest strip-ansi@^6.0.1
955 silly packumentCache full:https://registry.npmjs.org/strip-ansi cache-hit
956 silly fetch manifest emoji-regex@^8.0.0
957 silly packumentCache full:https://registry.npmjs.org/emoji-regex cache-miss
958 silly fetch manifest is-fullwidth-code-point@^3.0.0
959 silly packumentCache full:https://registry.npmjs.org/is-fullwidth-code-point cache-miss
960 silly fetch manifest ansi-regex@^5.0.1
961 silly packumentCache full:https://registry.npmjs.org/ansi-regex cache-miss
962 silly fetch manifest ansi-styles@^4.0.0
963 silly packumentCache full:https://registry.npmjs.org/ansi-styles cache-miss
964 http fetch GET 200 https://registry.npmjs.org/is-fullwidth-code-point 141ms (cache revalidated)
965 silly packumentCache full:https://registry.npmjs.org/is-fullwidth-code-point set size:14578 disposed:false
966 http fetch GET 200 https://registry.npmjs.org/astral-regex 150ms (cache revalidated)
967 silly packumentCache full:https://registry.npmjs.org/astral-regex set size:5602 disposed:false
968 http fetch GET 200 https://registry.npmjs.org/ansi-styles 158ms (cache revalidated)
969 silly packumentCache full:https://registry.npmjs.org/ansi-styles set size:71772 disposed:false
970 http fetch GET 200 https://registry.npmjs.org/emoji-regex 178ms (cache revalidated)
971 silly packumentCache full:https://registry.npmjs.org/emoji-regex set size:89064 disposed:false
972 http fetch GET 200 https://registry.npmjs.org/is-fullwidth-code-point 202ms (cache revalidated)
973 silly packumentCache full:https://registry.npmjs.org/is-fullwidth-code-point set size:14578 disposed:false
974 silly packumentCache full:https://registry.npmjs.org/is-fullwidth-code-point dispose
975 http fetch GET 200 https://registry.npmjs.org/ansi-styles 199ms (cache revalidated)
976 silly packumentCache full:https://registry.npmjs.org/ansi-styles set size:71772 disposed:false
977 silly packumentCache full:https://registry.npmjs.org/ansi-styles dispose
978 http fetch GET 200 https://registry.npmjs.org/ansi-regex 411ms (cache revalidated)
979 silly packumentCache full:https://registry.npmjs.org/ansi-regex set size:48203 disposed:false
980 silly placeDep ROOT @tailwindcss/node@4.3.3 OK for: @tailwindcss/vite@4.3.3 want: 4.3.3
981 silly placeDep ROOT @tailwindcss/oxide@4.3.3 OK for: @tailwindcss/vite@4.3.3 want: 4.3.3
982 silly fetch manifest jiti@^2.7.0
983 silly packumentCache full:https://registry.npmjs.org/jiti cache-miss
984 silly fetch manifest lightningcss@1.32.0
985 silly packumentCache full:https://registry.npmjs.org/lightningcss cache-miss
986 silly fetch manifest magic-string@^0.30.21
987 silly packumentCache full:https://registry.npmjs.org/magic-string cache-miss
988 silly fetch manifest enhanced-resolve@^5.24.1
989 silly packumentCache full:https://registry.npmjs.org/enhanced-resolve cache-miss
990 silly fetch manifest @jridgewell/remapping@^2.3.5
991 silly packumentCache full:https://registry.npmjs.org/@jridgewell%2fremapping cache-miss
992 silly fetch manifest @tailwindcss/oxide-darwin-x64@4.3.3
993 silly packumentCache full:https://registry.npmjs.org/@tailwindcss%2foxide-darwin-x64 cache-miss
994 silly fetch manifest @tailwindcss/oxide-freebsd-x64@4.3.3
995 silly packumentCache full:https://registry.npmjs.org/@tailwindcss%2foxide-freebsd-x64 cache-miss
996 http cache https://registry.npmjs.org/lightningcss 50ms (cache hit)
997 silly packumentCache full:https://registry.npmjs.org/lightningcss set size:191065 disposed:false
998 silly fetch manifest @tailwindcss/oxide-wasm32-wasi@4.3.3
999 silly packumentCache full:https://registry.npmjs.org/@tailwindcss%2foxide-wasm32-wasi cache-miss
1000 http cache https://registry.npmjs.org/jiti 71ms (cache hit)
1001 silly packumentCache full:https://registry.npmjs.org/jiti set size:387989 disposed:false
1002 silly fetch manifest @tailwindcss/oxide-darwin-arm64@4.3.3
1003 silly packumentCache full:https://registry.npmjs.org/@tailwindcss%2foxide-darwin-arm64 cache-miss
1004 http fetch GET 200 https://registry.npmjs.org/magic-string 251ms (cache miss)
1005 silly packumentCache full:https://registry.npmjs.org/magic-string set size:undefined disposed:false
1006 silly fetch manifest @tailwindcss/oxide-android-arm64@4.3.3
1007 silly packumentCache full:https://registry.npmjs.org/@tailwindcss%2foxide-android-arm64 cache-miss
1008 http fetch GET 200 https://registry.npmjs.org/@jridgewell%2fremapping 347ms (cache miss)
1009 silly packumentCache full:https://registry.npmjs.org/@jridgewell%2fremapping set size:undefined disposed:false
1010 silly fetch manifest @tailwindcss/oxide-linux-x64-gnu@4.3.3
1011 silly packumentCache full:https://registry.npmjs.org/@tailwindcss%2foxide-linux-x64-gnu cache-miss
1012 http fetch GET 200 https://registry.npmjs.org/enhanced-resolve 383ms (cache miss)
1013 silly packumentCache full:https://registry.npmjs.org/enhanced-resolve set size:undefined disposed:false
1014 silly fetch manifest @tailwindcss/oxide-linux-x64-musl@4.3.3
1015 silly packumentCache full:https://registry.npmjs.org/@tailwindcss%2foxide-linux-x64-musl cache-miss
1016 http fetch GET 200 https://registry.npmjs.org/@tailwindcss%2foxide-freebsd-x64 1728ms (cache miss)
1017 silly packumentCache full:https://registry.npmjs.org/@tailwindcss%2foxide-freebsd-x64 set size:undefined disposed:false
1018 silly fetch manifest @tailwindcss/oxide-win32-x64-msvc@4.3.3
1019 silly packumentCache full:https://registry.npmjs.org/@tailwindcss%2foxide-win32-x64-msvc cache-miss
1020 http fetch GET 200 https://registry.npmjs.org/@tailwindcss%2foxide-wasm32-wasi 1824ms (cache miss)
1021 silly packumentCache full:https://registry.npmjs.org/@tailwindcss%2foxide-wasm32-wasi set size:undefined disposed:false
1022 silly fetch manifest @tailwindcss/oxide-linux-arm64-gnu@4.3.3
1023 silly packumentCache full:https://registry.npmjs.org/@tailwindcss%2foxide-linux-arm64-gnu cache-miss
1024 http fetch GET 200 https://registry.npmjs.org/@tailwindcss%2foxide-android-arm64 1690ms (cache miss)
1025 silly packumentCache full:https://registry.npmjs.org/@tailwindcss%2foxide-android-arm64 set size:undefined disposed:false
1026 silly fetch manifest @tailwindcss/oxide-linux-arm64-musl@4.3.3
1027 silly packumentCache full:https://registry.npmjs.org/@tailwindcss%2foxide-linux-arm64-musl cache-miss
1028 http fetch GET 200 https://registry.npmjs.org/@tailwindcss%2foxide-linux-arm64-gnu 1659ms (cache miss)
1029 silly packumentCache full:https://registry.npmjs.org/@tailwindcss%2foxide-linux-arm64-gnu set size:undefined disposed:false
1030 silly fetch manifest @tailwindcss/oxide-win32-arm64-msvc@4.3.3
1031 silly packumentCache full:https://registry.npmjs.org/@tailwindcss%2foxide-win32-arm64-msvc cache-miss
1032 http fetch GET 200 https://registry.npmjs.org/@tailwindcss%2foxide-darwin-arm64 3707ms (cache miss)
1033 silly packumentCache full:https://registry.npmjs.org/@tailwindcss%2foxide-darwin-arm64 set size:undefined disposed:false
1034 silly fetch manifest @tailwindcss/oxide-linux-arm-gnueabihf@4.3.3
1035 silly packumentCache full:https://registry.npmjs.org/@tailwindcss%2foxide-linux-arm-gnueabihf cache-miss
1036 http fetch GET 200 https://registry.npmjs.org/@tailwindcss%2foxide-win32-x64-msvc 2884ms (cache miss)
1037 silly packumentCache full:https://registry.npmjs.org/@tailwindcss%2foxide-win32-x64-msvc set size:undefined disposed:false
1038 http fetch GET 200 https://registry.npmjs.org/@tailwindcss%2foxide-win32-arm64-msvc 1076ms (cache miss)
1039 silly packumentCache full:https://registry.npmjs.org/@tailwindcss%2foxide-win32-arm64-msvc set size:undefined disposed:false
1040 http fetch GET 200 https://registry.npmjs.org/@tailwindcss%2foxide-linux-arm64-musl 3712ms (cache miss)
1041 silly packumentCache full:https://registry.npmjs.org/@tailwindcss%2foxide-linux-arm64-musl set size:undefined disposed:false
1042 http fetch GET 200 https://registry.npmjs.org/@tailwindcss%2foxide-linux-x64-musl 6052ms (cache miss)
1043 silly packumentCache full:https://registry.npmjs.org/@tailwindcss%2foxide-linux-x64-musl set size:undefined disposed:false
1044 http fetch GET 200 https://registry.npmjs.org/@tailwindcss%2foxide-linux-arm-gnueabihf 3129ms (cache miss)
1045 silly packumentCache full:https://registry.npmjs.org/@tailwindcss%2foxide-linux-arm-gnueabihf set size:undefined disposed:false
1046 http fetch GET 200 https://registry.npmjs.org/@tailwindcss%2foxide-linux-x64-gnu 8433ms (cache miss)
1047 silly packumentCache full:https://registry.npmjs.org/@tailwindcss%2foxide-linux-x64-gnu set size:undefined disposed:false
1048 http fetch GET 200 https://registry.npmjs.org/@tailwindcss%2foxide-darwin-x64 9351ms (cache miss)
1049 silly packumentCache full:https://registry.npmjs.org/@tailwindcss%2foxide-darwin-x64 set size:undefined disposed:false
1050 silly placeDep ROOT @jridgewell/remapping@2.3.5 OK for: @tailwindcss/node@4.3.3 want: ^2.3.5
1051 silly placeDep ROOT enhanced-resolve@5.24.5 OK for: @tailwindcss/node@4.3.3 want: ^5.24.1
1052 silly placeDep ROOT jiti@2.7.0 OK for: @tailwindcss/node@4.3.3 want: ^2.7.0
1053 silly placeDep ROOT lightningcss@1.32.0 OK for: @tailwindcss/node@4.3.3 want: 1.32.0
1054 silly placeDep ROOT magic-string@0.30.21 OK for: @tailwindcss/node@4.3.3 want: ^0.30.21
1055 silly placeDep ROOT source-map-js@1.2.1 OK for: @tailwindcss/node@4.3.3 want: ^1.2.1
1056 silly fetch manifest @jridgewell/gen-mapping@^0.3.5
1057 silly packumentCache full:https://registry.npmjs.org/@jridgewell%2fgen-mapping cache-miss
1058 silly fetch manifest @jridgewell/trace-mapping@^0.3.24
1059 silly packumentCache full:https://registry.npmjs.org/@jridgewell%2ftrace-mapping cache-miss
1060 silly fetch manifest tapable@^2.3.3
1061 silly packumentCache full:https://registry.npmjs.org/tapable cache-miss
1062 silly fetch manifest graceful-fs@^4.2.4
1063 silly packumentCache full:https://registry.npmjs.org/graceful-fs cache-hit
1064 silly fetch manifest detect-libc@^2.0.3
1065 silly packumentCache full:https://registry.npmjs.org/detect-libc cache-miss
1066 silly fetch manifest lightningcss-darwin-x64@1.32.0
1067 silly packumentCache full:https://registry.npmjs.org/lightningcss-darwin-x64 cache-miss
1068 silly fetch manifest lightningcss-freebsd-x64@1.32.0
1069 silly packumentCache full:https://registry.npmjs.org/lightningcss-freebsd-x64 cache-miss
1070 silly fetch manifest lightningcss-darwin-arm64@1.32.0
1071 silly packumentCache full:https://registry.npmjs.org/lightningcss-darwin-arm64 cache-miss
1072 http fetch GET 200 https://registry.npmjs.org/detect-libc 159ms (cache miss)
1073 silly packumentCache full:https://registry.npmjs.org/detect-libc set size:undefined disposed:false
1074 silly fetch manifest lightningcss-android-arm64@1.32.0
1075 silly packumentCache full:https://registry.npmjs.org/lightningcss-android-arm64 cache-miss
1076 http fetch GET 200 https://registry.npmjs.org/lightningcss-freebsd-x64 166ms (cache miss)
1077 silly packumentCache full:https://registry.npmjs.org/lightningcss-freebsd-x64 set size:undefined disposed:false
1078 silly fetch manifest lightningcss-linux-x64-gnu@1.32.0
1079 silly packumentCache full:https://registry.npmjs.org/lightningcss-linux-x64-gnu cache-miss
1080 http fetch GET 200 https://registry.npmjs.org/lightningcss-darwin-arm64 193ms (cache miss)
1081 silly packumentCache full:https://registry.npmjs.org/lightningcss-darwin-arm64 set size:undefined disposed:false
1082 silly fetch manifest lightningcss-linux-x64-musl@1.32.0
1083 silly packumentCache full:https://registry.npmjs.org/lightningcss-linux-x64-musl cache-miss
1084 http fetch GET 200 https://registry.npmjs.org/lightningcss-darwin-x64 305ms (cache miss)
1085 silly packumentCache full:https://registry.npmjs.org/lightningcss-darwin-x64 set size:undefined disposed:false
1086 silly fetch manifest lightningcss-win32-x64-msvc@1.32.0
1087 silly packumentCache full:https://registry.npmjs.org/lightningcss-win32-x64-msvc cache-miss
1088 http fetch GET 200 https://registry.npmjs.org/lightningcss-android-arm64 162ms (cache miss)
1089 silly packumentCache full:https://registry.npmjs.org/lightningcss-android-arm64 set size:undefined disposed:false
1090 silly fetch manifest lightningcss-linux-arm64-gnu@1.32.0
1091 silly packumentCache full:https://registry.npmjs.org/lightningcss-linux-arm64-gnu cache-miss
1092 http fetch GET 200 https://registry.npmjs.org/tapable 387ms (cache miss)
1093 silly packumentCache full:https://registry.npmjs.org/tapable set size:undefined disposed:false
1094 silly fetch manifest lightningcss-linux-arm64-musl@1.32.0
1095 silly packumentCache full:https://registry.npmjs.org/lightningcss-linux-arm64-musl cache-miss
1096 http fetch GET 200 https://registry.npmjs.org/@jridgewell%2fgen-mapping 416ms (cache miss)
1097 silly packumentCache full:https://registry.npmjs.org/@jridgewell%2fgen-mapping set size:undefined disposed:false
1098 silly fetch manifest lightningcss-win32-arm64-msvc@1.32.0
1099 silly packumentCache full:https://registry.npmjs.org/lightningcss-win32-arm64-msvc cache-miss
1100 http fetch GET 200 https://registry.npmjs.org/@jridgewell%2ftrace-mapping 612ms (cache miss)
1101 silly packumentCache full:https://registry.npmjs.org/@jridgewell%2ftrace-mapping set size:undefined disposed:false
1102 silly fetch manifest lightningcss-linux-arm-gnueabihf@1.32.0
1103 silly packumentCache full:https://registry.npmjs.org/lightningcss-linux-arm-gnueabihf cache-miss
1104 http fetch GET 200 https://registry.npmjs.org/lightningcss-win32-x64-msvc 322ms (cache miss)
1105 silly packumentCache full:https://registry.npmjs.org/lightningcss-win32-x64-msvc set size:undefined disposed:false
1106 silly fetch manifest @jridgewell/sourcemap-codec@^1.5.5
1107 silly packumentCache full:https://registry.npmjs.org/@jridgewell%2fsourcemap-codec cache-miss
1108 http fetch GET 200 https://registry.npmjs.org/lightningcss-linux-x64-gnu 496ms (cache miss)
1109 silly packumentCache full:https://registry.npmjs.org/lightningcss-linux-x64-gnu set size:undefined disposed:false
1110 http fetch GET 200 https://registry.npmjs.org/lightningcss-linux-x64-musl 470ms (cache miss)
1111 silly packumentCache full:https://registry.npmjs.org/lightningcss-linux-x64-musl set size:undefined disposed:false
1112 http fetch GET 200 https://registry.npmjs.org/lightningcss-linux-arm64-musl 292ms (cache miss)
1113 silly packumentCache full:https://registry.npmjs.org/lightningcss-linux-arm64-musl set size:undefined disposed:false
1114 http fetch GET 200 https://registry.npmjs.org/lightningcss-win32-arm64-msvc 278ms (cache miss)
1115 silly packumentCache full:https://registry.npmjs.org/lightningcss-win32-arm64-msvc set size:undefined disposed:false
1116 http fetch GET 200 https://registry.npmjs.org/lightningcss-linux-arm64-gnu 369ms (cache miss)
1117 silly packumentCache full:https://registry.npmjs.org/lightningcss-linux-arm64-gnu set size:undefined disposed:false
1118 http fetch GET 200 https://registry.npmjs.org/@jridgewell%2fsourcemap-codec 159ms (cache miss)
1119 silly packumentCache full:https://registry.npmjs.org/@jridgewell%2fsourcemap-codec set size:undefined disposed:false
1120 http fetch GET 200 https://registry.npmjs.org/lightningcss-linux-arm-gnueabihf 271ms (cache miss)
1121 silly packumentCache full:https://registry.npmjs.org/lightningcss-linux-arm-gnueabihf set size:undefined disposed:false
1122 silly placeDep ROOT @jridgewell/gen-mapping@0.3.13 OK for: @jridgewell/remapping@2.3.5 want: ^0.3.5
1123 silly placeDep ROOT @jridgewell/trace-mapping@0.3.31 OK for: @jridgewell/remapping@2.3.5 want: ^0.3.24
1124 silly fetch manifest @jridgewell/sourcemap-codec@^1.5.0
1125 silly packumentCache full:https://registry.npmjs.org/@jridgewell%2fsourcemap-codec cache-miss
1126 silly fetch manifest @jridgewell/resolve-uri@^3.1.0
1127 silly packumentCache full:https://registry.npmjs.org/@jridgewell%2fresolve-uri cache-miss
1128 silly fetch manifest @jridgewell/sourcemap-codec@^1.4.14
1129 silly packumentCache full:https://registry.npmjs.org/@jridgewell%2fsourcemap-codec cache-miss
1130 http cache https://registry.npmjs.org/@jridgewell%2fsourcemap-codec 27ms (cache hit)
1131 silly packumentCache full:https://registry.npmjs.org/@jridgewell%2fsourcemap-codec set size:51856 disposed:false
1132 http cache https://registry.npmjs.org/@jridgewell%2fsourcemap-codec 37ms (cache hit)
1133 silly packumentCache full:https://registry.npmjs.org/@jridgewell%2fsourcemap-codec set size:51856 disposed:false
1134 silly packumentCache full:https://registry.npmjs.org/@jridgewell%2fsourcemap-codec dispose
1135 http fetch GET 200 https://registry.npmjs.org/@jridgewell%2fresolve-uri 334ms (cache miss)
1136 silly packumentCache full:https://registry.npmjs.org/@jridgewell%2fresolve-uri set size:undefined disposed:false
1137 silly placeDep ROOT @jridgewell/sourcemap-codec@1.5.5 OK for: @jridgewell/gen-mapping@0.3.13 want: ^1.5.0
1138 silly placeDep ROOT @jridgewell/resolve-uri@3.1.2 OK for: @jridgewell/trace-mapping@0.3.31 want: ^3.1.0
1139 silly placeDep ROOT @tailwindcss/oxide-android-arm64@4.3.3 OK for: @tailwindcss/oxide@4.3.3 want: 4.3.3
1140 silly placeDep ROOT @tailwindcss/oxide-darwin-arm64@4.3.3 OK for: @tailwindcss/oxide@4.3.3 want: 4.3.3
1141 silly placeDep ROOT @tailwindcss/oxide-darwin-x64@4.3.3 OK for: @tailwindcss/oxide@4.3.3 want: 4.3.3
1142 silly placeDep ROOT @tailwindcss/oxide-freebsd-x64@4.3.3 OK for: @tailwindcss/oxide@4.3.3 want: 4.3.3
1143 silly placeDep ROOT @tailwindcss/oxide-linux-arm-gnueabihf@4.3.3 OK for: @tailwindcss/oxide@4.3.3 want: 4.3.3
1144 silly placeDep ROOT @tailwindcss/oxide-linux-arm64-gnu@4.3.3 OK for: @tailwindcss/oxide@4.3.3 want: 4.3.3
1145 silly placeDep ROOT @tailwindcss/oxide-linux-arm64-musl@4.3.3 OK for: @tailwindcss/oxide@4.3.3 want: 4.3.3
1146 silly placeDep ROOT @tailwindcss/oxide-linux-x64-gnu@4.3.3 OK for: @tailwindcss/oxide@4.3.3 want: 4.3.3
1147 silly placeDep ROOT @tailwindcss/oxide-linux-x64-musl@4.3.3 OK for: @tailwindcss/oxide@4.3.3 want: 4.3.3
1148 silly placeDep ROOT @tailwindcss/oxide-wasm32-wasi@4.3.3 OK for: @tailwindcss/oxide@4.3.3 want: 4.3.3
1149 silly placeDep ROOT @tailwindcss/oxide-win32-arm64-msvc@4.3.3 OK for: @tailwindcss/oxide@4.3.3 want: 4.3.3
1150 silly placeDep ROOT @tailwindcss/oxide-win32-x64-msvc@4.3.3 OK for: @tailwindcss/oxide@4.3.3 want: 4.3.3
1151 silly placeDep ROOT @types/body-parser@1.19.6 OK for: @types/express@4.17.25 want: *
1152 silly placeDep ROOT @types/express-serve-static-core@4.19.9 OK for: @types/express@4.17.25 want: ^4.17.33
1153 silly placeDep ROOT @types/qs@6.15.1 OK for: @types/express@4.17.25 want: *
1154 silly placeDep ROOT @types/serve-static@1.15.10 OK for: @types/express@4.17.25 want: ^1
1155 silly fetch manifest @types/connect@*
1156 silly packumentCache full:https://registry.npmjs.org/@types%2fconnect cache-miss
1157 silly fetch manifest @types/send@*
1158 silly packumentCache full:https://registry.npmjs.org/@types%2fsend cache-miss
1159 silly fetch manifest @types/range-parser@*
1160 silly packumentCache full:https://registry.npmjs.org/@types%2frange-parser cache-miss
1161 silly fetch manifest @types/send@<1
1162 silly packumentCache full:https://registry.npmjs.org/@types%2fsend cache-miss
1163 silly fetch manifest @types/http-errors@*
1164 silly packumentCache full:https://registry.npmjs.org/@types%2fhttp-errors cache-miss
1165 http fetch GET 200 https://registry.npmjs.org/@types%2fsend 146ms (cache miss)
1166 silly packumentCache full:https://registry.npmjs.org/@types%2fsend set size:undefined disposed:false
1167 http fetch GET 200 https://registry.npmjs.org/@types%2fconnect 159ms (cache miss)
1168 silly packumentCache full:https://registry.npmjs.org/@types%2fconnect set size:undefined disposed:false
1169 http fetch GET 200 https://registry.npmjs.org/@types%2frange-parser 162ms (cache miss)
1170 silly packumentCache full:https://registry.npmjs.org/@types%2frange-parser set size:undefined disposed:false
1171 http fetch GET 200 https://registry.npmjs.org/@types%2fsend 606ms (cache miss)
1172 silly packumentCache full:https://registry.npmjs.org/@types%2fsend set size:undefined disposed:false
1173 http fetch GET 200 https://registry.npmjs.org/@types%2fhttp-errors 613ms (cache miss)
1174 silly packumentCache full:https://registry.npmjs.org/@types%2fhttp-errors set size:undefined disposed:false
1175 silly placeDep ROOT @types/connect@3.4.38 OK for: @types/body-parser@1.19.6 want: *
1176 silly placeDep ROOT @types/range-parser@1.2.7 OK for: @types/express-serve-static-core@4.19.9 want: *
1177 silly placeDep ROOT @types/send@1.2.1 OK for: @types/express-serve-static-core@4.19.9 want: *
1178 silly placeDep ROOT undici-types@6.21.0 OK for: @types/node@22.20.1 want: ~6.21.0
1179 silly placeDep ROOT @types/http-errors@2.0.5 OK for: @types/serve-static@1.15.10 want: *
1180 silly placeDep node_modules/@types/serve-static @types/send@0.17.6 OK for: @types/serve-static@1.15.10 want: <1
1181 silly fetch manifest @types/mime@^1
1182 silly packumentCache full:https://registry.npmjs.org/@types%2fmime cache-miss
1183 http fetch GET 200 https://registry.npmjs.org/@types%2fmime 642ms (cache miss)
1184 silly packumentCache full:https://registry.npmjs.org/@types%2fmime set size:undefined disposed:false
1185 silly placeDep ROOT @babel/core@7.29.7 OK for: @vitejs/plugin-react@5.2.0 want: ^7.29.0
1186 silly placeDep ROOT @babel/plugin-transform-react-jsx-self@7.29.7 OK for: @vitejs/plugin-react@5.2.0 want: ^7.27.1
1187 silly placeDep ROOT @babel/plugin-transform-react-jsx-source@7.29.7 OK for: @vitejs/plugin-react@5.2.0 want: ^7.27.1
1188 silly placeDep ROOT @rolldown/pluginutils@1.0.0-rc.3 OK for: @vitejs/plugin-react@5.2.0 want: 1.0.0-rc.3
1189 silly placeDep ROOT @types/babel__core@7.20.5 OK for: @vitejs/plugin-react@5.2.0 want: ^7.20.5
1190 silly placeDep ROOT react-refresh@0.18.0 OK for: @vitejs/plugin-react@5.2.0 want: ^0.18.0
1191 silly fetch manifest json5@^2.2.3
1192 silly packumentCache full:https://registry.npmjs.org/json5 cache-miss
1193 silly fetch manifest semver@^6.3.1
1194 silly packumentCache full:https://registry.npmjs.org/semver cache-hit
1195 silly fetch manifest gensync@^1.0.0-beta.2
1196 silly packumentCache full:https://registry.npmjs.org/gensync cache-miss
1197 silly fetch manifest @babel/types@^7.29.7
1198 silly packumentCache full:https://registry.npmjs.org/@babel%2ftypes cache-miss
1199 silly fetch manifest @babel/parser@^7.29.7
1200 silly packumentCache full:https://registry.npmjs.org/@babel%2fparser cache-miss
1201 silly fetch manifest @babel/helpers@^7.29.7
1202 silly packumentCache full:https://registry.npmjs.org/@babel%2fhelpers cache-miss
1203 silly fetch manifest @babel/template@^7.29.7
1204 silly packumentCache full:https://registry.npmjs.org/@babel%2ftemplate cache-miss
1205 silly fetch manifest @babel/traverse@^7.29.7
1206 silly packumentCache full:https://registry.npmjs.org/@babel%2ftraverse cache-miss
1207 http fetch GET 200 https://registry.npmjs.org/gensync 122ms (cache miss)
1208 silly packumentCache full:https://registry.npmjs.org/gensync set size:undefined disposed:false
1209 silly fetch manifest @babel/generator@^7.29.7
1210 silly packumentCache full:https://registry.npmjs.org/@babel%2fgenerator cache-miss
1211 http fetch GET 200 https://registry.npmjs.org/@babel%2ftemplate 504ms (cache miss)
1212 silly packumentCache full:https://registry.npmjs.org/@babel%2ftemplate set size:undefined disposed:false
1213 silly fetch manifest @babel/code-frame@^7.29.7
1214 silly packumentCache full:https://registry.npmjs.org/@babel%2fcode-frame cache-miss
1215 http fetch GET 200 https://registry.npmjs.org/@babel%2fhelpers 565ms (cache miss)
1216 silly packumentCache full:https://registry.npmjs.org/@babel%2fhelpers set size:undefined disposed:false
1217 silly fetch manifest convert-source-map@^2.0.0
1218 silly packumentCache full:https://registry.npmjs.org/convert-source-map cache-miss
1219 http fetch GET 200 https://registry.npmjs.org/@babel%2ftraverse 610ms (cache miss)
1220 silly packumentCache full:https://registry.npmjs.org/@babel%2ftraverse set size:undefined disposed:false
1221 silly fetch manifest @babel/helper-module-transforms@^7.29.7
1222 silly packumentCache full:https://registry.npmjs.org/@babel%2fhelper-module-transforms cache-miss
1223 http fetch GET 200 https://registry.npmjs.org/json5 717ms (cache miss)
1224 silly packumentCache full:https://registry.npmjs.org/json5 set size:undefined disposed:false
1225 silly fetch manifest @babel/helper-compilation-targets@^7.29.7
1226 silly packumentCache full:https://registry.npmjs.org/@babel%2fhelper-compilation-targets cache-miss
1227 http fetch GET 200 https://registry.npmjs.org/convert-source-map 260ms (cache miss)
1228 silly packumentCache full:https://registry.npmjs.org/convert-source-map set size:undefined disposed:false
1229 silly fetch manifest @babel/helper-plugin-utils@^7.29.7
1230 silly packumentCache full:https://registry.npmjs.org/@babel%2fhelper-plugin-utils cache-miss
1231 http fetch GET 200 https://registry.npmjs.org/@babel%2fcode-frame 480ms (cache miss)
1232 silly packumentCache full:https://registry.npmjs.org/@babel%2fcode-frame set size:undefined disposed:false
1233 silly fetch manifest @babel/helper-plugin-utils@^7.29.7
1234 silly packumentCache full:https://registry.npmjs.org/@babel%2fhelper-plugin-utils cache-miss
1235 http fetch GET 200 https://registry.npmjs.org/@babel%2fhelper-module-transforms 426ms (cache miss)
1236 silly packumentCache full:https://registry.npmjs.org/@babel%2fhelper-module-transforms set size:undefined disposed:false
1237 silly fetch manifest @babel/types@^7.20.7
1238 silly packumentCache full:https://registry.npmjs.org/@babel%2ftypes cache-miss
1239 http fetch GET 200 https://registry.npmjs.org/@babel%2fgenerator 1027ms (cache miss)
1240 silly packumentCache full:https://registry.npmjs.org/@babel%2fgenerator set size:undefined disposed:false
1241 silly fetch manifest @babel/parser@^7.20.7
1242 silly packumentCache full:https://registry.npmjs.org/@babel%2fparser cache-miss
1243 http fetch GET 200 https://registry.npmjs.org/@babel%2fhelper-plugin-utils 518ms (cache miss)
1244 silly packumentCache full:https://registry.npmjs.org/@babel%2fhelper-plugin-utils set size:undefined disposed:false
1245 silly fetch manifest @types/babel__template@*
1246 silly packumentCache full:https://registry.npmjs.org/@types%2fbabel__template cache-miss
1247 http fetch GET 200 https://registry.npmjs.org/@babel%2fhelper-plugin-utils 392ms (cache miss)
1248 silly packumentCache full:https://registry.npmjs.org/@babel%2fhelper-plugin-utils set size:undefined disposed:false
1249 silly fetch manifest @types/babel__traverse@*
1250 silly packumentCache full:https://registry.npmjs.org/@types%2fbabel__traverse cache-miss
1251 http fetch GET 200 https://registry.npmjs.org/@types%2fbabel__template 151ms (cache miss)
1252 silly packumentCache full:https://registry.npmjs.org/@types%2fbabel__template set size:undefined disposed:false
1253 silly fetch manifest @types/babel__generator@*
1254 silly packumentCache full:https://registry.npmjs.org/@types%2fbabel__generator cache-miss
1255 http fetch GET 200 https://registry.npmjs.org/@babel%2fhelper-compilation-targets 860ms (cache miss)
1256 silly packumentCache full:https://registry.npmjs.org/@babel%2fhelper-compilation-targets set size:undefined disposed:false
1257 http fetch GET 200 https://registry.npmjs.org/@types%2fbabel__generator 220ms (cache miss)
1258 silly packumentCache full:https://registry.npmjs.org/@types%2fbabel__generator set size:undefined disposed:false
1259 http fetch GET 200 https://registry.npmjs.org/@types%2fbabel__traverse 353ms (cache miss)
1260 silly packumentCache full:https://registry.npmjs.org/@types%2fbabel__traverse set size:undefined disposed:false
1261 http fetch GET 200 https://registry.npmjs.org/@babel%2ftypes 1826ms (cache miss)
1262 silly packumentCache full:https://registry.npmjs.org/@babel%2ftypes set size:undefined disposed:false
1263 http fetch GET 200 https://registry.npmjs.org/@babel%2ftypes 735ms (cache miss)
1264 silly packumentCache full:https://registry.npmjs.org/@babel%2ftypes set size:undefined disposed:false
1265 http fetch GET 200 https://registry.npmjs.org/@babel%2fparser 865ms (cache miss)
1266 silly packumentCache full:https://registry.npmjs.org/@babel%2fparser set size:undefined disposed:false
1267 http fetch GET 200 https://registry.npmjs.org/@babel%2fparser 2108ms (cache miss)
1268 silly packumentCache full:https://registry.npmjs.org/@babel%2fparser set size:undefined disposed:false
1269 silly fetch manifest @babel/core@^7.0.0
1270 silly packumentCache full:https://registry.npmjs.org/@babel%2fcore cache-miss
1271 http cache https://registry.npmjs.org/@babel%2fcore 26ms (cache hit)
1272 silly packumentCache full:https://registry.npmjs.org/@babel%2fcore set size:788273 disposed:false
1273 silly placeDep ROOT @babel/code-frame@7.29.7 OK for: @babel/core@7.29.7 want: ^7.29.7
1274 silly placeDep ROOT @babel/generator@7.29.8 OK for: @babel/core@7.29.7 want: ^7.29.7
1275 silly placeDep ROOT @babel/helper-compilation-targets@7.29.7 OK for: @babel/core@7.29.7 want: ^7.29.7
1276 silly placeDep ROOT @babel/helper-module-transforms@7.29.7 OK for: @babel/core@7.29.7 want: ^7.29.7
1277 silly placeDep ROOT @babel/helpers@7.29.7 OK for: @babel/core@7.29.7 want: ^7.29.7
1278 silly placeDep ROOT @babel/parser@7.29.8 OK for: @babel/core@7.29.7 want: ^7.29.7
1279 silly placeDep ROOT @babel/template@7.29.7 OK for: @babel/core@7.29.7 want: ^7.29.7
1280 silly placeDep ROOT @babel/traverse@7.29.8 OK for: @babel/core@7.29.7 want: ^7.29.7
1281 silly placeDep ROOT @babel/types@7.29.8 OK for: @babel/core@7.29.7 want: ^7.29.7
1282 silly placeDep ROOT convert-source-map@2.0.0 OK for: @babel/core@7.29.7 want: ^2.0.0
1283 silly placeDep ROOT gensync@1.0.0-beta.2 OK for: @babel/core@7.29.7 want: ^1.0.0-beta.2
1284 silly placeDep ROOT json5@2.2.3 OK for: @babel/core@7.29.7 want: ^2.2.3
1285 silly placeDep node_modules/@babel/core semver@6.3.1 OK for: @babel/core@7.29.7 want: ^6.3.1
1286 silly fetch manifest js-tokens@^4.0.0
1287 silly packumentCache full:https://registry.npmjs.org/js-tokens cache-miss
1288 silly fetch manifest @babel/helper-validator-identifier@^7.29.7
1289 silly packumentCache full:https://registry.npmjs.org/@babel%2fhelper-validator-identifier cache-miss
1290 silly fetch manifest jsesc@^3.0.2
1291 silly packumentCache full:https://registry.npmjs.org/jsesc cache-miss
1292 silly fetch manifest @babel/types@^7.29.8
1293 silly packumentCache full:https://registry.npmjs.org/@babel%2ftypes cache-miss
1294 silly fetch manifest @babel/parser@^7.29.8
1295 silly packumentCache full:https://registry.npmjs.org/@babel%2fparser cache-miss
1296 silly fetch manifest lru-cache@^5.1.1
1297 silly packumentCache full:https://registry.npmjs.org/lru-cache cache-miss
1298 silly fetch manifest browserslist@^4.24.0
1299 silly packumentCache full:https://registry.npmjs.org/browserslist cache-miss
1300 http cache https://registry.npmjs.org/@babel%2ftypes 45ms (cache hit)
1301 silly packumentCache full:https://registry.npmjs.org/@babel%2ftypes set size:502938 disposed:false
1302 silly fetch manifest @babel/compat-data@^7.29.7
1303 silly packumentCache full:https://registry.npmjs.org/@babel%2fcompat-data cache-miss
1304 http cache https://registry.npmjs.org/browserslist 65ms (cache hit)
1305 silly packumentCache full:https://registry.npmjs.org/browserslist set size:518659 disposed:false
1306 silly fetch manifest @babel/helper-validator-option@^7.29.7
1307 silly packumentCache full:https://registry.npmjs.org/@babel%2fhelper-validator-option cache-miss
1308 http cache https://registry.npmjs.org/@babel%2fparser 108ms (cache hit)
1309 silly packumentCache full:https://registry.npmjs.org/@babel%2fparser set size:737961 disposed:false
1310 silly fetch manifest @babel/helper-module-imports@^7.29.7
1311 silly packumentCache full:https://registry.npmjs.org/@babel%2fhelper-module-imports cache-miss
1312 http fetch GET 200 https://registry.npmjs.org/js-tokens 197ms (cache miss)
1313 silly packumentCache full:https://registry.npmjs.org/js-tokens set size:undefined disposed:false
1314 silly fetch manifest @babel/helper-validator-identifier@^7.29.7
1315 silly packumentCache full:https://registry.npmjs.org/@babel%2fhelper-validator-identifier cache-miss
1316 http fetch GET 200 https://registry.npmjs.org/jsesc 206ms (cache miss)
1317 silly packumentCache full:https://registry.npmjs.org/jsesc set size:undefined disposed:false
1318 silly fetch manifest @babel/helper-globals@^7.29.7
1319 silly packumentCache full:https://registry.npmjs.org/@babel%2fhelper-globals cache-miss
1320 http fetch GET 200 https://registry.npmjs.org/@babel%2fhelper-validator-option 329ms (cache miss)
1321 silly packumentCache full:https://registry.npmjs.org/@babel%2fhelper-validator-option set size:undefined disposed:false
1322 silly fetch manifest @babel/helper-string-parser@^7.29.7
1323 silly packumentCache full:https://registry.npmjs.org/@babel%2fhelper-string-parser cache-miss
1324 http fetch GET 200 https://registry.npmjs.org/@babel%2fhelper-globals 240ms (cache miss)
1325 silly packumentCache full:https://registry.npmjs.org/@babel%2fhelper-globals set size:undefined disposed:false
1326 silly fetch manifest @babel/helper-validator-identifier@^7.29.7
1327 silly packumentCache full:https://registry.npmjs.org/@babel%2fhelper-validator-identifier cache-miss
1328 http fetch GET 200 https://registry.npmjs.org/lru-cache 487ms (cache revalidated)
1329 silly packumentCache full:https://registry.npmjs.org/lru-cache set size:460407 disposed:false
1330 http fetch GET 200 https://registry.npmjs.org/@babel%2fhelper-module-imports 379ms (cache miss)
1331 silly packumentCache full:https://registry.npmjs.org/@babel%2fhelper-module-imports set size:undefined disposed:false
1332 http fetch GET 200 https://registry.npmjs.org/@babel%2fhelper-validator-identifier 696ms (cache miss)
1333 silly packumentCache full:https://registry.npmjs.org/@babel%2fhelper-validator-identifier set size:undefined disposed:false
1334 http fetch GET 200 https://registry.npmjs.org/@babel%2fhelper-validator-identifier 246ms (cache miss)
1335 silly packumentCache full:https://registry.npmjs.org/@babel%2fhelper-validator-identifier set size:undefined disposed:false
1336 http fetch GET 200 https://registry.npmjs.org/@babel%2fhelper-string-parser 270ms (cache miss)
1337 silly packumentCache full:https://registry.npmjs.org/@babel%2fhelper-string-parser set size:undefined disposed:false
1338 http fetch GET 200 https://registry.npmjs.org/@babel%2fhelper-validator-identifier 540ms (cache miss)
1339 silly packumentCache full:https://registry.npmjs.org/@babel%2fhelper-validator-identifier set size:undefined disposed:false
1340 http fetch GET 200 https://registry.npmjs.org/@babel%2fcompat-data 811ms (cache miss)
1341 silly packumentCache full:https://registry.npmjs.org/@babel%2fcompat-data set size:undefined disposed:false
1342 silly placeDep ROOT @babel/helper-validator-identifier@7.29.7 OK for: @babel/code-frame@7.29.7 want: ^7.29.7
1343 silly placeDep ROOT js-tokens@4.0.0 OK for: @babel/code-frame@7.29.7 want: ^4.0.0
1344 silly placeDep ROOT picocolors@1.1.1 OK for: @babel/code-frame@7.29.7 want: ^1.1.1
1345 silly placeDep ROOT jsesc@3.1.0 OK for: @babel/generator@7.29.8 want: ^3.0.2
1346 silly placeDep ROOT @babel/compat-data@7.29.7 OK for: @babel/helper-compilation-targets@7.29.7 want: ^7.29.7
1347 silly placeDep ROOT @babel/helper-validator-option@7.29.7 OK for: @babel/helper-compilation-targets@7.29.7 want: ^7.29.7
1348 silly placeDep ROOT browserslist@4.28.8 OK for: @babel/helper-compilation-targets@7.29.7 want: ^4.24.0
1349 silly placeDep ROOT lru-cache@5.1.1 OK for: @babel/helper-compilation-targets@7.29.7 want: ^5.1.1
1350 silly placeDep node_modules/@babel/helper-compilation-targets semver@6.3.1 OK for: @babel/helper-compilation-targets@7.29.7 want: ^6.3.1
1351 silly fetch manifest caniuse-lite@^1.0.30001809
1352 silly packumentCache full:https://registry.npmjs.org/caniuse-lite cache-miss
1353 silly fetch manifest node-releases@^2.0.53
1354 silly packumentCache full:https://registry.npmjs.org/node-releases cache-miss
1355 silly fetch manifest electron-to-chromium@^1.5.402
1356 silly packumentCache full:https://registry.npmjs.org/electron-to-chromium cache-miss
1357 silly fetch manifest update-browserslist-db@^1.3.0
1358 silly packumentCache full:https://registry.npmjs.org/update-browserslist-db cache-miss
1359 silly fetch manifest baseline-browser-mapping@^2.11.12
1360 silly packumentCache full:https://registry.npmjs.org/baseline-browser-mapping cache-miss
1361 silly fetch manifest yallist@^3.0.2
1362 silly packumentCache full:https://registry.npmjs.org/yallist cache-hit
1363 http cache https://registry.npmjs.org/caniuse-lite 93ms (cache hit)
1364 silly packumentCache full:https://registry.npmjs.org/caniuse-lite set size:2311190 disposed:false
1365 http fetch GET 200 https://registry.npmjs.org/update-browserslist-db 202ms (cache miss)
1366 silly packumentCache full:https://registry.npmjs.org/update-browserslist-db set size:undefined disposed:false
1367 http fetch GET 200 https://registry.npmjs.org/baseline-browser-mapping 403ms (cache miss)
1368 silly packumentCache full:https://registry.npmjs.org/baseline-browser-mapping set size:undefined disposed:false
1369 http fetch GET 200 https://registry.npmjs.org/node-releases 1045ms (cache miss)
1370 silly packumentCache full:https://registry.npmjs.org/node-releases set size:undefined disposed:false
1371 http fetch GET 200 https://registry.npmjs.org/electron-to-chromium 1440ms (cache miss)
1372 silly packumentCache full:https://registry.npmjs.org/electron-to-chromium set size:undefined disposed:false
1373 silly placeDep ROOT @babel/helper-module-imports@7.29.7 OK for: @babel/helper-module-transforms@7.29.7 want: ^7.29.7
1374 silly placeDep ROOT @babel/helper-plugin-utils@7.29.7 OK for: @babel/plugin-transform-react-jsx-self@7.29.7 want: ^7.29.7
1375 silly placeDep ROOT @babel/helper-globals@7.29.7 OK for: @babel/traverse@7.29.8 want: ^7.29.7
1376 silly placeDep ROOT @babel/helper-string-parser@7.29.7 OK for: @babel/types@7.29.8 want: ^7.29.7
1377 silly placeDep ROOT @types/babel__generator@7.27.0 OK for: @types/babel__core@7.20.5 want: *
1378 silly placeDep ROOT @types/babel__template@7.4.4 OK for: @types/babel__core@7.20.5 want: *
1379 silly placeDep ROOT @types/babel__traverse@7.28.0 OK for: @types/babel__core@7.20.5 want: *
1380 silly placeDep ROOT caniuse-lite@1.0.30001809 OK for: autoprefixer@10.5.4 want: ^1.0.30001806
1381 silly placeDep ROOT fraction.js@5.3.4 OK for: autoprefixer@10.5.4 want: ^5.3.4
1382 silly placeDep ROOT postcss-value-parser@4.2.0 OK for: autoprefixer@10.5.4 want: ^4.2.0
1383 silly fetch manifest browserslist@>= 4.21.0
1384 silly packumentCache full:https://registry.npmjs.org/browserslist cache-hit
1385 silly placeDep ROOT baseline-browser-mapping@2.11.16 OK for: browserslist@4.28.8 want: ^2.11.12
1386 silly placeDep ROOT electron-to-chromium@1.5.412 OK for: browserslist@4.28.8 want: ^1.5.402
1387 silly placeDep ROOT node-releases@2.0.53 OK for: browserslist@4.28.8 want: ^2.0.53
1388 silly placeDep ROOT update-browserslist-db@1.3.1 OK for: browserslist@4.28.8 want: ^1.3.0
1389 silly fetch manifest escalade@^3.2.0
1390 silly packumentCache full:https://registry.npmjs.org/escalade cache-miss
1391 http fetch GET 200 https://registry.npmjs.org/escalade 193ms (cache miss)
1392 silly packumentCache full:https://registry.npmjs.org/escalade set size:undefined disposed:false
1393 silly placeDep ROOT path-key@3.1.1 OK for: cross-spawn@7.0.6 want: ^3.1.0
1394 silly placeDep ROOT shebang-command@2.0.0 OK for: cross-spawn@7.0.6 want: ^2.0.0
1395 silly placeDep ROOT which@2.0.2 OK for: cross-spawn@7.0.6 want: ^2.0.1
1396 silly fetch manifest shebang-regex@^3.0.0
1397 silly packumentCache full:https://registry.npmjs.org/shebang-regex cache-miss
1398 silly fetch manifest isexe@^2.0.0
1399 silly packumentCache full:https://registry.npmjs.org/isexe cache-miss
1400 http fetch GET 200 https://registry.npmjs.org/shebang-regex 87ms (cache revalidated)
1401 silly packumentCache full:https://registry.npmjs.org/shebang-regex set size:9763 disposed:false
1402 http fetch GET 200 https://registry.npmjs.org/isexe 90ms (cache revalidated)
1403 silly packumentCache full:https://registry.npmjs.org/isexe set size:31756 disposed:false
1404 silly placeDep ROOT ms@2.1.3 OK for: debug@4.4.3 want: ^2.1.3
1405 silly placeDep ROOT graceful-fs@4.2.11 OK for: enhanced-resolve@5.24.5 want: ^4.2.4
1406 silly placeDep ROOT tapable@2.3.3 OK for: enhanced-resolve@5.24.5 want: ^2.3.3
1407 silly placeDep ROOT @esbuild/aix-ppc64@0.25.12 OK for: esbuild@0.25.12 want: 0.25.12
1408 silly placeDep ROOT @esbuild/android-arm@0.25.12 OK for: esbuild@0.25.12 want: 0.25.12
1409 silly placeDep ROOT @esbuild/android-arm64@0.25.12 OK for: esbuild@0.25.12 want: 0.25.12
1410 silly placeDep ROOT @esbuild/android-x64@0.25.12 OK for: esbuild@0.25.12 want: 0.25.12
1411 silly placeDep ROOT @esbuild/darwin-arm64@0.25.12 OK for: esbuild@0.25.12 want: 0.25.12
1412 silly placeDep ROOT @esbuild/darwin-x64@0.25.12 OK for: esbuild@0.25.12 want: 0.25.12
1413 silly placeDep ROOT @esbuild/freebsd-arm64@0.25.12 OK for: esbuild@0.25.12 want: 0.25.12
1414 silly placeDep ROOT @esbuild/freebsd-x64@0.25.12 OK for: esbuild@0.25.12 want: 0.25.12
1415 silly placeDep ROOT @esbuild/linux-arm@0.25.12 OK for: esbuild@0.25.12 want: 0.25.12
1416 silly placeDep ROOT @esbuild/linux-arm64@0.25.12 OK for: esbuild@0.25.12 want: 0.25.12
1417 silly placeDep ROOT @esbuild/linux-ia32@0.25.12 OK for: esbuild@0.25.12 want: 0.25.12
1418 silly placeDep ROOT @esbuild/linux-loong64@0.25.12 OK for: esbuild@0.25.12 want: 0.25.12
1419 silly placeDep ROOT @esbuild/linux-mips64el@0.25.12 OK for: esbuild@0.25.12 want: 0.25.12
1420 silly placeDep ROOT @esbuild/linux-ppc64@0.25.12 OK for: esbuild@0.25.12 want: 0.25.12
1421 silly placeDep ROOT @esbuild/linux-riscv64@0.25.12 OK for: esbuild@0.25.12 want: 0.25.12
1422 silly placeDep ROOT @esbuild/linux-s390x@0.25.12 OK for: esbuild@0.25.12 want: 0.25.12
1423 silly placeDep ROOT @esbuild/linux-x64@0.25.12 OK for: esbuild@0.25.12 want: 0.25.12
1424 silly placeDep ROOT @esbuild/netbsd-arm64@0.25.12 OK for: esbuild@0.25.12 want: 0.25.12
1425 silly placeDep ROOT @esbuild/netbsd-x64@0.25.12 OK for: esbuild@0.25.12 want: 0.25.12
1426 silly placeDep ROOT @esbuild/openbsd-arm64@0.25.12 OK for: esbuild@0.25.12 want: 0.25.12
1427 silly placeDep ROOT @esbuild/openbsd-x64@0.25.12 OK for: esbuild@0.25.12 want: 0.25.12
1428 silly placeDep ROOT @esbuild/openharmony-arm64@0.25.12 OK for: esbuild@0.25.12 want: 0.25.12
1429 silly placeDep ROOT @esbuild/sunos-x64@0.25.12 OK for: esbuild@0.25.12 want: 0.25.12
1430 silly placeDep ROOT @esbuild/win32-arm64@0.25.12 OK for: esbuild@0.25.12 want: 0.25.12
1431 silly placeDep ROOT @esbuild/win32-ia32@0.25.12 OK for: esbuild@0.25.12 want: 0.25.12
1432 silly placeDep ROOT @esbuild/win32-x64@0.25.12 OK for: esbuild@0.25.12 want: 0.25.12
1433 silly placeDep ROOT accepts@1.3.8 OK for: express@4.22.2 want: ~1.3.8
1434 silly placeDep ROOT array-flatten@1.1.1 OK for: express@4.22.2 want: 1.1.1
1435 silly placeDep ROOT body-parser@1.20.6 OK for: express@4.22.2 want: ~1.20.5
1436 silly placeDep ROOT content-disposition@0.5.4 OK for: express@4.22.2 want: ~0.5.4
1437 silly placeDep ROOT content-type@1.0.5 OK for: express@4.22.2 want: ~1.0.4
1438 silly placeDep ROOT cookie@0.7.2 OK for: express@4.22.2 want: ~0.7.1
1439 silly placeDep ROOT cookie-signature@1.0.7 OK for: express@4.22.2 want: ~1.0.6
1440 silly placeDep node_modules/express debug@2.6.9 OK for: express@4.22.2 want: 2.6.9
1441 silly placeDep ROOT depd@2.0.0 OK for: express@4.22.2 want: 2.0.0
1442 silly placeDep ROOT encodeurl@2.0.0 OK for: express@4.22.2 want: ~2.0.0
1443 silly placeDep ROOT escape-html@1.0.3 OK for: express@4.22.2 want: ~1.0.3
1444 silly placeDep ROOT etag@1.8.1 OK for: express@4.22.2 want: ~1.8.1
1445 silly placeDep ROOT finalhandler@1.3.2 OK for: express@4.22.2 want: ~1.3.1
1446 silly placeDep ROOT fresh@0.5.2 OK for: express@4.22.2 want: ~0.5.2
1447 silly placeDep ROOT http-errors@2.0.1 OK for: express@4.22.2 want: ~2.0.0
1448 silly placeDep ROOT merge-descriptors@1.0.3 OK for: express@4.22.2 want: 1.0.3
1449 silly placeDep ROOT methods@1.1.2 OK for: express@4.22.2 want: ~1.1.2
1450 silly placeDep ROOT on-finished@2.4.1 OK for: express@4.22.2 want: ~2.4.1
1451 silly placeDep ROOT parseurl@1.3.3 OK for: express@4.22.2 want: ~1.3.3
1452 silly placeDep ROOT path-to-regexp@0.1.13 OK for: express@4.22.2 want: ~0.1.12
1453 silly placeDep ROOT proxy-addr@2.0.7 OK for: express@4.22.2 want: ~2.0.7
1454 silly placeDep ROOT qs@6.15.3 OK for: express@4.22.2 want: ~6.15.1
1455 silly placeDep ROOT range-parser@1.2.1 OK for: express@4.22.2 want: ~1.2.1
1456 silly placeDep ROOT safe-buffer@5.2.1 OK for: express@4.22.2 want: 5.2.1
1457 silly placeDep ROOT send@0.19.2 OK for: express@4.22.2 want: ~0.19.0
1458 silly placeDep ROOT serve-static@1.16.3 OK for: express@4.22.2 want: ~1.16.2
1459 silly placeDep ROOT setprototypeof@1.2.0 OK for: express@4.22.2 want: 1.2.0
1460 silly placeDep ROOT statuses@2.0.2 OK for: express@4.22.2 want: ~2.0.1
1461 silly placeDep ROOT type-is@1.6.18 OK for: express@4.22.2 want: ~1.6.18
1462 silly placeDep ROOT utils-merge@1.0.1 OK for: express@4.22.2 want: 1.0.1
1463 silly placeDep ROOT vary@1.1.2 OK for: express@4.22.2 want: ~1.1.2
1464 silly fetch manifest mime-types@~2.1.34
1465 silly packumentCache full:https://registry.npmjs.org/mime-types cache-miss
1466 silly fetch manifest negotiator@0.6.3
1467 silly packumentCache full:https://registry.npmjs.org/negotiator cache-miss
1468 silly fetch manifest bytes@~3.1.2
1469 silly packumentCache full:https://registry.npmjs.org/bytes cache-miss
1470 silly fetch manifest unpipe@~1.0.0
1471 silly packumentCache full:https://registry.npmjs.org/unpipe cache-miss
1472 silly fetch manifest destroy@~1.2.0
1473 silly packumentCache full:https://registry.npmjs.org/destroy cache-miss
1474 silly fetch manifest raw-body@~2.5.3
1475 silly packumentCache full:https://registry.npmjs.org/raw-body cache-miss
1476 silly fetch manifest iconv-lite@~0.4.24
1477 silly packumentCache full:https://registry.npmjs.org/iconv-lite cache-miss
1478 http fetch GET 200 https://registry.npmjs.org/unpipe 99ms (cache miss)
1479 silly packumentCache full:https://registry.npmjs.org/unpipe set size:undefined disposed:false
1480 silly fetch manifest http-errors@~2.0.1
1481 silly packumentCache full:https://registry.npmjs.org/http-errors cache-miss
1482 http cache https://registry.npmjs.org/http-errors 51ms (cache hit)
1483 silly packumentCache full:https://registry.npmjs.org/http-errors set size:71987 disposed:false
1484 silly fetch manifest content-type@~1.0.5
1485 silly packumentCache full:https://registry.npmjs.org/content-type cache-miss
1486 http fetch GET 200 https://registry.npmjs.org/destroy 193ms (cache miss)
1487 silly packumentCache full:https://registry.npmjs.org/destroy set size:undefined disposed:false
1488 silly fetch manifest ms@2.0.0
1489 silly packumentCache full:https://registry.npmjs.org/ms cache-hit
1490 silly fetch manifest statuses@~2.0.2
1491 silly packumentCache full:https://registry.npmjs.org/statuses cache-miss
1492 http fetch GET 200 https://registry.npmjs.org/negotiator 221ms (cache miss)
1493 silly packumentCache full:https://registry.npmjs.org/negotiator set size:undefined disposed:false
1494 silly fetch manifest inherits@~2.0.4
1495 silly packumentCache full:https://registry.npmjs.org/inherits cache-miss
1496 http fetch GET 200 https://registry.npmjs.org/bytes 230ms (cache miss)
1497 silly packumentCache full:https://registry.npmjs.org/bytes set size:undefined disposed:false
1498 silly fetch manifest setprototypeof@~1.2.0
1499 silly packumentCache full:https://registry.npmjs.org/setprototypeof cache-miss
1500 http cache https://registry.npmjs.org/content-type 70ms (cache hit)
1501 silly packumentCache full:https://registry.npmjs.org/content-type set size:23936 disposed:false
1502 silly fetch manifest statuses@~2.0.2
1503 silly packumentCache full:https://registry.npmjs.org/statuses cache-miss
1504 http fetch GET 200 https://registry.npmjs.org/raw-body 244ms (cache miss)
1505 silly packumentCache full:https://registry.npmjs.org/raw-body set size:undefined disposed:false
1506 silly fetch manifest toidentifier@~1.0.1
1507 silly packumentCache full:https://registry.npmjs.org/toidentifier cache-miss
1508 http fetch GET 200 https://registry.npmjs.org/mime-types 272ms (cache miss)
1509 silly packumentCache full:https://registry.npmjs.org/mime-types set size:undefined disposed:false
1510 silly fetch manifest ee-first@1.1.1
1511 silly packumentCache full:https://registry.npmjs.org/ee-first cache-miss
1512 http fetch GET 200 https://registry.npmjs.org/iconv-lite 280ms (cache miss)
1513 silly packumentCache full:https://registry.npmjs.org/iconv-lite set size:undefined disposed:false
1514 silly fetch manifest forwarded@0.2.0
1515 silly packumentCache full:https://registry.npmjs.org/forwarded cache-miss
1516 http cache https://registry.npmjs.org/statuses 110ms (cache hit)
1517 silly packumentCache full:https://registry.npmjs.org/statuses set size:37117 disposed:false
1518 silly fetch manifest ipaddr.js@1.9.1
1519 silly packumentCache full:https://registry.npmjs.org/ipaddr.js cache-miss
1520 http cache https://registry.npmjs.org/setprototypeof 101ms (cache hit)
1521 silly packumentCache full:https://registry.npmjs.org/setprototypeof set size:14532 disposed:false
1522 silly fetch manifest side-channel@^1.1.1
1523 silly packumentCache full:https://registry.npmjs.org/side-channel cache-miss
1524 http cache https://registry.npmjs.org/statuses 101ms (cache hit)
1525 silly packumentCache full:https://registry.npmjs.org/statuses set size:37117 disposed:false
1526 silly packumentCache full:https://registry.npmjs.org/statuses dispose
1527 silly fetch manifest es-define-property@^1.0.1
1528 silly packumentCache full:https://registry.npmjs.org/es-define-property cache-miss
1529 http fetch GET 200 https://registry.npmjs.org/toidentifier 122ms (cache miss)
1530 silly packumentCache full:https://registry.npmjs.org/toidentifier set size:undefined disposed:false
1531 silly fetch manifest mime@1.6.0
1532 silly packumentCache full:https://registry.npmjs.org/mime cache-miss
1533 http fetch GET 200 https://registry.npmjs.org/inherits 195ms (cache revalidated)
1534 silly packumentCache full:https://registry.npmjs.org/inherits set size:12925 disposed:false
1535 silly fetch manifest destroy@1.2.0
1536 silly packumentCache full:https://registry.npmjs.org/destroy cache-miss
1537 http fetch GET 200 https://registry.npmjs.org/ee-first 152ms (cache miss)
1538 silly packumentCache full:https://registry.npmjs.org/ee-first set size:undefined disposed:false
1539 silly fetch manifest mime-types@~2.1.24
1540 silly packumentCache full:https://registry.npmjs.org/mime-types cache-miss
1541 http fetch GET 200 https://registry.npmjs.org/forwarded 133ms (cache miss)
1542 silly packumentCache full:https://registry.npmjs.org/forwarded set size:undefined disposed:false
1543 silly fetch manifest media-typer@0.3.0
1544 silly packumentCache full:https://registry.npmjs.org/media-typer cache-miss
1545 http cache https://registry.npmjs.org/destroy 67ms (cache hit)
1546 silly packumentCache full:https://registry.npmjs.org/destroy set size:15738 disposed:false
1547 http cache https://registry.npmjs.org/mime-types 62ms (cache hit)
1548 silly packumentCache full:https://registry.npmjs.org/mime-types set size:139110 disposed:false
1549 http fetch GET 200 https://registry.npmjs.org/side-channel 164ms (cache miss)
1550 silly packumentCache full:https://registry.npmjs.org/side-channel set size:undefined disposed:false
1551 http fetch GET 200 https://registry.npmjs.org/es-define-property 176ms (cache miss)
1552 silly packumentCache full:https://registry.npmjs.org/es-define-property set size:undefined disposed:false
1553 http fetch GET 200 https://registry.npmjs.org/ipaddr.js 227ms (cache miss)
1554 silly packumentCache full:https://registry.npmjs.org/ipaddr.js set size:undefined disposed:false
1555 http fetch GET 200 https://registry.npmjs.org/media-typer 118ms (cache miss)
1556 silly packumentCache full:https://registry.npmjs.org/media-typer set size:undefined disposed:false
1557 http fetch GET 200 https://registry.npmjs.org/mime 173ms (cache miss)
1558 silly packumentCache full:https://registry.npmjs.org/mime set size:undefined disposed:false
1559 silly placeDep ROOT mime-types@2.1.35 OK for: accepts@1.3.8 want: ~2.1.34
1560 silly placeDep ROOT negotiator@0.6.3 OK for: accepts@1.3.8 want: 0.6.3
1561 silly fetch manifest mime-db@1.52.0
1562 silly packumentCache full:https://registry.npmjs.org/mime-db cache-miss
1563 http fetch GET 200 https://registry.npmjs.org/mime-db 225ms (cache miss)
1564 silly packumentCache full:https://registry.npmjs.org/mime-db set size:undefined disposed:false
1565 silly placeDep ROOT bytes@3.1.2 OK for: body-parser@1.20.6 want: ~3.1.2
1566 silly placeDep node_modules/body-parser debug@2.6.9 OK for: body-parser@1.20.6 want: 2.6.9
1567 silly placeDep ROOT destroy@1.2.0 OK for: body-parser@1.20.6 want: ~1.2.0
1568 silly placeDep ROOT iconv-lite@0.4.24 OK for: body-parser@1.20.6 want: ~0.4.24
1569 silly placeDep ROOT raw-body@2.5.3 OK for: body-parser@1.20.6 want: ~2.5.3
1570 silly placeDep ROOT unpipe@1.0.0 OK for: body-parser@1.20.6 want: ~1.0.0
1571 silly fetch manifest safer-buffer@>= 2.1.2 < 3
1572 silly packumentCache full:https://registry.npmjs.org/safer-buffer cache-miss
1573 http fetch GET 200 https://registry.npmjs.org/safer-buffer 105ms (cache miss)
1574 silly packumentCache full:https://registry.npmjs.org/safer-buffer set size:undefined disposed:false
1575 silly placeDep node_modules/finalhandler debug@2.6.9 OK for: finalhandler@1.3.2 want: 2.6.9
1576 silly placeDep ROOT jsonfile@6.2.1 OK for: fs-extra@11.4.0 want: ^6.0.1
1577 silly placeDep ROOT universalify@2.0.1 OK for: fs-extra@11.4.0 want: ^2.0.0
1578 silly placeDep ROOT base64-js@1.5.1 OK for: google-auth-library@10.9.1 want: ^1.3.0
1579 silly placeDep ROOT ecdsa-sig-formatter@1.0.11 OK for: google-auth-library@10.9.1 want: ^1.0.11
1580 silly placeDep ROOT gaxios@7.3.1 OK for: google-auth-library@10.9.1 want: ^7.1.4
1581 silly placeDep ROOT gcp-metadata@8.1.2 OK for: google-auth-library@10.9.1 want: 8.1.2
1582 silly placeDep ROOT google-logging-utils@1.1.3 OK for: google-auth-library@10.9.1 want: 1.1.3
1583 silly placeDep ROOT jws@4.0.1 OK for: google-auth-library@10.9.1 want: ^4.0.0
1584 silly fetch manifest extend@^3.0.2
1585 silly packumentCache full:https://registry.npmjs.org/extend cache-miss
1586 silly fetch manifest node-fetch@^3.3.2
1587 silly packumentCache full:https://registry.npmjs.org/node-fetch cache-miss
1588 silly fetch manifest https-proxy-agent@^7.0.1
1589 silly packumentCache full:https://registry.npmjs.org/https-proxy-agent cache-miss
1590 silly fetch manifest json-bigint@^1.0.0
1591 silly packumentCache full:https://registry.npmjs.org/json-bigint cache-miss
1592 silly fetch manifest google-logging-utils@^1.0.0
1593 silly packumentCache full:https://registry.npmjs.org/google-logging-utils cache-miss
1594 silly fetch manifest jwa@^2.0.1
1595 silly packumentCache full:https://registry.npmjs.org/jwa cache-miss
1596 http cache https://registry.npmjs.org/google-logging-utils 33ms (cache hit)
1597 silly packumentCache full:https://registry.npmjs.org/google-logging-utils set size:31146 disposed:false
1598 http fetch GET 200 https://registry.npmjs.org/https-proxy-agent 263ms (cache miss)
1599 silly packumentCache full:https://registry.npmjs.org/https-proxy-agent set size:undefined disposed:false
1600 http fetch GET 200 https://registry.npmjs.org/jwa 274ms (cache miss)
1601 silly packumentCache full:https://registry.npmjs.org/jwa set size:undefined disposed:false
1602 http fetch GET 200 https://registry.npmjs.org/json-bigint 287ms (cache miss)
1603 silly packumentCache full:https://registry.npmjs.org/json-bigint set size:undefined disposed:false
1604 http fetch GET 200 https://registry.npmjs.org/extend 300ms (cache miss)
1605 silly packumentCache full:https://registry.npmjs.org/extend set size:undefined disposed:false
1606 http fetch GET 200 https://registry.npmjs.org/node-fetch 683ms (cache miss)
1607 silly packumentCache full:https://registry.npmjs.org/node-fetch set size:undefined disposed:false
1608 silly placeDep ROOT extend@3.0.2 OK for: gaxios@7.3.1 want: ^3.0.2
1609 silly placeDep ROOT https-proxy-agent@7.0.6 OK for: gaxios@7.3.1 want: ^7.0.1
1610 silly placeDep ROOT node-fetch@3.3.2 OK for: gaxios@7.3.1 want: ^3.3.2
1611 silly fetch manifest agent-base@^7.1.2
1612 silly packumentCache full:https://registry.npmjs.org/agent-base cache-miss
1613 silly fetch manifest data-uri-to-buffer@^4.0.0
1614 silly packumentCache full:https://registry.npmjs.org/data-uri-to-buffer cache-miss
1615 silly fetch manifest fetch-blob@^3.1.4
1616 silly packumentCache full:https://registry.npmjs.org/fetch-blob cache-miss
1617 silly fetch manifest formdata-polyfill@^4.0.10
1618 silly packumentCache full:https://registry.npmjs.org/formdata-polyfill cache-miss
1619 http fetch GET 200 https://registry.npmjs.org/data-uri-to-buffer 193ms (cache miss)
1620 silly packumentCache full:https://registry.npmjs.org/data-uri-to-buffer set size:undefined disposed:false
1621 http fetch GET 200 https://registry.npmjs.org/fetch-blob 201ms (cache miss)
1622 silly packumentCache full:https://registry.npmjs.org/fetch-blob set size:undefined disposed:false
1623 http fetch GET 200 https://registry.npmjs.org/agent-base 216ms (cache miss)
1624 silly packumentCache full:https://registry.npmjs.org/agent-base set size:undefined disposed:false
1625 http fetch GET 200 https://registry.npmjs.org/formdata-polyfill 242ms (cache miss)
1626 silly packumentCache full:https://registry.npmjs.org/formdata-polyfill set size:undefined disposed:false
1627 silly placeDep ROOT json-bigint@1.0.0 OK for: gcp-metadata@8.1.2 want: ^1.0.0
1628 silly fetch manifest bignumber.js@^9.0.0
1629 silly packumentCache full:https://registry.npmjs.org/bignumber.js cache-miss
1630 http fetch GET 200 https://registry.npmjs.org/bignumber.js 185ms (cache miss)
1631 silly packumentCache full:https://registry.npmjs.org/bignumber.js set size:undefined disposed:false
1632 silly placeDep ROOT inherits@2.0.4 OK for: http-errors@2.0.1 want: ~2.0.4
1633 silly placeDep ROOT toidentifier@1.0.1 OK for: http-errors@2.0.1 want: ~1.0.1
1634 silly placeDep ROOT agent-base@7.1.4 OK for: https-proxy-agent@7.0.6 want: ^7.1.2
1635 silly placeDep ROOT safer-buffer@2.1.2 OK for: iconv-lite@0.4.24 want: >= 2.1.2 < 3
1636 silly placeDep ROOT bignumber.js@9.3.1 OK for: json-bigint@1.0.0 want: ^9.0.0
1637 silly placeDep ROOT lie@3.3.0 OK for: jszip@3.10.1 want: ~3.3.0
1638 silly placeDep ROOT pako@1.0.11 OK for: jszip@3.10.1 want: ~1.0.2
1639 silly placeDep ROOT readable-stream@2.3.8 OK for: jszip@3.10.1 want: ~2.3.6
1640 silly placeDep ROOT setimmediate@1.0.5 OK for: jszip@3.10.1 want: ^1.0.5
1641 silly fetch manifest immediate@~3.0.5
1642 silly packumentCache full:https://registry.npmjs.org/immediate cache-miss
1643 silly fetch manifest isarray@~1.0.0
1644 silly packumentCache full:https://registry.npmjs.org/isarray cache-miss
1645 silly fetch manifest safe-buffer@~5.1.1
1646 silly packumentCache full:https://registry.npmjs.org/safe-buffer cache-hit
1647 silly fetch manifest core-util-is@~1.0.0
1648 silly packumentCache full:https://registry.npmjs.org/core-util-is cache-miss
1649 silly fetch manifest string_decoder@~1.1.1
1650 silly packumentCache full:https://registry.npmjs.org/string_decoder cache-miss
1651 silly fetch manifest util-deprecate@~1.0.1
1652 silly packumentCache full:https://registry.npmjs.org/util-deprecate cache-miss
1653 silly fetch manifest process-nextick-args@~2.0.0
1654 silly packumentCache full:https://registry.npmjs.org/process-nextick-args cache-miss
1655 http fetch GET 200 https://registry.npmjs.org/util-deprecate 123ms (cache revalidated)
1656 silly packumentCache full:https://registry.npmjs.org/util-deprecate set size:6674 disposed:false
1657 http fetch GET 200 https://registry.npmjs.org/string_decoder 129ms (cache revalidated)
1658 silly packumentCache full:https://registry.npmjs.org/string_decoder set size:28441 disposed:false
1659 http fetch GET 200 https://registry.npmjs.org/process-nextick-args 134ms (cache miss)
1660 silly packumentCache full:https://registry.npmjs.org/process-nextick-args set size:undefined disposed:false
1661 http fetch GET 200 https://registry.npmjs.org/isarray 148ms (cache miss)
1662 silly packumentCache full:https://registry.npmjs.org/isarray set size:undefined disposed:false
1663 http fetch GET 200 https://registry.npmjs.org/core-util-is 339ms (cache miss)
1664 silly packumentCache full:https://registry.npmjs.org/core-util-is set size:undefined disposed:false
1665 http fetch GET 200 https://registry.npmjs.org/immediate 363ms (cache miss)
1666 silly packumentCache full:https://registry.npmjs.org/immediate set size:undefined disposed:false
1667 silly placeDep ROOT jwa@2.0.1 OK for: jws@4.0.1 want: ^2.0.1
1668 silly fetch manifest buffer-equal-constant-time@^1.0.1
1669 silly packumentCache full:https://registry.npmjs.org/buffer-equal-constant-time cache-miss
1670 http fetch GET 200 https://registry.npmjs.org/buffer-equal-constant-time 76ms (cache miss)
1671 silly packumentCache full:https://registry.npmjs.org/buffer-equal-constant-time set size:undefined disposed:false
1672 silly placeDep ROOT buffer-equal-constant-time@1.0.1 OK for: jwa@2.0.1 want: ^1.0.1
1673 silly placeDep ROOT immediate@3.0.6 OK for: lie@3.3.0 want: ~3.0.5
1674 silly placeDep ROOT detect-libc@2.1.2 OK for: lightningcss@1.32.0 want: ^2.0.3
1675 silly placeDep ROOT lightningcss-android-arm64@1.32.0 OK for: lightningcss@1.32.0 want: 1.32.0
1676 silly placeDep ROOT lightningcss-darwin-arm64@1.32.0 OK for: lightningcss@1.32.0 want: 1.32.0
1677 silly placeDep ROOT lightningcss-darwin-x64@1.32.0 OK for: lightningcss@1.32.0 want: 1.32.0
1678 silly placeDep ROOT lightningcss-freebsd-x64@1.32.0 OK for: lightningcss@1.32.0 want: 1.32.0
1679 silly placeDep ROOT lightningcss-linux-arm-gnueabihf@1.32.0 OK for: lightningcss@1.32.0 want: 1.32.0
1680 silly placeDep ROOT lightningcss-linux-arm64-gnu@1.32.0 OK for: lightningcss@1.32.0 want: 1.32.0
1681 silly placeDep ROOT lightningcss-linux-arm64-musl@1.32.0 OK for: lightningcss@1.32.0 want: 1.32.0
1682 silly placeDep ROOT lightningcss-linux-x64-gnu@1.32.0 OK for: lightningcss@1.32.0 want: 1.32.0
1683 silly placeDep ROOT lightningcss-linux-x64-musl@1.32.0 OK for: lightningcss@1.32.0 want: 1.32.0
1684 silly placeDep ROOT lightningcss-win32-arm64-msvc@1.32.0 OK for: lightningcss@1.32.0 want: 1.32.0
1685 silly placeDep ROOT lightningcss-win32-x64-msvc@1.32.0 OK for: lightningcss@1.32.0 want: 1.32.0
1686 silly placeDep ROOT yallist@3.1.1 OK for: lru-cache@5.1.1 want: ^3.0.2
1687 silly placeDep ROOT mime-db@1.52.0 OK for: mime-types@2.1.35 want: 1.52.0
1688 silly fetch manifest react@^18.0.0 || ^19.0.0
1689 silly packumentCache full:https://registry.npmjs.org/react cache-miss
1690 http cache https://registry.npmjs.org/react 79ms (cache hit)
1691 silly packumentCache full:https://registry.npmjs.org/react set size:6902730 disposed:false
1692 silly fetch manifest react-dom@^18.0.0 || ^19.0.0
1693 silly packumentCache full:https://registry.npmjs.org/react-dom cache-miss
1694 http cache https://registry.npmjs.org/react-dom 83ms (cache hit)
1695 silly packumentCache full:https://registry.npmjs.org/react-dom set size:9275431 disposed:false
1696 silly placeDep ROOT framer-motion@12.43.0 OK for: motion@12.43.0 want: ^12.43.0
1697 silly fetch manifest motion-dom@^12.43.0
1698 silly packumentCache full:https://registry.npmjs.org/motion-dom cache-miss
1699 silly fetch manifest motion-utils@^12.39.0
1700 silly packumentCache full:https://registry.npmjs.org/motion-utils cache-miss
1701 http fetch GET 200 https://registry.npmjs.org/motion-dom 332ms (cache miss)
1702 silly packumentCache full:https://registry.npmjs.org/motion-dom set size:undefined disposed:false
1703 http fetch GET 200 https://registry.npmjs.org/motion-utils 355ms (cache miss)
1704 silly packumentCache full:https://registry.npmjs.org/motion-utils set size:undefined disposed:false
1705 silly placeDep ROOT motion-dom@12.43.0 OK for: framer-motion@12.43.0 want: ^12.43.0
1706 silly placeDep ROOT motion-utils@12.39.0 OK for: framer-motion@12.43.0 want: ^12.39.0
1707 silly placeDep ROOT bplist-parser@0.3.2 OK for: native-run@2.0.3 want: ^0.3.2
1708 silly placeDep ROOT elementtree@0.1.7 OK for: native-run@2.0.3 want: ^0.1.7
1709 silly placeDep ROOT ini@4.1.3 OK for: native-run@2.0.3 want: ^4.1.1
1710 silly placeDep ROOT split2@4.2.0 OK for: native-run@2.0.3 want: ^4.2.0
1711 silly placeDep ROOT through2@4.0.2 OK for: native-run@2.0.3 want: ^4.0.2
1712 silly placeDep ROOT yauzl@2.10.0 OK for: native-run@2.0.3 want: ^2.10.0
1713 silly fetch manifest big-integer@1.6.x
1714 silly packumentCache full:https://registry.npmjs.org/big-integer cache-miss
1715 silly fetch manifest sax@1.1.4
1716 silly packumentCache full:https://registry.npmjs.org/sax cache-hit
1717 silly fetch manifest readable-stream@3
1718 silly packumentCache full:https://registry.npmjs.org/readable-stream cache-hit
1719 silly fetch manifest fd-slicer@~1.1.0
1720 silly packumentCache full:https://registry.npmjs.org/fd-slicer cache-miss
1721 silly fetch manifest buffer-crc32@~0.2.3
1722 silly packumentCache full:https://registry.npmjs.org/buffer-crc32 cache-miss
1723 http fetch GET 200 https://registry.npmjs.org/big-integer 96ms (cache revalidated)
1724 silly packumentCache full:https://registry.npmjs.org/big-integer set size:205433 disposed:false
1725 http fetch GET 200 https://registry.npmjs.org/fd-slicer 330ms (cache revalidated)
1726 silly packumentCache full:https://registry.npmjs.org/fd-slicer set size:25525 disposed:false
1727 http fetch GET 200 https://registry.npmjs.org/buffer-crc32 342ms (cache revalidated)
1728 silly packumentCache full:https://registry.npmjs.org/buffer-crc32 set size:58100 disposed:false
1729 silly placeDep ROOT big-integer@1.6.52 OK for: bplist-parser@0.3.2 want: 1.6.x
1730 silly placeDep ROOT sax@1.1.4 OK for: elementtree@0.1.7 want: 1.1.4
1731 silly placeDep ROOT data-uri-to-buffer@4.0.1 OK for: node-fetch@3.3.2 want: ^4.0.0
1732 silly placeDep ROOT fetch-blob@3.2.0 OK for: node-fetch@3.3.2 want: ^3.1.4
1733 silly placeDep ROOT formdata-polyfill@4.0.10 OK for: node-fetch@3.3.2 want: ^4.0.10
1734 silly fetch manifest node-domexception@^1.0.0
1735 silly packumentCache full:https://registry.npmjs.org/node-domexception cache-miss
1736 silly fetch manifest web-streams-polyfill@^3.0.3
1737 silly packumentCache full:https://registry.npmjs.org/web-streams-polyfill cache-miss
1738 http fetch GET 200 https://registry.npmjs.org/node-domexception 118ms (cache miss)
1739 silly packumentCache full:https://registry.npmjs.org/node-domexception set size:undefined disposed:false
1740 http fetch GET 200 https://registry.npmjs.org/web-streams-polyfill 128ms (cache miss)
1741 silly packumentCache full:https://registry.npmjs.org/web-streams-polyfill set size:undefined disposed:false
1742 silly placeDep ROOT node-domexception@1.0.0 OK for: fetch-blob@3.2.0 want: ^1.0.0
1743 silly placeDep ROOT web-streams-polyfill@3.3.3 OK for: fetch-blob@3.2.0 want: ^3.0.3
1744 silly placeDep ROOT ee-first@1.1.1 OK for: on-finished@2.4.1 want: 1.1.1
1745 silly placeDep ROOT define-lazy-prop@2.0.0 OK for: open@8.4.2 want: ^2.0.0
1746 silly placeDep ROOT is-docker@2.2.1 OK for: open@8.4.2 want: ^2.1.1
1747 silly placeDep ROOT is-wsl@2.2.0 OK for: open@8.4.2 want: ^2.2.0
1748 silly placeDep ROOT @types/retry@0.12.0 OK for: p-retry@4.6.2 want: 0.12.0
1749 silly placeDep ROOT retry@0.13.1 OK for: p-retry@4.6.2 want: ^0.13.1
1750 silly placeDep ROOT @xmldom/xmldom@0.9.11 OK for: plist@3.1.1 want: ^0.9.10
1751 silly placeDep ROOT xmlbuilder@15.1.1 OK for: plist@3.1.1 want: ^15.1.1
1752 silly placeDep ROOT nanoid@3.3.18 OK for: postcss@8.5.26 want: ^3.3.17
1753 silly placeDep node_modules/prompts kleur@3.0.3 OK for: prompts@2.4.2 want: ^3.0.3
1754 silly placeDep ROOT sisteransi@1.0.5 OK for: prompts@2.4.2 want: ^1.0.5
1755 silly placeDep ROOT @protobufjs/aspromise@1.1.2 OK for: protobufjs@7.6.5 want: ^1.1.2
1756 silly placeDep ROOT @protobufjs/base64@1.1.2 OK for: protobufjs@7.6.5 want: ^1.1.2
1757 silly placeDep ROOT @protobufjs/codegen@2.0.5 OK for: protobufjs@7.6.5 want: ^2.0.5
1758 silly placeDep ROOT @protobufjs/eventemitter@1.1.1 OK for: protobufjs@7.6.5 want: ^1.1.1
1759 silly placeDep ROOT @protobufjs/fetch@1.1.1 OK for: protobufjs@7.6.5 want: ^1.1.1
1760 silly placeDep ROOT @protobufjs/float@1.0.2 OK for: protobufjs@7.6.5 want: ^1.0.2
1761 silly placeDep ROOT @protobufjs/path@1.1.2 OK for: protobufjs@7.6.5 want: ^1.1.2
1762 silly placeDep ROOT @protobufjs/pool@1.1.0 OK for: protobufjs@7.6.5 want: ^1.1.0
1763 silly placeDep ROOT @protobufjs/utf8@1.1.2 OK for: protobufjs@7.6.5 want: ^1.1.1
1764 silly placeDep ROOT long@5.3.2 OK for: protobufjs@7.6.5 want: ^5.3.2
1765 silly placeDep ROOT forwarded@0.2.0 OK for: proxy-addr@2.0.7 want: 0.2.0
1766 silly placeDep ROOT ipaddr.js@1.9.1 OK for: proxy-addr@2.0.7 want: 1.9.1
1767 silly placeDep ROOT es-define-property@1.0.1 OK for: qs@6.15.3 want: ^1.0.1
1768 silly placeDep ROOT side-channel@1.1.1 OK for: qs@6.15.3 want: ^1.1.1
1769 silly fetch manifest es-errors@^1.3.0
1770 silly packumentCache full:https://registry.npmjs.org/es-errors cache-miss
1771 silly fetch manifest object-inspect@^1.13.4
1772 silly packumentCache full:https://registry.npmjs.org/object-inspect cache-miss
1773 silly fetch manifest side-channel-list@^1.0.1
1774 silly packumentCache full:https://registry.npmjs.org/side-channel-list cache-miss
1775 silly fetch manifest side-channel-map@^1.0.1
1776 silly packumentCache full:https://registry.npmjs.org/side-channel-map cache-miss
1777 silly fetch manifest side-channel-weakmap@^1.0.2
1778 silly packumentCache full:https://registry.npmjs.org/side-channel-weakmap cache-miss
1779 http fetch GET 200 https://registry.npmjs.org/side-channel-list 211ms (cache miss)
1780 silly packumentCache full:https://registry.npmjs.org/side-channel-list set size:undefined disposed:false
1781 http fetch GET 200 https://registry.npmjs.org/side-channel-weakmap 215ms (cache miss)
1782 silly packumentCache full:https://registry.npmjs.org/side-channel-weakmap set size:undefined disposed:false
1783 http fetch GET 200 https://registry.npmjs.org/side-channel-map 223ms (cache miss)
1784 silly packumentCache full:https://registry.npmjs.org/side-channel-map set size:undefined disposed:false
1785 http fetch GET 200 https://registry.npmjs.org/es-errors 233ms (cache miss)
1786 silly packumentCache full:https://registry.npmjs.org/es-errors set size:undefined disposed:false
1787 http fetch GET 200 https://registry.npmjs.org/object-inspect 241ms (cache miss)
1788 silly packumentCache full:https://registry.npmjs.org/object-inspect set size:undefined disposed:false
1789 silly placeDep ROOT scheduler@0.27.0 OK for: react-dom@19.2.8 want: ^0.27.0
1790 silly placeDep ROOT core-util-is@1.0.3 OK for: readable-stream@2.3.8 want: ~1.0.0
1791 silly placeDep ROOT isarray@1.0.0 OK for: readable-stream@2.3.8 want: ~1.0.0
1792 silly placeDep ROOT process-nextick-args@2.0.1 OK for: readable-stream@2.3.8 want: ~2.0.0
1793 silly placeDep node_modules/readable-stream safe-buffer@5.1.2 OK for: readable-stream@2.3.8 want: ~5.1.1
1794 silly placeDep ROOT string_decoder@1.1.1 OK for: readable-stream@2.3.8 want: ~1.1.1
1795 silly placeDep ROOT util-deprecate@1.0.2 OK for: readable-stream@2.3.8 want: ~1.0.1
1796 silly fetch manifest safe-buffer@~5.1.0
1797 silly packumentCache full:https://registry.npmjs.org/safe-buffer cache-hit
1798 silly placeDep ROOT glob@13.0.6 OK for: rimraf@6.1.3 want: ^13.0.3
1799 silly placeDep ROOT package-json-from-dist@1.0.1 OK for: rimraf@6.1.3 want: ^1.0.1
1800 silly fetch manifest minimatch@^10.2.2
1801 silly packumentCache full:https://registry.npmjs.org/minimatch cache-miss
1802 silly fetch manifest minipass@^7.1.3
1803 silly packumentCache full:https://registry.npmjs.org/minipass cache-hit
1804 silly fetch manifest path-scurry@^2.0.2
1805 silly packumentCache full:https://registry.npmjs.org/path-scurry cache-miss
1806 http fetch GET 200 https://registry.npmjs.org/path-scurry 93ms (cache revalidated)
1807 silly packumentCache full:https://registry.npmjs.org/path-scurry set size:117612 disposed:false
1808 http fetch GET 200 https://registry.npmjs.org/minimatch 119ms (cache revalidated)
1809 silly packumentCache full:https://registry.npmjs.org/minimatch set size:377924 disposed:false
1810 silly placeDep ROOT minimatch@10.2.6 OK for: glob@13.0.6 want: ^10.2.2
1811 silly placeDep ROOT minipass@7.1.3 OK for: glob@13.0.6 want: ^7.1.3
1812 silly placeDep ROOT path-scurry@2.0.2 OK for: glob@13.0.6 want: ^2.0.2
1813 silly fetch manifest brace-expansion@^5.0.8
1814 silly packumentCache full:https://registry.npmjs.org/brace-expansion cache-miss
1815 silly fetch manifest lru-cache@^11.0.0
1816 silly packumentCache full:https://registry.npmjs.org/lru-cache cache-hit
1817 http fetch GET 200 https://registry.npmjs.org/brace-expansion 127ms (cache revalidated)
1818 silly packumentCache full:https://registry.npmjs.org/brace-expansion set size:101024 disposed:false
1819 silly placeDep ROOT brace-expansion@5.0.9 OK for: minimatch@10.2.6 want: ^5.0.8
1820 silly fetch manifest balanced-match@^4.0.2
1821 silly packumentCache full:https://registry.npmjs.org/balanced-match cache-miss
1822 http fetch GET 200 https://registry.npmjs.org/balanced-match 91ms (cache revalidated)
1823 silly packumentCache full:https://registry.npmjs.org/balanced-match set size:39082 disposed:false
1824 silly placeDep ROOT balanced-match@4.0.4 OK for: brace-expansion@5.0.9 want: ^4.0.2
1825 silly placeDep node_modules/path-scurry lru-cache@11.5.2 OK for: path-scurry@2.0.2 want: ^11.0.0
1826 silly placeDep node_modules/send debug@2.6.9 OK for: send@0.19.2 want: 2.6.9
1827 silly placeDep ROOT mime@1.6.0 OK for: send@0.19.2 want: 1.6.0
1828 silly placeDep ROOT shebang-regex@3.0.0 OK for: shebang-command@2.0.0 want: ^3.0.0
1829 silly placeDep ROOT es-errors@1.3.0 OK for: side-channel@1.1.1 want: ^1.3.0
1830 silly placeDep ROOT object-inspect@1.13.4 OK for: side-channel@1.1.1 want: ^1.13.4
1831 silly placeDep ROOT side-channel-list@1.0.1 OK for: side-channel@1.1.1 want: ^1.0.1
1832 silly placeDep ROOT side-channel-map@1.0.1 OK for: side-channel@1.1.1 want: ^1.0.1
1833 silly placeDep ROOT side-channel-weakmap@1.0.2 OK for: side-channel@1.1.1 want: ^1.0.2
1834 silly fetch manifest call-bound@^1.0.2
1835 silly packumentCache full:https://registry.npmjs.org/call-bound cache-miss
1836 silly fetch manifest get-intrinsic@^1.2.5
1837 silly packumentCache full:https://registry.npmjs.org/get-intrinsic cache-miss
1838 silly fetch manifest call-bound@^1.0.2
1839 silly packumentCache full:https://registry.npmjs.org/call-bound cache-miss
1840 silly fetch manifest get-intrinsic@^1.2.5
1841 silly packumentCache full:https://registry.npmjs.org/get-intrinsic cache-miss
1842 http fetch GET 200 https://registry.npmjs.org/call-bound 262ms (cache miss)
1843 silly packumentCache full:https://registry.npmjs.org/call-bound set size:undefined disposed:false
1844 http fetch GET 200 https://registry.npmjs.org/call-bound 275ms (cache miss)
1845 silly packumentCache full:https://registry.npmjs.org/call-bound set size:undefined disposed:false
1846 http fetch GET 200 https://registry.npmjs.org/get-intrinsic 278ms (cache miss)
1847 silly packumentCache full:https://registry.npmjs.org/get-intrinsic set size:undefined disposed:false
1848 http fetch GET 200 https://registry.npmjs.org/get-intrinsic 284ms (cache miss)
1849 silly packumentCache full:https://registry.npmjs.org/get-intrinsic set size:undefined disposed:false
1850 silly placeDep ROOT call-bound@1.0.4 OK for: side-channel-map@1.0.1 want: ^1.0.2
1851 silly placeDep ROOT get-intrinsic@1.3.0 OK for: side-channel-map@1.0.1 want: ^1.2.5
1852 silly fetch manifest call-bind-apply-helpers@^1.0.2
1853 silly packumentCache full:https://registry.npmjs.org/call-bind-apply-helpers cache-miss
1854 silly fetch manifest get-intrinsic@^1.3.0
1855 silly packumentCache full:https://registry.npmjs.org/get-intrinsic cache-miss
1856 silly fetch manifest gopd@^1.2.0
1857 silly packumentCache full:https://registry.npmjs.org/gopd cache-miss
1858 silly fetch manifest hasown@^2.0.2
1859 silly packumentCache full:https://registry.npmjs.org/hasown cache-miss
1860 silly fetch manifest get-proto@^1.0.1
1861 silly packumentCache full:https://registry.npmjs.org/get-proto cache-miss
1862 silly fetch manifest has-symbols@^1.1.0
1863 silly packumentCache full:https://registry.npmjs.org/has-symbols cache-miss
1864 silly fetch manifest function-bind@^1.1.2
1865 silly packumentCache full:https://registry.npmjs.org/function-bind cache-miss
1866 http cache https://registry.npmjs.org/get-intrinsic 44ms (cache hit)
1867 silly packumentCache full:https://registry.npmjs.org/get-intrinsic set size:60985 disposed:false
1868 silly fetch manifest es-object-atoms@^1.1.1
1869 silly packumentCache full:https://registry.npmjs.org/es-object-atoms cache-miss
1870 http fetch GET 200 https://registry.npmjs.org/function-bind 130ms (cache miss)
1871 silly packumentCache full:https://registry.npmjs.org/function-bind set size:undefined disposed:false
1872 silly fetch manifest math-intrinsics@^1.1.0
1873 silly packumentCache full:https://registry.npmjs.org/math-intrinsics cache-miss
1874 http fetch GET 200 https://registry.npmjs.org/gopd 145ms (cache miss)
1875 silly packumentCache full:https://registry.npmjs.org/gopd set size:undefined disposed:false
1876 silly fetch manifest call-bind-apply-helpers@^1.0.2
1877 silly packumentCache full:https://registry.npmjs.org/call-bind-apply-helpers cache-miss
1878 http fetch GET 200 https://registry.npmjs.org/hasown 162ms (cache miss)
1879 silly packumentCache full:https://registry.npmjs.org/hasown set size:undefined disposed:false
1880 http fetch GET 200 https://registry.npmjs.org/get-proto 168ms (cache miss)
1881 silly packumentCache full:https://registry.npmjs.org/get-proto set size:undefined disposed:false
1882 http fetch GET 200 https://registry.npmjs.org/has-symbols 172ms (cache miss)
1883 silly packumentCache full:https://registry.npmjs.org/has-symbols set size:undefined disposed:false
1884 http fetch GET 200 https://registry.npmjs.org/es-object-atoms 134ms (cache miss)
1885 silly packumentCache full:https://registry.npmjs.org/es-object-atoms set size:undefined disposed:false
1886 http fetch GET 200 https://registry.npmjs.org/math-intrinsics 94ms (cache miss)
1887 silly packumentCache full:https://registry.npmjs.org/math-intrinsics set size:undefined disposed:false
1888 http fetch GET 200 https://registry.npmjs.org/call-bind-apply-helpers 91ms (cache miss)
1889 silly packumentCache full:https://registry.npmjs.org/call-bind-apply-helpers set size:undefined disposed:false
1890 http fetch GET 200 https://registry.npmjs.org/call-bind-apply-helpers 354ms (cache miss)
1891 silly packumentCache full:https://registry.npmjs.org/call-bind-apply-helpers set size:undefined disposed:false
1892 silly placeDep ROOT call-bind-apply-helpers@1.0.2 OK for: call-bound@1.0.4 want: ^1.0.2
1893 silly placeDep ROOT function-bind@1.1.2 OK for: call-bind-apply-helpers@1.0.2 want: ^1.1.2
1894 silly placeDep ROOT es-object-atoms@1.1.2 OK for: get-intrinsic@1.3.0 want: ^1.1.1
1895 silly placeDep ROOT get-proto@1.0.1 OK for: get-intrinsic@1.3.0 want: ^1.0.1
1896 silly placeDep ROOT gopd@1.2.0 OK for: get-intrinsic@1.3.0 want: ^1.2.0
1897 silly placeDep ROOT has-symbols@1.1.0 OK for: get-intrinsic@1.3.0 want: ^1.1.0
1898 silly placeDep ROOT hasown@2.0.4 OK for: get-intrinsic@1.3.0 want: ^2.0.2
1899 silly placeDep ROOT math-intrinsics@1.1.0 OK for: get-intrinsic@1.3.0 want: ^1.1.0
1900 silly fetch manifest dunder-proto@^1.0.1
1901 silly packumentCache full:https://registry.npmjs.org/dunder-proto cache-miss
1902 http fetch GET 200 https://registry.npmjs.org/dunder-proto 74ms (cache miss)
1903 silly packumentCache full:https://registry.npmjs.org/dunder-proto set size:undefined disposed:false
1904 silly placeDep ROOT dunder-proto@1.0.1 OK for: get-proto@1.0.1 want: ^1.0.1
1905 silly placeDep ROOT ansi-styles@4.3.0 OK for: slice-ansi@4.0.0 want: ^4.0.0
1906 silly placeDep ROOT astral-regex@2.0.0 OK for: slice-ansi@4.0.0 want: ^2.0.0
1907 silly placeDep ROOT is-fullwidth-code-point@3.0.0 OK for: slice-ansi@4.0.0 want: ^3.0.0
1908 silly fetch manifest color-convert@^2.0.1
1909 silly packumentCache full:https://registry.npmjs.org/color-convert cache-miss
1910 http fetch GET 200 https://registry.npmjs.org/color-convert 107ms (cache revalidated)
1911 silly packumentCache full:https://registry.npmjs.org/color-convert set size:72663 disposed:false
1912 silly placeDep ROOT color-convert@2.0.1 OK for: ansi-styles@4.3.0 want: ^2.0.1
1913 silly fetch manifest color-name@~1.1.4
1914 silly packumentCache full:https://registry.npmjs.org/color-name cache-miss
1915 http fetch GET 200 https://registry.npmjs.org/color-name 196ms (cache revalidated)
1916 silly packumentCache full:https://registry.npmjs.org/color-name set size:20968 disposed:false
1917 silly placeDep ROOT color-name@1.1.4 OK for: color-convert@2.0.1 want: ~1.1.4
1918 silly placeDep node_modules/string_decoder safe-buffer@5.1.2 OK for: string_decoder@1.1.1 want: ~5.1.0
1919 silly placeDep ROOT emoji-regex@8.0.0 OK for: string-width@4.2.3 want: ^8.0.0
1920 silly placeDep ROOT ansi-regex@5.0.1 OK for: strip-ansi@6.0.1 want: ^5.0.1
1921 silly placeDep ROOT @isaacs/fs-minipass@4.0.1 OK for: tar@7.5.22 want: ^4.0.0
1922 silly placeDep ROOT chownr@3.0.0 OK for: tar@7.5.22 want: ^3.0.0
1923 silly placeDep ROOT minizlib@3.1.0 OK for: tar@7.5.22 want: ^3.1.0
1924 silly placeDep node_modules/tar yallist@5.0.0 OK for: tar@7.5.22 want: ^5.0.0
1925 silly placeDep node_modules/through2 readable-stream@3.6.2 OK for: through2@4.0.2 want: 3
1926 silly placeDep node_modules/tsx esbuild@0.28.2 OK for: tsx@4.23.12 want: ~0.28.0
1927 silly placeDep ROOT fsevents@2.3.3 OK for: tsx@4.23.12 want: ~2.3.3
1928 silly fetch manifest @esbuild/aix-ppc64@0.28.2
1929 silly packumentCache full:https://registry.npmjs.org/@esbuild%2faix-ppc64 cache-miss
1930 silly fetch manifest @esbuild/linux-arm@0.28.2
1931 silly packumentCache full:https://registry.npmjs.org/@esbuild%2flinux-arm cache-miss
1932 silly fetch manifest @esbuild/linux-x64@0.28.2
1933 silly packumentCache full:https://registry.npmjs.org/@esbuild%2flinux-x64 cache-miss
1934 silly fetch manifest @esbuild/sunos-x64@0.28.2
1935 silly packumentCache full:https://registry.npmjs.org/@esbuild%2fsunos-x64 cache-miss
1936 silly fetch manifest @esbuild/win32-x64@0.28.2
1937 silly packumentCache full:https://registry.npmjs.org/@esbuild%2fwin32-x64 cache-miss
1938 silly fetch manifest @esbuild/darwin-x64@0.28.2
1939 silly packumentCache full:https://registry.npmjs.org/@esbuild%2fdarwin-x64 cache-miss
1940 silly fetch manifest @esbuild/linux-ia32@0.28.2
1941 silly packumentCache full:https://registry.npmjs.org/@esbuild%2flinux-ia32 cache-miss
1942 http cache https://registry.npmjs.org/@esbuild%2flinux-arm 44ms (cache hit)
1943 silly packumentCache full:https://registry.npmjs.org/@esbuild%2flinux-arm set size:198596 disposed:false
1944 silly fetch manifest @esbuild/netbsd-x64@0.28.2
1945 silly packumentCache full:https://registry.npmjs.org/@esbuild%2fnetbsd-x64 cache-miss
1946 http cache https://registry.npmjs.org/@esbuild%2flinux-x64 60ms (cache hit)
1947 silly packumentCache full:https://registry.npmjs.org/@esbuild%2flinux-x64 set size:198942 disposed:false
1948 silly fetch manifest @esbuild/win32-ia32@0.28.2
1949 silly packumentCache full:https://registry.npmjs.org/@esbuild%2fwin32-ia32 cache-miss
1950 http cache https://registry.npmjs.org/@esbuild%2faix-ppc64 78ms (cache hit)
1951 silly packumentCache full:https://registry.npmjs.org/@esbuild%2faix-ppc64 set size:67797 disposed:false
1952 silly fetch manifest @esbuild/android-arm@0.28.2
1953 silly packumentCache full:https://registry.npmjs.org/@esbuild%2fandroid-arm cache-miss
1954 http cache https://registry.npmjs.org/@esbuild%2fsunos-x64 85ms (cache hit)
1955 silly packumentCache full:https://registry.npmjs.org/@esbuild%2fsunos-x64 set size:199187 disposed:false
1956 silly fetch manifest @esbuild/android-x64@0.28.2
1957 silly packumentCache full:https://registry.npmjs.org/@esbuild%2fandroid-x64 cache-miss
1958 http cache https://registry.npmjs.org/@esbuild%2fwin32-x64 101ms (cache hit)
1959 silly packumentCache full:https://registry.npmjs.org/@esbuild%2fwin32-x64 set size:197540 disposed:false
1960 silly fetch manifest @esbuild/freebsd-x64@0.28.2
1961 silly packumentCache full:https://registry.npmjs.org/@esbuild%2ffreebsd-x64 cache-miss
1962 http cache https://registry.npmjs.org/@esbuild%2flinux-ia32 115ms (cache hit)
1963 silly packumentCache full:https://registry.npmjs.org/@esbuild%2flinux-ia32 set size:199625 disposed:false
1964 silly fetch manifest @esbuild/linux-arm64@0.28.2
1965 silly packumentCache full:https://registry.npmjs.org/@esbuild%2flinux-arm64 cache-miss
1966 http cache https://registry.npmjs.org/@esbuild%2fdarwin-x64 131ms (cache hit)
1967 silly packumentCache full:https://registry.npmjs.org/@esbuild%2fdarwin-x64 set size:199670 disposed:false
1968 silly fetch manifest @esbuild/linux-ppc64@0.28.2
1969 silly packumentCache full:https://registry.npmjs.org/@esbuild%2flinux-ppc64 cache-miss
1970 http cache https://registry.npmjs.org/@esbuild%2fnetbsd-x64 389ms (cache hit)
1971 silly packumentCache full:https://registry.npmjs.org/@esbuild%2fnetbsd-x64 set size:197314 disposed:false
1972 silly fetch manifest @esbuild/linux-s390x@0.28.2
1973 silly packumentCache full:https://registry.npmjs.org/@esbuild%2flinux-s390x cache-miss
1974 http cache https://registry.npmjs.org/@esbuild%2fandroid-arm 380ms (cache hit)
1975 silly packumentCache full:https://registry.npmjs.org/@esbuild%2fandroid-arm set size:225217 disposed:false
1976 silly fetch manifest @esbuild/openbsd-x64@0.28.2
1977 silly packumentCache full:https://registry.npmjs.org/@esbuild%2fopenbsd-x64 cache-miss
1978 http cache https://registry.npmjs.org/@esbuild%2fwin32-ia32 409ms (cache hit)
1979 silly packumentCache full:https://registry.npmjs.org/@esbuild%2fwin32-ia32 set size:199854 disposed:false
1980 silly fetch manifest @esbuild/win32-arm64@0.28.2
1981 silly packumentCache full:https://registry.npmjs.org/@esbuild%2fwin32-arm64 cache-miss
1982 http cache https://registry.npmjs.org/@esbuild%2fandroid-x64 398ms (cache hit)
1983 silly packumentCache full:https://registry.npmjs.org/@esbuild%2fandroid-x64 set size:199017 disposed:false
1984 silly fetch manifest @esbuild/darwin-arm64@0.28.2
1985 silly packumentCache full:https://registry.npmjs.org/@esbuild%2fdarwin-arm64 cache-miss
1986 http cache https://registry.npmjs.org/@esbuild%2flinux-arm64 377ms (cache hit)
1987 silly packumentCache full:https://registry.npmjs.org/@esbuild%2flinux-arm64 set size:200773 disposed:false
1988 silly fetch manifest @esbuild/netbsd-arm64@0.28.2
1989 silly packumentCache full:https://registry.npmjs.org/@esbuild%2fnetbsd-arm64 cache-miss
1990 http cache https://registry.npmjs.org/@esbuild%2ffreebsd-x64 407ms (cache hit)
1991 silly packumentCache full:https://registry.npmjs.org/@esbuild%2ffreebsd-x64 set size:200565 disposed:false
1992 silly fetch manifest @esbuild/android-arm64@0.28.2
1993 silly packumentCache full:https://registry.npmjs.org/@esbuild%2fandroid-arm64 cache-miss
1994 http cache https://registry.npmjs.org/@esbuild%2flinux-ppc64 392ms (cache hit)
1995 silly packumentCache full:https://registry.npmjs.org/@esbuild%2flinux-ppc64 set size:202845 disposed:false
1996 silly fetch manifest @esbuild/freebsd-arm64@0.28.2
1997 silly packumentCache full:https://registry.npmjs.org/@esbuild%2ffreebsd-arm64 cache-miss
1998 http cache https://registry.npmjs.org/@esbuild%2flinux-s390x 122ms (cache hit)
1999 silly packumentCache full:https://registry.npmjs.org/@esbuild%2flinux-s390x set size:202310 disposed:false
2000 silly fetch manifest @esbuild/linux-loong64@0.28.2
2001 silly packumentCache full:https://registry.npmjs.org/@esbuild%2flinux-loong64 cache-miss
2002 http cache https://registry.npmjs.org/@esbuild%2fopenbsd-x64 120ms (cache hit)
2003 silly packumentCache full:https://registry.npmjs.org/@esbuild%2fopenbsd-x64 set size:200576 disposed:false
2004 silly fetch manifest @esbuild/linux-riscv64@0.28.2
2005 silly packumentCache full:https://registry.npmjs.org/@esbuild%2flinux-riscv64 cache-miss
2006 http cache https://registry.npmjs.org/@esbuild%2fwin32-arm64 119ms (cache hit)
2007 silly packumentCache full:https://registry.npmjs.org/@esbuild%2fwin32-arm64 set size:201005 disposed:false
2008 silly fetch manifest @esbuild/openbsd-arm64@0.28.2
2009 silly packumentCache full:https://registry.npmjs.org/@esbuild%2fopenbsd-arm64 cache-miss
2010 http cache https://registry.npmjs.org/@esbuild%2fdarwin-arm64 120ms (cache hit)
2011 silly packumentCache full:https://registry.npmjs.org/@esbuild%2fdarwin-arm64 set size:201471 disposed:false
2012 silly fetch manifest @esbuild/linux-mips64el@0.28.2
2013 silly packumentCache full:https://registry.npmjs.org/@esbuild%2flinux-mips64el cache-miss
2014 http cache https://registry.npmjs.org/@esbuild%2fandroid-arm64 105ms (cache hit)
2015 silly packumentCache full:https://registry.npmjs.org/@esbuild%2fandroid-arm64 set size:204216 disposed:false
2016 silly fetch manifest @esbuild/openharmony-arm64@0.28.2
2017 silly packumentCache full:https://registry.npmjs.org/@esbuild%2fopenharmony-arm64 cache-miss
2018 http cache https://registry.npmjs.org/@esbuild%2fnetbsd-arm64 136ms (cache hit)
2019 silly packumentCache full:https://registry.npmjs.org/@esbuild%2fnetbsd-arm64 set size:44308 disposed:false
2020 http cache https://registry.npmjs.org/@esbuild%2ffreebsd-arm64 114ms (cache hit)
2021 silly packumentCache full:https://registry.npmjs.org/@esbuild%2ffreebsd-arm64 set size:202383 disposed:false
2022 http cache https://registry.npmjs.org/@esbuild%2fopenbsd-arm64 75ms (cache hit)
2023 silly packumentCache full:https://registry.npmjs.org/@esbuild%2fopenbsd-arm64 set size:49642 disposed:false
2024 http cache https://registry.npmjs.org/@esbuild%2flinux-loong64 110ms (cache hit)
2025 silly packumentCache full:https://registry.npmjs.org/@esbuild%2flinux-loong64 set size:255749 disposed:false
2026 http cache https://registry.npmjs.org/@esbuild%2flinux-riscv64 110ms (cache hit)
2027 silly packumentCache full:https://registry.npmjs.org/@esbuild%2flinux-riscv64 set size:202512 disposed:false
2028 http cache https://registry.npmjs.org/@esbuild%2fopenharmony-arm64 75ms (cache hit)
2029 silly packumentCache full:https://registry.npmjs.org/@esbuild%2fopenharmony-arm64 set size:33054 disposed:false
2030 http cache https://registry.npmjs.org/@esbuild%2flinux-mips64el 97ms (cache hit)
2031 silly packumentCache full:https://registry.npmjs.org/@esbuild%2flinux-mips64el set size:204633 disposed:false
2032 silly placeDep ROOT media-typer@0.3.0 OK for: type-is@1.6.18 want: 0.3.0
2033 silly placeDep ROOT escalade@3.2.0 OK for: update-browserslist-db@1.3.1 want: ^3.2.0
2034 silly placeDep ROOT fdir@6.5.0 OK for: vite@6.4.3 want: ^6.4.4
2035 silly placeDep ROOT picomatch@4.0.5 OK for: vite@6.4.3 want: ^4.0.2
2036 silly placeDep ROOT rollup@4.62.5 OK for: vite@6.4.3 want: ^4.34.9
2037 silly placeDep ROOT tinyglobby@0.2.17 OK for: vite@6.4.3 want: ^0.2.13
2038 silly fetch manifest @types/estree@1.0.9
2039 silly packumentCache full:https://registry.npmjs.org/@types%2festree cache-miss
2040 silly fetch manifest @rollup/rollup-darwin-x64@4.62.5
2041 silly packumentCache full:https://registry.npmjs.org/@rollup%2frollup-darwin-x64 cache-miss
2042 silly fetch manifest @rollup/rollup-freebsd-x64@4.62.5
2043 silly packumentCache full:https://registry.npmjs.org/@rollup%2frollup-freebsd-x64 cache-miss
2044 silly fetch manifest @rollup/rollup-openbsd-x64@4.62.5
2045 silly packumentCache full:https://registry.npmjs.org/@rollup%2frollup-openbsd-x64 cache-miss
2046 silly fetch manifest @napi-rs/lzma-linux-x64-gnu@1.5.1
2047 silly packumentCache full:https://registry.npmjs.org/@napi-rs%2flzma-linux-x64-gnu cache-miss
2048 silly fetch manifest @rollup/rollup-darwin-arm64@4.62.5
2049 silly packumentCache full:https://registry.npmjs.org/@rollup%2frollup-darwin-arm64 cache-miss
2050 silly fetch manifest @rollup/rollup-android-arm64@4.62.5
2051 silly packumentCache full:https://registry.npmjs.org/@rollup%2frollup-android-arm64 cache-miss
2052 http fetch GET 200 https://registry.npmjs.org/@napi-rs%2flzma-linux-x64-gnu 215ms (cache miss)
2053 silly packumentCache full:https://registry.npmjs.org/@napi-rs%2flzma-linux-x64-gnu set size:undefined disposed:false
2054 silly fetch manifest @rollup/rollup-freebsd-arm64@4.62.5
2055 silly packumentCache full:https://registry.npmjs.org/@rollup%2frollup-freebsd-arm64 cache-miss
2056 http fetch GET 200 https://registry.npmjs.org/@types%2festree 253ms (cache miss)
2057 silly packumentCache full:https://registry.npmjs.org/@types%2festree set size:undefined disposed:false
2058 silly fetch manifest @rollup/rollup-linux-x64-gnu@4.62.5
2059 silly packumentCache full:https://registry.npmjs.org/@rollup%2frollup-linux-x64-gnu cache-miss
2060 http fetch GET 200 https://registry.npmjs.org/@rollup%2frollup-openbsd-x64 280ms (cache miss)
2061 silly packumentCache full:https://registry.npmjs.org/@rollup%2frollup-openbsd-x64 set size:undefined disposed:false
2062 silly fetch manifest @rollup/rollup-win32-x64-gnu@4.62.5
2063 silly packumentCache full:https://registry.npmjs.org/@rollup%2frollup-win32-x64-gnu cache-miss
2064 http fetch GET 200 https://registry.npmjs.org/@rollup%2frollup-freebsd-x64 303ms (cache miss)
2065 silly packumentCache full:https://registry.npmjs.org/@rollup%2frollup-freebsd-x64 set size:undefined disposed:false
2066 silly fetch manifest @rollup/rollup-linux-x64-musl@4.62.5
2067 silly packumentCache full:https://registry.npmjs.org/@rollup%2frollup-linux-x64-musl cache-miss
2068 http fetch GET 200 https://registry.npmjs.org/@rollup%2frollup-android-arm64 351ms (cache miss)
2069 silly packumentCache full:https://registry.npmjs.org/@rollup%2frollup-android-arm64 set size:undefined disposed:false
2070 silly fetch manifest @rollup/rollup-win32-x64-msvc@4.62.5
2071 silly packumentCache full:https://registry.npmjs.org/@rollup%2frollup-win32-x64-msvc cache-miss
2072 http fetch GET 200 https://registry.npmjs.org/@rollup%2frollup-darwin-arm64 473ms (cache miss)
2073 silly packumentCache full:https://registry.npmjs.org/@rollup%2frollup-darwin-arm64 set size:undefined disposed:false
2074 silly fetch manifest @rollup/rollup-linux-arm64-gnu@4.62.5
2075 silly packumentCache full:https://registry.npmjs.org/@rollup%2frollup-linux-arm64-gnu cache-miss
2076 http fetch GET 200 https://registry.npmjs.org/@rollup%2frollup-darwin-x64 538ms (cache miss)
2077 silly packumentCache full:https://registry.npmjs.org/@rollup%2frollup-darwin-x64 set size:undefined disposed:false
2078 silly fetch manifest @rollup/rollup-linux-ppc64-gnu@4.62.5
2079 silly packumentCache full:https://registry.npmjs.org/@rollup%2frollup-linux-ppc64-gnu cache-miss
2080 http fetch GET 200 https://registry.npmjs.org/@rollup%2frollup-freebsd-arm64 339ms (cache miss)
2081 silly packumentCache full:https://registry.npmjs.org/@rollup%2frollup-freebsd-arm64 set size:undefined disposed:false
2082 silly fetch manifest @rollup/rollup-linux-s390x-gnu@4.62.5
2083 silly packumentCache full:https://registry.npmjs.org/@rollup%2frollup-linux-s390x-gnu cache-miss
2084 http fetch GET 200 https://registry.npmjs.org/@rollup%2frollup-win32-x64-gnu 303ms (cache miss)
2085 silly packumentCache full:https://registry.npmjs.org/@rollup%2frollup-win32-x64-gnu set size:undefined disposed:false
2086 silly fetch manifest @rollup/rollup-win32-ia32-msvc@4.62.5
2087 silly packumentCache full:https://registry.npmjs.org/@rollup%2frollup-win32-ia32-msvc cache-miss
2088 http fetch GET 200 https://registry.npmjs.org/@rollup%2frollup-linux-x64-musl 317ms (cache miss)
2089 silly packumentCache full:https://registry.npmjs.org/@rollup%2frollup-linux-x64-musl set size:undefined disposed:false
2090 silly fetch manifest @rollup/rollup-android-arm-eabi@4.62.5
2091 silly packumentCache full:https://registry.npmjs.org/@rollup%2frollup-android-arm-eabi cache-miss
2092 http fetch GET 200 https://registry.npmjs.org/@rollup%2frollup-linux-ppc64-gnu 283ms (cache miss)
2093 silly packumentCache full:https://registry.npmjs.org/@rollup%2frollup-linux-ppc64-gnu set size:undefined disposed:false
2094 silly fetch manifest @rollup/rollup-linux-arm64-musl@4.62.5
2095 silly packumentCache full:https://registry.npmjs.org/@rollup%2frollup-linux-arm64-musl cache-miss
2096 http fetch GET 200 https://registry.npmjs.org/@rollup%2frollup-win32-ia32-msvc 251ms (cache miss)
2097 silly packumentCache full:https://registry.npmjs.org/@rollup%2frollup-win32-ia32-msvc set size:undefined disposed:false
2098 silly fetch manifest @rollup/rollup-linux-ppc64-musl@4.62.5
2099 silly packumentCache full:https://registry.npmjs.org/@rollup%2frollup-linux-ppc64-musl cache-miss
2100 http fetch GET 200 https://registry.npmjs.org/@rollup%2frollup-linux-x64-gnu 630ms (cache miss)
2101 silly packumentCache full:https://registry.npmjs.org/@rollup%2frollup-linux-x64-gnu set size:undefined disposed:false
2102 silly fetch manifest @rollup/rollup-win32-arm64-msvc@4.62.5
2103 silly packumentCache full:https://registry.npmjs.org/@rollup%2frollup-win32-arm64-msvc cache-miss
2104 http fetch GET 200 https://registry.npmjs.org/@rollup%2frollup-win32-x64-msvc 522ms (cache miss)
2105 silly packumentCache full:https://registry.npmjs.org/@rollup%2frollup-win32-x64-msvc set size:undefined disposed:false
2106 silly fetch manifest @rollup/rollup-linux-loong64-gnu@4.62.5
2107 silly packumentCache full:https://registry.npmjs.org/@rollup%2frollup-linux-loong64-gnu cache-miss
2108 http fetch GET 200 https://registry.npmjs.org/@rollup%2frollup-linux-s390x-gnu 369ms (cache miss)
2109 silly packumentCache full:https://registry.npmjs.org/@rollup%2frollup-linux-s390x-gnu set size:undefined disposed:false
2110 silly fetch manifest @rollup/rollup-linux-riscv64-gnu@4.62.5
2111 silly packumentCache full:https://registry.npmjs.org/@rollup%2frollup-linux-riscv64-gnu cache-miss
2112 http fetch GET 200 https://registry.npmjs.org/@rollup%2frollup-linux-arm64-gnu 542ms (cache miss)
2113 silly packumentCache full:https://registry.npmjs.org/@rollup%2frollup-linux-arm64-gnu set size:undefined disposed:false
2114 silly fetch manifest @rollup/rollup-openharmony-arm64@4.62.5
2115 silly packumentCache full:https://registry.npmjs.org/@rollup%2frollup-openharmony-arm64 cache-miss
2116 http fetch GET 200 https://registry.npmjs.org/@rollup%2frollup-android-arm-eabi 403ms (cache miss)
2117 silly packumentCache full:https://registry.npmjs.org/@rollup%2frollup-android-arm-eabi set size:undefined disposed:false
2118 silly fetch manifest @rollup/rollup-linux-loong64-musl@4.62.5
2119 silly packumentCache full:https://registry.npmjs.org/@rollup%2frollup-linux-loong64-musl cache-miss
2120 http fetch GET 200 https://registry.npmjs.org/@rollup%2frollup-linux-ppc64-musl 243ms (cache miss)
2121 silly packumentCache full:https://registry.npmjs.org/@rollup%2frollup-linux-ppc64-musl set size:undefined disposed:false
2122 silly fetch manifest @rollup/rollup-linux-riscv64-musl@4.62.5
2123 silly packumentCache full:https://registry.npmjs.org/@rollup%2frollup-linux-riscv64-musl cache-miss
2124 http fetch GET 200 https://registry.npmjs.org/@rollup%2frollup-linux-loong64-musl 208ms (cache miss)
2125 silly packumentCache full:https://registry.npmjs.org/@rollup%2frollup-linux-loong64-musl set size:undefined disposed:false
2126 silly fetch manifest @rollup/rollup-linux-arm-gnueabihf@4.62.5
2127 silly packumentCache full:https://registry.npmjs.org/@rollup%2frollup-linux-arm-gnueabihf cache-miss
2128 http fetch GET 200 https://registry.npmjs.org/@rollup%2frollup-win32-arm64-msvc 399ms (cache miss)
2129 silly packumentCache full:https://registry.npmjs.org/@rollup%2frollup-win32-arm64-msvc set size:undefined disposed:false
2130 silly fetch manifest @rollup/rollup-linux-arm-musleabihf@4.62.5
2131 silly packumentCache full:https://registry.npmjs.org/@rollup%2frollup-linux-arm-musleabihf cache-miss
2132 http fetch GET 200 https://registry.npmjs.org/@rollup%2frollup-openharmony-arm64 268ms (cache miss)
2133 silly packumentCache full:https://registry.npmjs.org/@rollup%2frollup-openharmony-arm64 set size:undefined disposed:false
2134 http fetch GET 200 https://registry.npmjs.org/@rollup%2frollup-linux-arm64-musl 487ms (cache miss)
2135 silly packumentCache full:https://registry.npmjs.org/@rollup%2frollup-linux-arm64-musl set size:undefined disposed:false
2136 http fetch GET 200 https://registry.npmjs.org/@rollup%2frollup-linux-riscv64-gnu 401ms (cache miss)
2137 silly packumentCache full:https://registry.npmjs.org/@rollup%2frollup-linux-riscv64-gnu set size:undefined disposed:false
2138 http fetch GET 200 https://registry.npmjs.org/@rollup%2frollup-linux-riscv64-musl 259ms (cache miss)
2139 silly packumentCache full:https://registry.npmjs.org/@rollup%2frollup-linux-riscv64-musl set size:undefined disposed:false
2140 http fetch GET 200 https://registry.npmjs.org/@rollup%2frollup-linux-loong64-gnu 496ms (cache miss)
2141 silly packumentCache full:https://registry.npmjs.org/@rollup%2frollup-linux-loong64-gnu set size:undefined disposed:false
2142 http fetch GET 200 https://registry.npmjs.org/@rollup%2frollup-linux-arm-musleabihf 350ms (cache miss)
2143 silly packumentCache full:https://registry.npmjs.org/@rollup%2frollup-linux-arm-musleabihf set size:undefined disposed:false
2144 http fetch GET 200 https://registry.npmjs.org/@rollup%2frollup-linux-arm-gnueabihf 654ms (cache miss)
2145 silly packumentCache full:https://registry.npmjs.org/@rollup%2frollup-linux-arm-gnueabihf set size:undefined disposed:false
2146 silly placeDep ROOT @napi-rs/lzma-linux-x64-gnu@1.5.1 OK for: rollup@4.62.5 want: 1.5.1
2147 silly placeDep ROOT @rollup/rollup-android-arm-eabi@4.62.5 OK for: rollup@4.62.5 want: 4.62.5
2148 silly placeDep ROOT @rollup/rollup-android-arm64@4.62.5 OK for: rollup@4.62.5 want: 4.62.5
2149 silly placeDep ROOT @rollup/rollup-darwin-arm64@4.62.5 OK for: rollup@4.62.5 want: 4.62.5
2150 silly placeDep ROOT @rollup/rollup-darwin-x64@4.62.5 OK for: rollup@4.62.5 want: 4.62.5
2151 silly placeDep ROOT @rollup/rollup-freebsd-arm64@4.62.5 OK for: rollup@4.62.5 want: 4.62.5
2152 silly placeDep ROOT @rollup/rollup-freebsd-x64@4.62.5 OK for: rollup@4.62.5 want: 4.62.5
2153 silly placeDep ROOT @rollup/rollup-linux-arm-gnueabihf@4.62.5 OK for: rollup@4.62.5 want: 4.62.5
2154 silly placeDep ROOT @rollup/rollup-linux-arm-musleabihf@4.62.5 OK for: rollup@4.62.5 want: 4.62.5
2155 silly placeDep ROOT @rollup/rollup-linux-arm64-gnu@4.62.5 OK for: rollup@4.62.5 want: 4.62.5
2156 silly placeDep ROOT @rollup/rollup-linux-arm64-musl@4.62.5 OK for: rollup@4.62.5 want: 4.62.5
2157 silly placeDep ROOT @rollup/rollup-linux-loong64-gnu@4.62.5 OK for: rollup@4.62.5 want: 4.62.5
2158 silly placeDep ROOT @rollup/rollup-linux-loong64-musl@4.62.5 OK for: rollup@4.62.5 want: 4.62.5
2159 silly placeDep ROOT @rollup/rollup-linux-ppc64-gnu@4.62.5 OK for: rollup@4.62.5 want: 4.62.5
2160 silly placeDep ROOT @rollup/rollup-linux-ppc64-musl@4.62.5 OK for: rollup@4.62.5 want: 4.62.5
2161 silly placeDep ROOT @rollup/rollup-linux-riscv64-gnu@4.62.5 OK for: rollup@4.62.5 want: 4.62.5
2162 silly placeDep ROOT @rollup/rollup-linux-riscv64-musl@4.62.5 OK for: rollup@4.62.5 want: 4.62.5
2163 silly placeDep ROOT @rollup/rollup-linux-s390x-gnu@4.62.5 OK for: rollup@4.62.5 want: 4.62.5
2164 silly placeDep ROOT @rollup/rollup-linux-x64-gnu@4.62.5 OK for: rollup@4.62.5 want: 4.62.5
2165 silly placeDep ROOT @rollup/rollup-linux-x64-musl@4.62.5 OK for: rollup@4.62.5 want: 4.62.5
2166 silly placeDep ROOT @rollup/rollup-openbsd-x64@4.62.5 OK for: rollup@4.62.5 want: 4.62.5
2167 silly placeDep ROOT @rollup/rollup-openharmony-arm64@4.62.5 OK for: rollup@4.62.5 want: 4.62.5
2168 silly placeDep ROOT @rollup/rollup-win32-arm64-msvc@4.62.5 OK for: rollup@4.62.5 want: 4.62.5
2169 silly placeDep ROOT @rollup/rollup-win32-ia32-msvc@4.62.5 OK for: rollup@4.62.5 want: 4.62.5
2170 silly placeDep ROOT @rollup/rollup-win32-x64-gnu@4.62.5 OK for: rollup@4.62.5 want: 4.62.5
2171 silly placeDep ROOT @rollup/rollup-win32-x64-msvc@4.62.5 OK for: rollup@4.62.5 want: 4.62.5
2172 silly placeDep ROOT @types/estree@1.0.9 OK for: rollup@4.62.5 want: 1.0.9
2173 silly placeDep ROOT isexe@2.0.0 OK for: which@2.0.2 want: ^2.0.0
2174 silly placeDep ROOT simple-plist@1.3.1 OK for: xcode@3.0.1 want: ^1.1.0
2175 silly placeDep ROOT uuid@7.0.3 OK for: xcode@3.0.1 want: ^7.0.3
2176 silly fetch manifest bplist-creator@0.1.0
2177 silly packumentCache full:https://registry.npmjs.org/bplist-creator cache-miss
2178 silly fetch manifest bplist-parser@0.3.1
2179 silly packumentCache full:https://registry.npmjs.org/bplist-parser cache-hit
2180 http fetch GET 200 https://registry.npmjs.org/bplist-creator 190ms (cache revalidated)
2181 silly packumentCache full:https://registry.npmjs.org/bplist-creator set size:18748 disposed:false
2182 silly placeDep ROOT bplist-creator@0.1.0 OK for: simple-plist@1.3.1 want: 0.1.0
2183 silly placeDep node_modules/simple-plist bplist-parser@0.3.1 OK for: simple-plist@1.3.1 want: 0.3.1
2184 silly fetch manifest stream-buffers@2.2.x
2185 silly packumentCache full:https://registry.npmjs.org/stream-buffers cache-miss
2186 http fetch GET 200 https://registry.npmjs.org/stream-buffers 88ms (cache revalidated)
2187 silly packumentCache full:https://registry.npmjs.org/stream-buffers set size:32945 disposed:false
2188 silly placeDep ROOT stream-buffers@2.2.0 OK for: bplist-creator@0.1.0 want: 2.2.x
2189 silly placeDep node_modules/xml2js xmlbuilder@11.0.1 OK for: xml2js@0.6.2 want: ~11.0.0
2190 silly placeDep ROOT buffer-crc32@0.2.13 OK for: yauzl@2.10.0 want: ~0.2.3
2191 silly placeDep ROOT fd-slicer@1.1.0 OK for: yauzl@2.10.0 want: ~1.1.0
2192 silly fetch manifest pend@~1.2.0
2193 silly packumentCache full:https://registry.npmjs.org/pend cache-miss
2194 http fetch GET 200 https://registry.npmjs.org/pend 83ms (cache revalidated)
2195 silly packumentCache full:https://registry.npmjs.org/pend set size:8066 disposed:false
2196 silly placeDep ROOT pend@1.2.0 OK for: fd-slicer@1.1.0 want: ~1.2.0
2197 silly placeDep ROOT at-least-node@1.0.0 OK for: fs-extra@9.1.0 want: ^1.0.0
2198 silly placeDep ROOT @types/mime@1.3.5 OK for: @types/send@0.17.6 want: ^1
2199 silly placeDep node_modules/body-parser ms@2.0.0 OK for: debug@2.6.9 want: 2.0.0
2200 silly placeDep node_modules/express ms@2.0.0 OK for: debug@2.6.9 want: 2.0.0
2201 silly placeDep node_modules/finalhandler ms@2.0.0 OK for: debug@2.6.9 want: 2.0.0
2202 silly placeDep node_modules/send/node_modules/debug ms@2.0.0 OK for: debug@2.6.9 want: 2.0.0
2203 silly placeDep node_modules/tsx @esbuild/aix-ppc64@0.28.2 OK for: esbuild@0.28.2 want: 0.28.2
2204 silly placeDep node_modules/tsx @esbuild/android-arm@0.28.2 OK for: esbuild@0.28.2 want: 0.28.2
2205 silly placeDep node_modules/tsx @esbuild/android-arm64@0.28.2 OK for: esbuild@0.28.2 want: 0.28.2
2206 silly placeDep node_modules/tsx @esbuild/android-x64@0.28.2 OK for: esbuild@0.28.2 want: 0.28.2
2207 silly placeDep node_modules/tsx @esbuild/darwin-arm64@0.28.2 OK for: esbuild@0.28.2 want: 0.28.2
2208 silly placeDep node_modules/tsx @esbuild/darwin-x64@0.28.2 OK for: esbuild@0.28.2 want: 0.28.2
2209 silly placeDep node_modules/tsx @esbuild/freebsd-arm64@0.28.2 OK for: esbuild@0.28.2 want: 0.28.2
2210 silly placeDep node_modules/tsx @esbuild/freebsd-x64@0.28.2 OK for: esbuild@0.28.2 want: 0.28.2
2211 silly placeDep node_modules/tsx @esbuild/linux-arm@0.28.2 OK for: esbuild@0.28.2 want: 0.28.2
2212 silly placeDep node_modules/tsx @esbuild/linux-arm64@0.28.2 OK for: esbuild@0.28.2 want: 0.28.2
2213 silly placeDep node_modules/tsx @esbuild/linux-ia32@0.28.2 OK for: esbuild@0.28.2 want: 0.28.2
2214 silly placeDep node_modules/tsx @esbuild/linux-loong64@0.28.2 OK for: esbuild@0.28.2 want: 0.28.2
2215 silly placeDep node_modules/tsx @esbuild/linux-mips64el@0.28.2 OK for: esbuild@0.28.2 want: 0.28.2
2216 silly placeDep node_modules/tsx @esbuild/linux-ppc64@0.28.2 OK for: esbuild@0.28.2 want: 0.28.2
2217 silly placeDep node_modules/tsx @esbuild/linux-riscv64@0.28.2 OK for: esbuild@0.28.2 want: 0.28.2
2218 silly placeDep node_modules/tsx @esbuild/linux-s390x@0.28.2 OK for: esbuild@0.28.2 want: 0.28.2
2219 silly placeDep node_modules/tsx @esbuild/linux-x64@0.28.2 OK for: esbuild@0.28.2 want: 0.28.2
2220 silly placeDep node_modules/tsx @esbuild/netbsd-arm64@0.28.2 OK for: esbuild@0.28.2 want: 0.28.2
2221 silly placeDep node_modules/tsx @esbuild/netbsd-x64@0.28.2 OK for: esbuild@0.28.2 want: 0.28.2
2222 silly placeDep node_modules/tsx @esbuild/openbsd-arm64@0.28.2 OK for: esbuild@0.28.2 want: 0.28.2
2223 silly placeDep node_modules/tsx @esbuild/openbsd-x64@0.28.2 OK for: esbuild@0.28.2 want: 0.28.2
2224 silly placeDep node_modules/tsx @esbuild/openharmony-arm64@0.28.2 OK for: esbuild@0.28.2 want: 0.28.2
2225 silly placeDep node_modules/tsx @esbuild/sunos-x64@0.28.2 OK for: esbuild@0.28.2 want: 0.28.2
2226 silly placeDep node_modules/tsx @esbuild/win32-arm64@0.28.2 OK for: esbuild@0.28.2 want: 0.28.2
2227 silly placeDep node_modules/tsx @esbuild/win32-ia32@0.28.2 OK for: esbuild@0.28.2 want: 0.28.2
2228 silly placeDep node_modules/tsx @esbuild/win32-x64@0.28.2 OK for: esbuild@0.28.2 want: 0.28.2
2229 silly reify moves {}
2230 silly audit bulk request {
2230 silly audit   '@capacitor/android': [ '8.5.0' ],
2230 silly audit   '@capacitor/cli': [ '8.5.0' ],
2230 silly audit   '@capacitor/core': [ '8.5.0' ],
2230 silly audit   '@google/genai': [ '2.18.0' ],
2230 silly audit   '@tailwindcss/vite': [ '4.3.3' ],
2230 silly audit   vite: [ '6.4.3' ],
2230 silly audit   '@types/express': [ '4.17.25' ],
2230 silly audit   '@types/node': [ '22.20.1' ],
2230 silly audit   '@vitejs/plugin-react': [ '5.2.0' ],
2230 silly audit   autoprefixer: [ '10.5.4' ],
2230 silly audit   postcss: [ '8.5.26' ],
2230 silly audit   dotenv: [ '17.4.2' ],
2230 silly audit   esbuild: [ '0.25.12', '0.28.2' ],
2230 silly audit   express: [ '4.22.2' ],
2230 silly audit   jszip: [ '3.10.1' ],
2230 silly audit   'lucide-react': [ '0.546.0' ],
2230 silly audit   react: [ '19.2.8' ],
2230 silly audit   motion: [ '12.43.0' ],
2230 silly audit   'react-dom': [ '19.2.8' ],
2230 silly audit   tailwindcss: [ '4.3.3' ],
2230 silly audit   tsx: [ '4.23.12' ],
2230 silly audit   typescript: [ '5.8.3' ],
2230 silly audit   '@ionic/cli-framework-output': [ '2.2.8' ],
2230 silly audit   '@ionic/utils-subprocess': [ '3.0.1' ],
2230 silly audit   '@ionic/utils-terminal': [ '2.3.5' ],
2230 silly audit   commander: [ '12.1.0' ],
2230 silly audit   debug: [ '4.4.3', '2.6.9' ],
2230 silly audit   'env-paths': [ '2.2.1' ],
2230 silly audit   'fs-extra': [ '11.4.0', '9.1.0' ],
2230 silly audit   kleur: [ '4.1.5', '3.0.3' ],
2230 silly audit   'native-run': [ '2.0.3' ],
2230 silly audit   open: [ '8.4.2' ],
2230 silly audit   plist: [ '3.1.1' ],
2230 silly audit   prompts: [ '2.4.2' ],
2230 silly audit   rimraf: [ '6.1.3' ],
2230 silly audit   semver: [ '7.8.5', '6.3.1' ],
2230 silly audit   tar: [ '7.5.22' ],
2230 silly audit   tslib: [ '2.8.1' ],
2230 silly audit   xcode: [ '3.0.1' ],
2230 silly audit   xml2js: [ '0.6.2' ],
2230 silly audit   'google-auth-library': [ '10.9.1' ],
2230 silly audit   'p-retry': [ '4.6.2' ],
2230 silly audit   protobufjs: [ '7.6.5' ],
2230 silly audit   ws: [ '8.21.3' ],
2230 silly audit   '@ionic/utils-array': [ '2.1.6' ],
2230 silly audit   '@ionic/utils-fs': [ '3.1.7' ],
2230 silly audit   '@ionic/utils-process': [ '2.1.12' ],
2230 silly audit   '@ionic/utils-stream': [ '3.1.7' ],
2230 silly audit   'cross-spawn': [ '7.0.6' ],
2230 silly audit   '@types/fs-extra': [ '8.1.5' ],
2230 silly audit   '@ionic/utils-object': [ '2.1.6' ],
2230 silly audit   'signal-exit': [ '3.0.7' ],
2230 silly audit   'tree-kill': [ '1.2.2' ],
2230 silly audit   '@types/slice-ansi': [ '4.0.0' ],
2230 silly audit   'slice-ansi': [ '4.0.0' ],
2230 silly audit   'string-width': [ '4.2.3' ],
2230 silly audit   'strip-ansi': [ '6.0.1' ],
2230 silly audit   untildify: [ '4.0.0' ],
2230 silly audit   'wrap-ansi': [ '7.0.0' ],
2230 silly audit   '@tailwindcss/node': [ '4.3.3' ],
2230 silly audit   '@tailwindcss/oxide': [ '4.3.3' ],
2230 silly audit   '@jridgewell/remapping': [ '2.3.5' ],
2230 silly audit   'enhanced-resolve': [ '5.24.5' ],
2230 silly audit   jiti: [ '2.7.0' ],
2230 silly audit   lightningcss: [ '1.32.0' ],
2230 silly audit   'magic-string': [ '0.30.21' ],
2230 silly audit   'source-map-js': [ '1.2.1' ],
2230 silly audit   '@jridgewell/gen-mapping': [ '0.3.13' ],
2230 silly audit   '@jridgewell/trace-mapping': [ '0.3.31' ],
2230 silly audit   '@jridgewell/sourcemap-codec': [ '1.5.5' ],
2230 silly audit   '@jridgewell/resolve-uri': [ '3.1.2' ],
2230 silly audit   '@tailwindcss/oxide-android-arm64': [ '4.3.3' ],
2230 silly audit   '@tailwindcss/oxide-darwin-arm64': [ '4.3.3' ],
2230 silly audit   '@tailwindcss/oxide-darwin-x64': [ '4.3.3' ],
2230 silly audit   '@tailwindcss/oxide-freebsd-x64': [ '4.3.3' ],
2230 silly audit   '@tailwindcss/oxide-linux-arm-gnueabihf': [ '4.3.3' ],
2230 silly audit   '@tailwindcss/oxide-linux-arm64-gnu': [ '4.3.3' ],
2230 silly audit   '@tailwindcss/oxide-linux-arm64-musl': [ '4.3.3' ],
2230 silly audit   '@tailwindcss/oxide-linux-x64-gnu': [ '4.3.3' ],
2230 silly audit   '@tailwindcss/oxide-linux-x64-musl': [ '4.3.3' ],
2230 silly audit   '@tailwindcss/oxide-wasm32-wasi': [ '4.3.3' ],
2230 silly audit   '@tailwindcss/oxide-win32-arm64-msvc': [ '4.3.3' ],
2230 silly audit   '@tailwindcss/oxide-win32-x64-msvc': [ '4.3.3' ],
2230 silly audit   '@types/body-parser': [ '1.19.6' ],
2230 silly audit   '@types/express-serve-static-core': [ '4.19.9' ],
2230 silly audit   '@types/qs': [ '6.15.1' ],
2230 silly audit   '@types/serve-static': [ '1.15.10' ],
2230 silly audit   '@types/connect': [ '3.4.38' ],
2230 silly audit   '@types/range-parser': [ '1.2.7' ],
2230 silly audit   '@types/send': [ '1.2.1', '0.17.6' ],
2230 silly audit   'undici-types': [ '6.21.0' ],
2230 silly audit   '@types/http-errors': [ '2.0.5' ],
2230 silly audit   '@babel/core': [ '7.29.7' ],
2230 silly audit   '@babel/plugin-transform-react-jsx-self': [ '7.29.7' ],
2230 silly audit   '@babel/plugin-transform-react-jsx-source': [ '7.29.7' ],
2230 silly audit   '@rolldown/pluginutils': [ '1.0.0-rc.3' ],
2230 silly audit   '@types/babel__core': [ '7.20.5' ],
2230 silly audit   'react-refresh': [ '0.18.0' ],
2230 silly audit   '@babel/code-frame': [ '7.29.7' ],
2230 silly audit   '@babel/generator': [ '7.29.8' ],
2230 silly audit   '@babel/helper-compilation-targets': [ '7.29.7' ],
2230 silly audit   '@babel/helper-module-transforms': [ '7.29.7' ],
2230 silly audit   '@babel/helpers': [ '7.29.7' ],
2230 silly audit   '@babel/parser': [ '7.29.8' ],
2230 silly audit   '@babel/template': [ '7.29.7' ],
2230 silly audit   '@babel/traverse': [ '7.29.8' ],
2230 silly audit   '@babel/types': [ '7.29.8' ],
2230 silly audit   'convert-source-map': [ '2.0.0' ],
2230 silly audit   gensync: [ '1.0.0-beta.2' ],
2230 silly audit   json5: [ '2.2.3' ],
2230 silly audit   '@babel/helper-validator-identifier': [ '7.29.7' ],
2230 silly audit   'js-tokens': [ '4.0.0' ],
2230 silly audit   picocolors: [ '1.1.1' ],
2230 silly audit   jsesc: [ '3.1.0' ],
2230 silly audit   '@babel/compat-data': [ '7.29.7' ],
2230 silly audit   '@babel/helper-validator-option': [ '7.29.7' ],
2230 silly audit   browserslist: [ '4.28.8' ],
2230 silly audit   'lru-cache': [ '5.1.1', '11.5.2' ],
2230 silly audit   '@babel/helper-module-imports': [ '7.29.7' ],
2230 silly audit   '@babel/helper-plugin-utils': [ '7.29.7' ],
2230 silly audit   '@babel/helper-globals': [ '7.29.7' ],
2230 silly audit   '@babel/helper-string-parser': [ '7.29.7' ],
2230 silly audit   '@types/babel__generator': [ '7.27.0' ],
2230 silly audit   '@types/babel__template': [ '7.4.4' ],
2230 silly audit   '@types/babel__traverse': [ '7.28.0' ],
2230 silly audit   'caniuse-lite': [ '1.0.30001809' ],
2230 silly audit   'fraction.js': [ '5.3.4' ],
2230 silly audit   'postcss-value-parser': [ '4.2.0' ],
2230 silly audit   'baseline-browser-mapping': [ '2.11.16' ],
2230 silly audit   'electron-to-chromium': [ '1.5.412' ],
2230 silly audit   'node-releases': [ '2.0.53' ],
2230 silly audit   'update-browserslist-db': [ '1.3.1' ],
2230 silly audit   'path-key': [ '3.1.1' ],
2230 silly audit   'shebang-command': [ '2.0.0' ],
2230 silly audit   which: [ '2.0.2' ],
2230 silly audit   ms: [ '2.1.3', '2.0.0' ],
2230 silly audit   'graceful-fs': [ '4.2.11' ],
2230 silly audit   tapable: [ '2.3.3' ],
2230 silly audit   '@esbuild/aix-ppc64': [ '0.25.12', '0.28.2' ],
2230 silly audit   '@esbuild/android-arm': [ '0.25.12', '0.28.2' ],
2230 silly audit   '@esbuild/android-arm64': [ '0.25.12', '0.28.2' ],
2230 silly audit   '@esbuild/android-x64': [ '0.25.12', '0.28.2' ],
2230 silly audit   '@esbuild/darwin-arm64': [ '0.25.12', '0.28.2' ],
2230 silly audit   '@esbuild/darwin-x64': [ '0.25.12', '0.28.2' ],
2230 silly audit   '@esbuild/freebsd-arm64': [ '0.25.12', '0.28.2' ],
2230 silly audit   '@esbuild/freebsd-x64': [ '0.25.12', '0.28.2' ],
2230 silly audit   '@esbuild/linux-arm': [ '0.25.12', '0.28.2' ],
2230 silly audit   '@esbuild/linux-arm64': [ '0.25.12', '0.28.2' ],
2230 silly audit   '@esbuild/linux-ia32': [ '0.25.12', '0.28.2' ],
2230 silly audit   '@esbuild/linux-loong64': [ '0.25.12', '0.28.2' ],
2230 silly audit   '@esbuild/linux-mips64el': [ '0.25.12', '0.28.2' ],
2230 silly audit   '@esbuild/linux-ppc64': [ '0.25.12', '0.28.2' ],
2230 silly audit   '@esbuild/linux-riscv64': [ '0.25.12', '0.28.2' ],
2230 silly audit   '@esbuild/linux-s390x': [ '0.25.12', '0.28.2' ],
2230 silly audit   '@esbuild/linux-x64': [ '0.25.12', '0.28.2' ],
2230 silly audit   '@esbuild/netbsd-arm64': [ '0.25.12', '0.28.2' ],
2230 silly audit   '@esbuild/netbsd-x64': [ '0.25.12', '0.28.2' ],
2230 silly audit   '@esbuild/openbsd-arm64': [ '0.25.12', '0.28.2' ],
2230 silly audit   '@esbuild/openbsd-x64': [ '0.25.12', '0.28.2' ],
2230 silly audit   '@esbuild/openharmony-arm64': [ '0.25.12', '0.28.2' ],
2230 silly audit   '@esbuild/sunos-x64': [ '0.25.12', '0.28.2' ],
2230 silly audit   '@esbuild/win32-arm64': [ '0.25.12', '0.28.2' ],
2230 silly audit   '@esbuild/win32-ia32': [ '0.25.12', '0.28.2' ],
2230 silly audit   '@esbuild/win32-x64': [ '0.25.12', '0.28.2' ],
2230 silly audit   accepts: [ '1.3.8' ],
2230 silly audit   'array-flatten': [ '1.1.1' ],
2230 silly audit   'body-parser': [ '1.20.6' ],
2230 silly audit   'content-disposition': [ '0.5.4' ],
2230 silly audit   'content-type': [ '1.0.5' ],
2230 silly audit   cookie: [ '0.7.2' ],
2230 silly audit   'cookie-signature': [ '1.0.7' ],
2230 silly audit   depd: [ '2.0.0' ],
2230 silly audit   encodeurl: [ '2.0.0' ],
2230 silly audit   'escape-html': [ '1.0.3' ],
2230 silly audit   etag: [ '1.8.1' ],
2230 silly audit   finalhandler: [ '1.3.2' ],
2230 silly audit   fresh: [ '0.5.2' ],
2230 silly audit   'http-errors': [ '2.0.1' ],
2230 silly audit   'merge-descriptors': [ '1.0.3' ],
2230 silly audit   methods: [ '1.1.2' ],
2230 silly audit   'on-finished': [ '2.4.1' ],
2230 silly audit   parseurl: [ '1.3.3' ],
2230 silly audit   'path-to-regexp': [ '0.1.13' ],
2230 silly audit   'proxy-addr': [ '2.0.7' ],
2230 silly audit   qs: [ '6.15.3' ],
2230 silly audit   'range-parser': [ '1.2.1' ],
2230 silly audit   'safe-buffer': [ '5.2.1', '5.1.2' ],
2230 silly audit   send: [ '0.19.2' ],
2230 silly audit   'serve-static': [ '1.16.3' ],
2230 silly audit   setprototypeof: [ '1.2.0' ],
2230 silly audit   statuses: [ '2.0.2' ],
2230 silly audit   'type-is': [ '1.6.18' ],
2230 silly audit   'utils-merge': [ '1.0.1' ],
2230 silly audit   vary: [ '1.1.2' ],
2230 silly audit   'mime-types': [ '2.1.35' ],
2230 silly audit   negotiator: [ '0.6.3' ],
2230 silly audit   bytes: [ '3.1.2' ],
2230 silly audit   destroy: [ '1.2.0' ],
2230 silly audit   'iconv-lite': [ '0.4.24' ],
2230 silly audit   'raw-body': [ '2.5.3' ],
2230 silly audit   unpipe: [ '1.0.0' ],
2230 silly audit   jsonfile: [ '6.2.1' ],
2230 silly audit   universalify: [ '2.0.1' ],
2230 silly audit   'base64-js': [ '1.5.1' ],
2230 silly audit   'ecdsa-sig-formatter': [ '1.0.11' ],
2230 silly audit   gaxios: [ '7.3.1' ],
2230 silly audit   'gcp-metadata': [ '8.1.2' ],
2230 silly audit   'google-logging-utils': [ '1.1.3' ],
2230 silly audit   jws: [ '4.0.1' ],
2230 silly audit   extend: [ '3.0.2' ],
2230 silly audit   'https-proxy-agent': [ '7.0.6' ],
2230 silly audit   'node-fetch': [ '3.3.2' ],
2230 silly audit   'json-bigint': [ '1.0.0' ],
2230 silly audit   inherits: [ '2.0.4' ],
2230 silly audit   toidentifier: [ '1.0.1' ],
2230 silly audit   'agent-base': [ '7.1.4' ],
2230 silly audit   'safer-buffer': [ '2.1.2' ],
2230 silly audit   'bignumber.js': [ '9.3.1' ],
2230 silly audit   lie: [ '3.3.0' ],
2230 silly audit   pako: [ '1.0.11' ],
2230 silly audit   'readable-stream': [ '2.3.8', '3.6.2' ],
2230 silly audit   setimmediate: [ '1.0.5' ],
2230 silly audit   jwa: [ '2.0.1' ],
2230 silly audit   'buffer-equal-constant-time': [ '1.0.1' ],
2230 silly audit   immediate: [ '3.0.6' ],
2230 silly audit   'detect-libc': [ '2.1.2' ],
2230 silly audit   'lightningcss-android-arm64': [ '1.32.0' ],
2230 silly audit   'lightningcss-darwin-arm64': [ '1.32.0' ],
2230 silly audit   'lightningcss-darwin-x64': [ '1.32.0' ],
2230 silly audit   'lightningcss-freebsd-x64': [ '1.32.0' ],
2230 silly audit   'lightningcss-linux-arm-gnueabihf': [ '1.32.0' ],
2230 silly audit   'lightningcss-linux-arm64-gnu': [ '1.32.0' ],
2230 silly audit   'lightningcss-linux-arm64-musl': [ '1.32.0' ],
2230 silly audit   'lightningcss-linux-x64-gnu': [ '1.32.0' ],
2230 silly audit   'lightningcss-linux-x64-musl': [ '1.32.0' ],
2230 silly audit   'lightningcss-win32-arm64-msvc': [ '1.32.0' ],
2230 silly audit   'lightningcss-win32-x64-msvc': [ '1.32.0' ],
2230 silly audit   yallist: [ '3.1.1', '5.0.0' ],
2230 silly audit   'mime-db': [ '1.52.0' ],
2230 silly audit   'framer-motion': [ '12.43.0' ],
2230 silly audit   'motion-dom': [ '12.43.0' ],
2230 silly audit   'motion-utils': [ '12.39.0' ],
2230 silly audit   'bplist-parser': [ '0.3.2', '0.3.1' ],
2230 silly audit   elementtree: [ '0.1.7' ],
2230 silly audit   ini: [ '4.1.3' ],
2230 silly audit   split2: [ '4.2.0' ],
2230 silly audit   through2: [ '4.0.2' ],
2230 silly audit   yauzl: [ '2.10.0' ],
2230 silly audit   'big-integer': [ '1.6.52' ],
2230 silly audit   sax: [ '1.1.4' ],
2230 silly audit   'data-uri-to-buffer': [ '4.0.1' ],
2230 silly audit   'fetch-blob': [ '3.2.0' ],
2230 silly audit   'formdata-polyfill': [ '4.0.10' ],
2230 silly audit   'node-domexception': [ '1.0.0' ],
2230 silly audit   'web-streams-polyfill': [ '3.3.3' ],
2230 silly audit   'ee-first': [ '1.1.1' ],
2230 silly audit   'define-lazy-prop': [ '2.0.0' ],
2230 silly audit   'is-docker': [ '2.2.1' ],
2230 silly audit   'is-wsl': [ '2.2.0' ],
2230 silly audit   '@types/retry': [ '0.12.0' ],
2230 silly audit   retry: [ '0.13.1' ],
2230 silly audit   '@xmldom/xmldom': [ '0.9.11' ],
2230 silly audit   xmlbuilder: [ '15.1.1', '11.0.1' ],
2230 silly audit   nanoid: [ '3.3.18' ],
2230 silly audit   sisteransi: [ '1.0.5' ],
2230 silly audit   '@protobufjs/aspromise': [ '1.1.2' ],
2230 silly audit   '@protobufjs/base64': [ '1.1.2' ],
2230 silly audit   '@protobufjs/codegen': [ '2.0.5' ],
2230 silly audit   '@protobufjs/eventemitter': [ '1.1.1' ],
2230 silly audit   '@protobufjs/fetch': [ '1.1.1' ],
2230 silly audit   '@protobufjs/float': [ '1.0.2' ],
2230 silly audit   '@protobufjs/path': [ '1.1.2' ],
2230 silly audit   '@protobufjs/pool': [ '1.1.0' ],
2230 silly audit   '@protobufjs/utf8': [ '1.1.2' ],
2230 silly audit   long: [ '5.3.2' ],
2230 silly audit   forwarded: [ '0.2.0' ],
2230 silly audit   'ipaddr.js': [ '1.9.1' ],
2230 silly audit   'es-define-property': [ '1.0.1' ],
2230 silly audit   'side-channel': [ '1.1.1' ],
2230 silly audit   scheduler: [ '0.27.0' ],
2230 silly audit   'core-util-is': [ '1.0.3' ],
2230 silly audit   isarray: [ '1.0.0' ],
2230 silly audit   'process-nextick-args': [ '2.0.1' ],
2230 silly audit   string_decoder: [ '1.1.1' ],
2230 silly audit   'util-deprecate': [ '1.0.2' ],
2230 silly audit   glob: [ '13.0.6' ],
2230 silly audit   'package-json-from-dist': [ '1.0.1' ],
2230 silly audit   minimatch: [ '10.2.6' ],
2230 silly audit   minipass: [ '7.1.3' ],
2230 silly audit   'path-scurry': [ '2.0.2' ],
2230 silly audit   'brace-expansion': [ '5.0.9' ],
2230 silly audit   'balanced-match': [ '4.0.4' ],
2230 silly audit   mime: [ '1.6.0' ],
2230 silly audit   'shebang-regex': [ '3.0.0' ],
2230 silly audit   'es-errors': [ '1.3.0' ],
2230 silly audit   'object-inspect': [ '1.13.4' ],
2230 silly audit   'side-channel-list': [ '1.0.1' ],
2230 silly audit   'side-channel-map': [ '1.0.1' ],
2230 silly audit   'side-channel-weakmap': [ '1.0.2' ],
2230 silly audit   'call-bound': [ '1.0.4' ],
2230 silly audit   'get-intrinsic': [ '1.3.0' ],
2230 silly audit   'call-bind-apply-helpers': [ '1.0.2' ],
2230 silly audit   'function-bind': [ '1.1.2' ],
2230 silly audit   'es-object-atoms': [ '1.1.2' ],
2230 silly audit   'get-proto': [ '1.0.1' ],
2230 silly audit   gopd: [ '1.2.0' ],
2230 silly audit   'has-symbols': [ '1.1.0' ],
2230 silly audit   hasown: [ '2.0.4' ],
2230 silly audit   'math-intrinsics': [ '1.1.0' ],
2230 silly audit   'dunder-proto': [ '1.0.1' ],
2230 silly audit   'ansi-styles': [ '4.3.0' ],
2230 silly audit   'astral-regex': [ '2.0.0' ],
2230 silly audit   'is-fullwidth-code-point': [ '3.0.0' ],
2230 silly audit   'color-convert': [ '2.0.1' ],
2230 silly audit   'color-name': [ '1.1.4' ],
2230 silly audit   'emoji-regex': [ '8.0.0' ],
2230 silly audit   'ansi-regex': [ '5.0.1' ],
2230 silly audit   '@isaacs/fs-minipass': [ '4.0.1' ],
2230 silly audit   chownr: [ '3.0.0' ],
2230 silly audit   minizlib: [ '3.1.0' ],
2230 silly audit   fsevents: [ '2.3.3' ],
2230 silly audit   'media-typer': [ '0.3.0' ],
2230 silly audit   escalade: [ '3.2.0' ],
2230 silly audit   fdir: [ '6.5.0' ],
2230 silly audit   picomatch: [ '4.0.5' ],
2230 silly audit   rollup: [ '4.62.5' ],
2230 silly audit   tinyglobby: [ '0.2.17' ],
2230 silly audit   '@napi-rs/lzma-linux-x64-gnu': [ '1.5.1' ],
2230 silly audit   '@rollup/rollup-android-arm-eabi': [ '4.62.5' ],
2230 silly audit   '@rollup/rollup-android-arm64': [ '4.62.5' ],
2230 silly audit   '@rollup/rollup-darwin-arm64': [ '4.62.5' ],
2230 silly audit   '@rollup/rollup-darwin-x64': [ '4.62.5' ],
2230 silly audit   '@rollup/rollup-freebsd-arm64': [ '4.62.5' ],
2230 silly audit   '@rollup/rollup-freebsd-x64': [ '4.62.5' ],
2230 silly audit   '@rollup/rollup-linux-arm-gnueabihf': [ '4.62.5' ],
2230 silly audit   '@rollup/rollup-linux-arm-musleabihf': [ '4.62.5' ],
2230 silly audit   '@rollup/rollup-linux-arm64-gnu': [ '4.62.5' ],
2230 silly audit   '@rollup/rollup-linux-arm64-musl': [ '4.62.5' ],
2230 silly audit   '@rollup/rollup-linux-loong64-gnu': [ '4.62.5' ],
2230 silly audit   '@rollup/rollup-linux-loong64-musl': [ '4.62.5' ],
2230 silly audit   '@rollup/rollup-linux-ppc64-gnu': [ '4.62.5' ],
2230 silly audit   '@rollup/rollup-linux-ppc64-musl': [ '4.62.5' ],
2230 silly audit   '@rollup/rollup-linux-riscv64-gnu': [ '4.62.5' ],
2230 silly audit   '@rollup/rollup-linux-riscv64-musl': [ '4.62.5' ],
2230 silly audit   '@rollup/rollup-linux-s390x-gnu': [ '4.62.5' ],
2230 silly audit   '@rollup/rollup-linux-x64-gnu': [ '4.62.5' ],
2230 silly audit   '@rollup/rollup-linux-x64-musl': [ '4.62.5' ],
2230 silly audit   '@rollup/rollup-openbsd-x64': [ '4.62.5' ],
2230 silly audit   '@rollup/rollup-openharmony-arm64': [ '4.62.5' ],
2230 silly audit   '@rollup/rollup-win32-arm64-msvc': [ '4.62.5' ],
2230 silly audit   '@rollup/rollup-win32-ia32-msvc': [ '4.62.5' ],
2230 silly audit   '@rollup/rollup-win32-x64-gnu': [ '4.62.5' ],
2230 silly audit   '@rollup/rollup-win32-x64-msvc': [ '4.62.5' ],
2230 silly audit   '@types/estree': [ '1.0.9' ],
2230 silly audit   isexe: [ '2.0.0' ],
2230 silly audit   'simple-plist': [ '1.3.1' ],
2230 silly audit   uuid: [ '7.0.3' ],
2230 silly audit   'bplist-creator': [ '0.1.0' ],
2230 silly audit   'stream-buffers': [ '2.2.0' ],
2230 silly audit   'buffer-crc32': [ '0.2.13' ],
2230 silly audit   'fd-slicer': [ '1.1.0' ],
2230 silly audit   pend: [ '1.2.0' ],
2230 silly audit   'at-least-node': [ '1.0.0' ],
2230 silly audit   '@types/mime': [ '1.3.5' ]
2230 silly audit }
2231 http cache at-least-node@https://registry.npmjs.org/at-least-node/-/at-least-node-1.0.0.tgz 1ms (cache hit)
2232 http cache pend@https://registry.npmjs.org/pend/-/pend-1.2.0.tgz 0ms (cache hit)
2233 http cache @types/mime@https://registry.npmjs.org/@types/mime/-/mime-1.3.5.tgz 0ms (cache hit)
2234 http cache uuid@https://registry.npmjs.org/uuid/-/uuid-7.0.3.tgz 0ms (cache hit)
2235 http cache fd-slicer@https://registry.npmjs.org/fd-slicer/-/fd-slicer-1.1.0.tgz 0ms (cache hit)
2236 http cache isexe@https://registry.npmjs.org/isexe/-/isexe-2.0.0.tgz 0ms (cache hit)
2237 http cache @types/estree@https://registry.npmjs.org/@types/estree/-/estree-1.0.9.tgz 0ms (cache hit)
2238 http cache buffer-crc32@https://registry.npmjs.org/buffer-crc32/-/buffer-crc32-0.2.13.tgz 0ms (cache hit)
2239 http cache @rollup/rollup-android-arm64@https://registry.npmjs.org/@rollup/rollup-android-arm64/-/rollup-android-arm64-4.62.5.tgz 0ms (cache hit)
2240 http cache stream-buffers@https://registry.npmjs.org/stream-buffers/-/stream-buffers-2.2.0.tgz 0ms (cache hit)
2241 http cache tinyglobby@https://registry.npmjs.org/tinyglobby/-/tinyglobby-0.2.17.tgz 0ms (cache hit)
2242 http cache picomatch@https://registry.npmjs.org/picomatch/-/picomatch-4.0.5.tgz 0ms (cache hit)
2243 http cache bplist-creator@https://registry.npmjs.org/bplist-creator/-/bplist-creator-0.1.0.tgz 0ms (cache hit)
2244 http cache escalade@https://registry.npmjs.org/escalade/-/escalade-3.2.0.tgz 0ms (cache hit)
2245 http cache media-typer@https://registry.npmjs.org/media-typer/-/media-typer-0.3.0.tgz 0ms (cache hit)
2246 http cache simple-plist@https://registry.npmjs.org/simple-plist/-/simple-plist-1.3.1.tgz 0ms (cache hit)
2247 http cache chownr@https://registry.npmjs.org/chownr/-/chownr-3.0.0.tgz 0ms (cache hit)
2248 http cache @isaacs/fs-minipass@https://registry.npmjs.org/@isaacs/fs-minipass/-/fs-minipass-4.0.1.tgz 0ms (cache hit)
2249 http cache rollup@https://registry.npmjs.org/rollup/-/rollup-4.62.5.tgz 0ms (cache hit)
2250 http cache color-name@https://registry.npmjs.org/color-name/-/color-name-1.1.4.tgz 0ms (cache hit)
2251 http cache emoji-regex@https://registry.npmjs.org/emoji-regex/-/emoji-regex-8.0.0.tgz 0ms (cache hit)
2252 http cache color-convert@https://registry.npmjs.org/color-convert/-/color-convert-2.0.1.tgz 1ms (cache hit)
2253 http cache is-fullwidth-code-point@https://registry.npmjs.org/is-fullwidth-code-point/-/is-fullwidth-code-point-3.0.0.tgz 0ms (cache hit)
2254 http cache astral-regex@https://registry.npmjs.org/astral-regex/-/astral-regex-2.0.0.tgz 0ms (cache hit)
2255 http cache fdir@https://registry.npmjs.org/fdir/-/fdir-6.5.0.tgz 0ms (cache hit)
2256 http cache math-intrinsics@https://registry.npmjs.org/math-intrinsics/-/math-intrinsics-1.1.0.tgz 0ms (cache hit)
2257 http cache hasown@https://registry.npmjs.org/hasown/-/hasown-2.0.4.tgz 0ms (cache hit)
2258 http cache ansi-styles@https://registry.npmjs.org/ansi-styles/-/ansi-styles-4.3.0.tgz 0ms (cache hit)
2259 http cache gopd@https://registry.npmjs.org/gopd/-/gopd-1.2.0.tgz 0ms (cache hit)
2260 http cache has-symbols@https://registry.npmjs.org/has-symbols/-/has-symbols-1.1.0.tgz 0ms (cache hit)
2261 http cache minizlib@https://registry.npmjs.org/minizlib/-/minizlib-3.1.0.tgz 0ms (cache hit)
2262 http cache get-proto@https://registry.npmjs.org/get-proto/-/get-proto-1.0.1.tgz 0ms (cache hit)
2263 http cache function-bind@https://registry.npmjs.org/function-bind/-/function-bind-1.1.2.tgz 0ms (cache hit)
2264 http cache call-bind-apply-helpers@https://registry.npmjs.org/call-bind-apply-helpers/-/call-bind-apply-helpers-1.0.2.tgz 0ms (cache hit)
2265 http cache get-intrinsic@https://registry.npmjs.org/get-intrinsic/-/get-intrinsic-1.3.0.tgz 0ms (cache hit)
2266 http cache call-bound@https://registry.npmjs.org/call-bound/-/call-bound-1.0.4.tgz 0ms (cache hit)
2267 http cache side-channel-map@https://registry.npmjs.org/side-channel-map/-/side-channel-map-1.0.1.tgz 0ms (cache hit)
2268 http cache ansi-regex@https://registry.npmjs.org/ansi-regex/-/ansi-regex-5.0.1.tgz 0ms (cache hit)
2269 http cache side-channel-weakmap@https://registry.npmjs.org/side-channel-weakmap/-/side-channel-weakmap-1.0.2.tgz 0ms (cache hit)
2270 http cache object-inspect@https://registry.npmjs.org/object-inspect/-/object-inspect-1.13.4.tgz 0ms (cache hit)
2271 http cache es-errors@https://registry.npmjs.org/es-errors/-/es-errors-1.3.0.tgz 0ms (cache hit)
2272 http cache shebang-regex@https://registry.npmjs.org/shebang-regex/-/shebang-regex-3.0.0.tgz 0ms (cache hit)
2273 http cache dunder-proto@https://registry.npmjs.org/dunder-proto/-/dunder-proto-1.0.1.tgz 0ms (cache hit)
2274 http cache balanced-match@https://registry.npmjs.org/balanced-match/-/balanced-match-4.0.4.tgz 0ms (cache hit)
2275 http cache brace-expansion@https://registry.npmjs.org/brace-expansion/-/brace-expansion-5.0.9.tgz 0ms (cache hit)
2276 http cache minipass@https://registry.npmjs.org/minipass/-/minipass-7.1.3.tgz 0ms (cache hit)
2277 http cache minimatch@https://registry.npmjs.org/minimatch/-/minimatch-10.2.6.tgz 0ms (cache hit)
2278 http cache es-object-atoms@https://registry.npmjs.org/es-object-atoms/-/es-object-atoms-1.1.2.tgz 1ms (cache hit)
2279 http cache side-channel-list@https://registry.npmjs.org/side-channel-list/-/side-channel-list-1.0.1.tgz 0ms (cache hit)
2280 http cache glob@https://registry.npmjs.org/glob/-/glob-13.0.6.tgz 0ms (cache hit)
2281 http cache util-deprecate@https://registry.npmjs.org/util-deprecate/-/util-deprecate-1.0.2.tgz 0ms (cache hit)
2282 http cache process-nextick-args@https://registry.npmjs.org/process-nextick-args/-/process-nextick-args-2.0.1.tgz 0ms (cache hit)
2283 http cache isarray@https://registry.npmjs.org/isarray/-/isarray-1.0.0.tgz 0ms (cache hit)
2284 http cache core-util-is@https://registry.npmjs.org/core-util-is/-/core-util-is-1.0.3.tgz 0ms (cache hit)
2285 http cache string_decoder@https://registry.npmjs.org/string_decoder/-/string_decoder-1.1.1.tgz 0ms (cache hit)
2286 http cache side-channel@https://registry.npmjs.org/side-channel/-/side-channel-1.1.1.tgz 0ms (cache hit)
2287 http cache scheduler@https://registry.npmjs.org/scheduler/-/scheduler-0.27.0.tgz 0ms (cache hit)
2288 http cache es-define-property@https://registry.npmjs.org/es-define-property/-/es-define-property-1.0.1.tgz 0ms (cache hit)
2289 http cache ipaddr.js@https://registry.npmjs.org/ipaddr.js/-/ipaddr.js-1.9.1.tgz 0ms (cache hit)
2290 http cache forwarded@https://registry.npmjs.org/forwarded/-/forwarded-0.2.0.tgz 0ms (cache hit)
2291 http cache long@https://registry.npmjs.org/long/-/long-5.3.2.tgz 0ms (cache hit)
2292 http cache @protobufjs/utf8@https://registry.npmjs.org/@protobufjs/utf8/-/utf8-1.1.2.tgz 0ms (cache hit)
2293 http cache mime@https://registry.npmjs.org/mime/-/mime-1.6.0.tgz 0ms (cache hit)
2294 http cache @protobufjs/path@https://registry.npmjs.org/@protobufjs/path/-/path-1.1.2.tgz 0ms (cache hit)
2295 http cache path-scurry@https://registry.npmjs.org/path-scurry/-/path-scurry-2.0.2.tgz 0ms (cache hit)
2296 http cache @protobufjs/pool@https://registry.npmjs.org/@protobufjs/pool/-/pool-1.1.0.tgz 0ms (cache hit)
2297 http cache package-json-from-dist@https://registry.npmjs.org/package-json-from-dist/-/package-json-from-dist-1.0.1.tgz 0ms (cache hit)
2298 http cache @protobufjs/codegen@https://registry.npmjs.org/@protobufjs/codegen/-/codegen-2.0.5.tgz 0ms (cache hit)
2299 http cache @protobufjs/base64@https://registry.npmjs.org/@protobufjs/base64/-/base64-1.1.2.tgz 0ms (cache hit)
2300 http cache @protobufjs/aspromise@https://registry.npmjs.org/@protobufjs/aspromise/-/aspromise-1.1.2.tgz 0ms (cache hit)
2301 http cache nanoid@https://registry.npmjs.org/nanoid/-/nanoid-3.3.18.tgz 0ms (cache hit)
2302 http cache sisteransi@https://registry.npmjs.org/sisteransi/-/sisteransi-1.0.5.tgz 0ms (cache hit)
2303 http cache @protobufjs/float@https://registry.npmjs.org/@protobufjs/float/-/float-1.0.2.tgz 0ms (cache hit)
2304 http cache @protobufjs/eventemitter@https://registry.npmjs.org/@protobufjs/eventemitter/-/eventemitter-1.1.1.tgz 1ms (cache hit)
2305 http cache @protobufjs/fetch@https://registry.npmjs.org/@protobufjs/fetch/-/fetch-1.1.1.tgz 0ms (cache hit)
2306 http cache xmlbuilder@https://registry.npmjs.org/xmlbuilder/-/xmlbuilder-15.1.1.tgz 0ms (cache hit)
2307 http cache @types/retry@https://registry.npmjs.org/@types/retry/-/retry-0.12.0.tgz 0ms (cache hit)
2308 http cache @xmldom/xmldom@https://registry.npmjs.org/@xmldom/xmldom/-/xmldom-0.9.11.tgz 0ms (cache hit)
2309 http cache is-wsl@https://registry.npmjs.org/is-wsl/-/is-wsl-2.2.0.tgz 0ms (cache hit)
2310 http cache web-streams-polyfill@https://registry.npmjs.org/web-streams-polyfill/-/web-streams-polyfill-3.3.3.tgz 0ms (cache hit)
2311 http cache formdata-polyfill@https://registry.npmjs.org/formdata-polyfill/-/formdata-polyfill-4.0.10.tgz 0ms (cache hit)
2312 http cache ee-first@https://registry.npmjs.org/ee-first/-/ee-first-1.1.1.tgz 0ms (cache hit)
2313 http cache fetch-blob@https://registry.npmjs.org/fetch-blob/-/fetch-blob-3.2.0.tgz 1ms (cache hit)
2314 http cache big-integer@https://registry.npmjs.org/big-integer/-/big-integer-1.6.52.tgz 1ms (cache hit)
2315 http cache sax@https://registry.npmjs.org/sax/-/sax-1.1.4.tgz 0ms (cache hit)
2316 http cache data-uri-to-buffer@https://registry.npmjs.org/data-uri-to-buffer/-/data-uri-to-buffer-4.0.1.tgz 0ms (cache hit)
2317 http cache node-domexception@https://registry.npmjs.org/node-domexception/-/node-domexception-1.0.0.tgz 0ms (cache hit)
2318 http cache split2@https://registry.npmjs.org/split2/-/split2-4.2.0.tgz 0ms (cache hit)
2319 http cache yauzl@https://registry.npmjs.org/yauzl/-/yauzl-2.10.0.tgz 0ms (cache hit)
2320 http cache retry@https://registry.npmjs.org/retry/-/retry-0.13.1.tgz 0ms (cache hit)
2321 http cache define-lazy-prop@https://registry.npmjs.org/define-lazy-prop/-/define-lazy-prop-2.0.0.tgz 0ms (cache hit)
2322 http cache is-docker@https://registry.npmjs.org/is-docker/-/is-docker-2.2.1.tgz 0ms (cache hit)
2323 http cache bplist-parser@https://registry.npmjs.org/bplist-parser/-/bplist-parser-0.3.2.tgz 0ms (cache hit)
2324 http cache motion-dom@https://registry.npmjs.org/motion-dom/-/motion-dom-12.43.0.tgz 0ms (cache hit)
2325 http cache motion-utils@https://registry.npmjs.org/motion-utils/-/motion-utils-12.39.0.tgz 0ms (cache hit)
2326 http cache framer-motion@https://registry.npmjs.org/framer-motion/-/framer-motion-12.43.0.tgz 0ms (cache hit)
2327 http cache mime-db@https://registry.npmjs.org/mime-db/-/mime-db-1.52.0.tgz 0ms (cache hit)
2328 http cache lightningcss-android-arm64@https://registry.npmjs.org/lightningcss-android-arm64/-/lightningcss-android-arm64-1.32.0.tgz 0ms (cache hit)
2329 http cache yallist@https://registry.npmjs.org/yallist/-/yallist-3.1.1.tgz 1ms (cache hit)
2330 http cache detect-libc@https://registry.npmjs.org/detect-libc/-/detect-libc-2.1.2.tgz 0ms (cache hit)
2331 http cache immediate@https://registry.npmjs.org/immediate/-/immediate-3.0.6.tgz 1ms (cache hit)
2332 http cache through2@https://registry.npmjs.org/through2/-/through2-4.0.2.tgz 0ms (cache hit)
2333 http cache ini@https://registry.npmjs.org/ini/-/ini-4.1.3.tgz 0ms (cache hit)
2334 http cache setimmediate@https://registry.npmjs.org/setimmediate/-/setimmediate-1.0.5.tgz 0ms (cache hit)
2335 http cache elementtree@https://registry.npmjs.org/elementtree/-/elementtree-0.1.7.tgz 0ms (cache hit)
2336 http cache buffer-equal-constant-time@https://registry.npmjs.org/buffer-equal-constant-time/-/buffer-equal-constant-time-1.0.1.tgz 0ms (cache hit)
2337 http cache lie@https://registry.npmjs.org/lie/-/lie-3.3.0.tgz 0ms (cache hit)
2338 http cache jwa@https://registry.npmjs.org/jwa/-/jwa-2.0.1.tgz 0ms (cache hit)
2339 http cache toidentifier@https://registry.npmjs.org/toidentifier/-/toidentifier-1.0.1.tgz 0ms (cache hit)
2340 http cache pako@https://registry.npmjs.org/pako/-/pako-1.0.11.tgz 0ms (cache hit)
2341 http cache safer-buffer@https://registry.npmjs.org/safer-buffer/-/safer-buffer-2.1.2.tgz 0ms (cache hit)
2342 http cache readable-stream@https://registry.npmjs.org/readable-stream/-/readable-stream-2.3.8.tgz 0ms (cache hit)
2343 http cache bignumber.js@https://registry.npmjs.org/bignumber.js/-/bignumber.js-9.3.1.tgz 0ms (cache hit)
2344 http cache agent-base@https://registry.npmjs.org/agent-base/-/agent-base-7.1.4.tgz 0ms (cache hit)
2345 http cache extend@https://registry.npmjs.org/extend/-/extend-3.0.2.tgz 0ms (cache hit)
2346 http cache json-bigint@https://registry.npmjs.org/json-bigint/-/json-bigint-1.0.0.tgz 0ms (cache hit)
2347 http cache google-logging-utils@https://registry.npmjs.org/google-logging-utils/-/google-logging-utils-1.1.3.tgz 0ms (cache hit)
2348 http cache jws@https://registry.npmjs.org/jws/-/jws-4.0.1.tgz 0ms (cache hit)
2349 http cache gcp-metadata@https://registry.npmjs.org/gcp-metadata/-/gcp-metadata-8.1.2.tgz 0ms (cache hit)
2350 http cache node-fetch@https://registry.npmjs.org/node-fetch/-/node-fetch-3.3.2.tgz 0ms (cache hit)
2351 http cache ecdsa-sig-formatter@https://registry.npmjs.org/ecdsa-sig-formatter/-/ecdsa-sig-formatter-1.0.11.tgz 0ms (cache hit)
2352 http cache base64-js@https://registry.npmjs.org/base64-js/-/base64-js-1.5.1.tgz 0ms (cache hit)
2353 http cache universalify@https://registry.npmjs.org/universalify/-/universalify-2.0.1.tgz 0ms (cache hit)
2354 http cache https-proxy-agent@https://registry.npmjs.org/https-proxy-agent/-/https-proxy-agent-7.0.6.tgz 0ms (cache hit)
2355 http cache inherits@https://registry.npmjs.org/inherits/-/inherits-2.0.4.tgz 0ms (cache hit)
2356 http cache unpipe@https://registry.npmjs.org/unpipe/-/unpipe-1.0.0.tgz 0ms (cache hit)
2357 http cache gaxios@https://registry.npmjs.org/gaxios/-/gaxios-7.3.1.tgz 0ms (cache hit)
2358 http cache destroy@https://registry.npmjs.org/destroy/-/destroy-1.2.0.tgz 0ms (cache hit)
2359 http cache bytes@https://registry.npmjs.org/bytes/-/bytes-3.1.2.tgz 0ms (cache hit)
2360 http cache negotiator@https://registry.npmjs.org/negotiator/-/negotiator-0.6.3.tgz 0ms (cache hit)
2361 http cache jsonfile@https://registry.npmjs.org/jsonfile/-/jsonfile-6.2.1.tgz 0ms (cache hit)
2362 http cache raw-body@https://registry.npmjs.org/raw-body/-/raw-body-2.5.3.tgz 0ms (cache hit)
2363 http cache iconv-lite@https://registry.npmjs.org/iconv-lite/-/iconv-lite-0.4.24.tgz 0ms (cache hit)
2364 http cache vary@https://registry.npmjs.org/vary/-/vary-1.1.2.tgz 0ms (cache hit)
2365 http cache statuses@https://registry.npmjs.org/statuses/-/statuses-2.0.2.tgz 0ms (cache hit)
2366 http cache mime-types@https://registry.npmjs.org/mime-types/-/mime-types-2.1.35.tgz 0ms (cache hit)
2367 http cache utils-merge@https://registry.npmjs.org/utils-merge/-/utils-merge-1.0.1.tgz 0ms (cache hit)
2368 http cache range-parser@https://registry.npmjs.org/range-parser/-/range-parser-1.2.1.tgz 0ms (cache hit)
2369 http cache safe-buffer@https://registry.npmjs.org/safe-buffer/-/safe-buffer-5.2.1.tgz 0ms (cache hit)
2370 http cache qs@https://registry.npmjs.org/qs/-/qs-6.15.3.tgz 0ms (cache hit)
2371 http cache send@https://registry.npmjs.org/send/-/send-0.19.2.tgz 0ms (cache hit)
2372 http cache type-is@https://registry.npmjs.org/type-is/-/type-is-1.6.18.tgz 0ms (cache hit)
2373 http cache setprototypeof@https://registry.npmjs.org/setprototypeof/-/setprototypeof-1.2.0.tgz 0ms (cache hit)
2374 http cache serve-static@https://registry.npmjs.org/serve-static/-/serve-static-1.16.3.tgz 0ms (cache hit)
2375 http cache proxy-addr@https://registry.npmjs.org/proxy-addr/-/proxy-addr-2.0.7.tgz 0ms (cache hit)
2376 http cache parseurl@https://registry.npmjs.org/parseurl/-/parseurl-1.3.3.tgz 1ms (cache hit)
2377 http cache methods@https://registry.npmjs.org/methods/-/methods-1.1.2.tgz 1ms (cache hit)
2378 http cache fresh@https://registry.npmjs.org/fresh/-/fresh-0.5.2.tgz 0ms (cache hit)
2379 http cache http-errors@https://registry.npmjs.org/http-errors/-/http-errors-2.0.1.tgz 0ms (cache hit)
2380 http cache etag@https://registry.npmjs.org/etag/-/etag-1.8.1.tgz 0ms (cache hit)
2381 http cache finalhandler@https://registry.npmjs.org/finalhandler/-/finalhandler-1.3.2.tgz 0ms (cache hit)
2382 http cache path-to-regexp@https://registry.npmjs.org/path-to-regexp/-/path-to-regexp-0.1.13.tgz 0ms (cache hit)
2383 http cache encodeurl@https://registry.npmjs.org/encodeurl/-/encodeurl-2.0.0.tgz 0ms (cache hit)
2384 http cache depd@https://registry.npmjs.org/depd/-/depd-2.0.0.tgz 0ms (cache hit)
2385 http cache cookie-signature@https://registry.npmjs.org/cookie-signature/-/cookie-signature-1.0.7.tgz 0ms (cache hit)
2386 http cache content-type@https://registry.npmjs.org/content-type/-/content-type-1.0.5.tgz 0ms (cache hit)
2387 http cache body-parser@https://registry.npmjs.org/body-parser/-/body-parser-1.20.6.tgz 0ms (cache hit)
2388 http cache accepts@https://registry.npmjs.org/accepts/-/accepts-1.3.8.tgz 0ms (cache hit)
2389 http cache array-flatten@https://registry.npmjs.org/array-flatten/-/array-flatten-1.1.1.tgz 0ms (cache hit)
2390 http cache content-disposition@https://registry.npmjs.org/content-disposition/-/content-disposition-0.5.4.tgz 0ms (cache hit)
2391 http cache @esbuild/android-arm64@https://registry.npmjs.org/@esbuild/android-arm64/-/android-arm64-0.25.12.tgz 0ms (cache hit)
2392 http cache on-finished@https://registry.npmjs.org/on-finished/-/on-finished-2.4.1.tgz 0ms (cache hit)
2393 http cache tapable@https://registry.npmjs.org/tapable/-/tapable-2.3.3.tgz 0ms (cache hit)
2394 http cache merge-descriptors@https://registry.npmjs.org/merge-descriptors/-/merge-descriptors-1.0.3.tgz 0ms (cache hit)
2395 http cache escape-html@https://registry.npmjs.org/escape-html/-/escape-html-1.0.3.tgz 0ms (cache hit)
2396 http cache cookie@https://registry.npmjs.org/cookie/-/cookie-0.7.2.tgz 0ms (cache hit)
2397 http cache graceful-fs@https://registry.npmjs.org/graceful-fs/-/graceful-fs-4.2.11.tgz 0ms (cache hit)
2398 http cache path-key@https://registry.npmjs.org/path-key/-/path-key-3.1.1.tgz 0ms (cache hit)
2399 http cache ms@https://registry.npmjs.org/ms/-/ms-2.1.3.tgz 0ms (cache hit)
2400 http cache which@https://registry.npmjs.org/which/-/which-2.0.2.tgz 0ms (cache hit)
2401 http cache electron-to-chromium@https://registry.npmjs.org/electron-to-chromium/-/electron-to-chromium-1.5.412.tgz 0ms (cache hit)
2402 http cache shebang-command@https://registry.npmjs.org/shebang-command/-/shebang-command-2.0.0.tgz 0ms (cache hit)
2403 http cache update-browserslist-db@https://registry.npmjs.org/update-browserslist-db/-/update-browserslist-db-1.3.1.tgz 0ms (cache hit)
2404 http cache caniuse-lite@https://registry.npmjs.org/caniuse-lite/-/caniuse-lite-1.0.30001809.tgz 0ms (cache hit)
2405 http cache @types/babel__traverse@https://registry.npmjs.org/@types/babel__traverse/-/babel__traverse-7.28.0.tgz 0ms (cache hit)
2406 http cache node-releases@https://registry.npmjs.org/node-releases/-/node-releases-2.0.53.tgz 0ms (cache hit)
2407 http cache postcss-value-parser@https://registry.npmjs.org/postcss-value-parser/-/postcss-value-parser-4.2.0.tgz 0ms (cache hit)
2408 http cache @babel/helper-string-parser@https://registry.npmjs.org/@babel/helper-string-parser/-/helper-string-parser-7.29.7.tgz 0ms (cache hit)
2409 http cache baseline-browser-mapping@https://registry.npmjs.org/baseline-browser-mapping/-/baseline-browser-mapping-2.11.16.tgz 0ms (cache hit)
2410 http cache @types/babel__template@https://registry.npmjs.org/@types/babel__template/-/babel__template-7.4.4.tgz 0ms (cache hit)
2411 http cache @types/babel__generator@https://registry.npmjs.org/@types/babel__generator/-/babel__generator-7.27.0.tgz 0ms (cache hit)
2412 http cache @babel/helper-globals@https://registry.npmjs.org/@babel/helper-globals/-/helper-globals-7.29.7.tgz 0ms (cache hit)
2413 http cache lru-cache@https://registry.npmjs.org/lru-cache/-/lru-cache-5.1.1.tgz 0ms (cache hit)
2414 http cache fraction.js@https://registry.npmjs.org/fraction.js/-/fraction.js-5.3.4.tgz 0ms (cache hit)
2415 http cache @babel/helper-module-imports@https://registry.npmjs.org/@babel/helper-module-imports/-/helper-module-imports-7.29.7.tgz 0ms (cache hit)
2416 http cache browserslist@https://registry.npmjs.org/browserslist/-/browserslist-4.28.8.tgz 0ms (cache hit)
2417 http cache @babel/helper-plugin-utils@https://registry.npmjs.org/@babel/helper-plugin-utils/-/helper-plugin-utils-7.29.7.tgz 0ms (cache hit)
2418 http cache @babel/compat-data@https://registry.npmjs.org/@babel/compat-data/-/compat-data-7.29.7.tgz 0ms (cache hit)
2419 http cache jsesc@https://registry.npmjs.org/jsesc/-/jsesc-3.1.0.tgz 0ms (cache hit)
2420 http cache picocolors@https://registry.npmjs.org/picocolors/-/picocolors-1.1.1.tgz 0ms (cache hit)
2421 http cache @babel/helper-validator-option@https://registry.npmjs.org/@babel/helper-validator-option/-/helper-validator-option-7.29.7.tgz 0ms (cache hit)
2422 http cache js-tokens@https://registry.npmjs.org/js-tokens/-/js-tokens-4.0.0.tgz 0ms (cache hit)
2423 http cache @babel/traverse@https://registry.npmjs.org/@babel/traverse/-/traverse-7.29.8.tgz 0ms (cache hit)
2424 http cache json5@https://registry.npmjs.org/json5/-/json5-2.2.3.tgz 0ms (cache hit)
2425 http cache @babel/types@https://registry.npmjs.org/@babel/types/-/types-7.29.8.tgz 0ms (cache hit)
2426 http cache convert-source-map@https://registry.npmjs.org/convert-source-map/-/convert-source-map-2.0.0.tgz 0ms (cache hit)
2427 http cache @babel/template@https://registry.npmjs.org/@babel/template/-/template-7.29.7.tgz 0ms (cache hit)
2428 http cache gensync@https://registry.npmjs.org/gensync/-/gensync-1.0.0-beta.2.tgz 0ms (cache hit)
2429 http cache @babel/parser@https://registry.npmjs.org/@babel/parser/-/parser-7.29.8.tgz 0ms (cache hit)
2430 http cache @babel/helpers@https://registry.npmjs.org/@babel/helpers/-/helpers-7.29.7.tgz 0ms (cache hit)
2431 http cache @babel/generator@https://registry.npmjs.org/@babel/generator/-/generator-7.29.8.tgz 0ms (cache hit)
2432 http cache react-refresh@https://registry.npmjs.org/react-refresh/-/react-refresh-0.18.0.tgz 0ms (cache hit)
2433 http cache @babel/helper-validator-identifier@https://registry.npmjs.org/@babel/helper-validator-identifier/-/helper-validator-identifier-7.29.7.tgz 0ms (cache hit)
2434 http cache @babel/code-frame@https://registry.npmjs.org/@babel/code-frame/-/code-frame-7.29.7.tgz 0ms (cache hit)
2435 http cache @rolldown/pluginutils@https://registry.npmjs.org/@rolldown/pluginutils/-/pluginutils-1.0.0-rc.3.tgz 0ms (cache hit)
2436 http cache @types/babel__core@https://registry.npmjs.org/@types/babel__core/-/babel__core-7.20.5.tgz 0ms (cache hit)
2437 http cache @babel/helper-module-transforms@https://registry.npmjs.org/@babel/helper-module-transforms/-/helper-module-transforms-7.29.7.tgz 0ms (cache hit)
2438 http cache @types/http-errors@https://registry.npmjs.org/@types/http-errors/-/http-errors-2.0.5.tgz 0ms (cache hit)
2439 http cache @babel/helper-compilation-targets@https://registry.npmjs.org/@babel/helper-compilation-targets/-/helper-compilation-targets-7.29.7.tgz 1ms (cache hit)
2440 http cache @babel/plugin-transform-react-jsx-source@https://registry.npmjs.org/@babel/plugin-transform-react-jsx-source/-/plugin-transform-react-jsx-source-7.29.7.tgz 1ms (cache hit)
2441 http cache undici-types@https://registry.npmjs.org/undici-types/-/undici-types-6.21.0.tgz 0ms (cache hit)
2442 http cache @types/send@https://registry.npmjs.org/@types/send/-/send-1.2.1.tgz 0ms (cache hit)
2443 http cache @babel/plugin-transform-react-jsx-self@https://registry.npmjs.org/@babel/plugin-transform-react-jsx-self/-/plugin-transform-react-jsx-self-7.29.7.tgz 0ms (cache hit)
2444 http cache @types/connect@https://registry.npmjs.org/@types/connect/-/connect-3.4.38.tgz 0ms (cache hit)
2445 http cache @babel/core@https://registry.npmjs.org/@babel/core/-/core-7.29.7.tgz 0ms (cache hit)
2446 http cache @types/range-parser@https://registry.npmjs.org/@types/range-parser/-/range-parser-1.2.7.tgz 0ms (cache hit)
2447 http cache @types/qs@https://registry.npmjs.org/@types/qs/-/qs-6.15.1.tgz 0ms (cache hit)
2448 http cache @types/serve-static@https://registry.npmjs.org/@types/serve-static/-/serve-static-1.15.10.tgz 0ms (cache hit)
2449 http cache @jridgewell/resolve-uri@https://registry.npmjs.org/@jridgewell/resolve-uri/-/resolve-uri-3.1.2.tgz 0ms (cache hit)
2450 http cache @jridgewell/gen-mapping@https://registry.npmjs.org/@jridgewell/gen-mapping/-/gen-mapping-0.3.13.tgz 0ms (cache hit)
2451 http cache @tailwindcss/oxide-android-arm64@https://registry.npmjs.org/@tailwindcss/oxide-android-arm64/-/oxide-android-arm64-4.3.3.tgz 0ms (cache hit)
2452 http cache @types/express-serve-static-core@https://registry.npmjs.org/@types/express-serve-static-core/-/express-serve-static-core-4.19.9.tgz 0ms (cache hit)
2453 http cache source-map-js@https://registry.npmjs.org/source-map-js/-/source-map-js-1.2.1.tgz 0ms (cache hit)
2454 http cache @types/body-parser@https://registry.npmjs.org/@types/body-parser/-/body-parser-1.19.6.tgz 0ms (cache hit)
2455 http cache @jridgewell/sourcemap-codec@https://registry.npmjs.org/@jridgewell/sourcemap-codec/-/sourcemap-codec-1.5.5.tgz 0ms (cache hit)
2456 http cache jiti@https://registry.npmjs.org/jiti/-/jiti-2.7.0.tgz 0ms (cache hit)
2457 http cache @jridgewell/trace-mapping@https://registry.npmjs.org/@jridgewell/trace-mapping/-/trace-mapping-0.3.31.tgz 0ms (cache hit)
2458 http cache magic-string@https://registry.npmjs.org/magic-string/-/magic-string-0.30.21.tgz 0ms (cache hit)
2459 http cache @jridgewell/remapping@https://registry.npmjs.org/@jridgewell/remapping/-/remapping-2.3.5.tgz 0ms (cache hit)
2460 http cache lightningcss@https://registry.npmjs.org/lightningcss/-/lightningcss-1.32.0.tgz 0ms (cache hit)
2461 http cache @tailwindcss/oxide@https://registry.npmjs.org/@tailwindcss/oxide/-/oxide-4.3.3.tgz 0ms (cache hit)
2462 http cache wrap-ansi@https://registry.npmjs.org/wrap-ansi/-/wrap-ansi-7.0.0.tgz 0ms (cache hit)
2463 http cache @tailwindcss/node@https://registry.npmjs.org/@tailwindcss/node/-/node-4.3.3.tgz 0ms (cache hit)
2464 http cache untildify@https://registry.npmjs.org/untildify/-/untildify-4.0.0.tgz 0ms (cache hit)
2465 http cache strip-ansi@https://registry.npmjs.org/strip-ansi/-/strip-ansi-6.0.1.tgz 0ms (cache hit)
2466 http cache @types/slice-ansi@https://registry.npmjs.org/@types/slice-ansi/-/slice-ansi-4.0.0.tgz 0ms (cache hit)
2467 http cache tree-kill@https://registry.npmjs.org/tree-kill/-/tree-kill-1.2.2.tgz 0ms (cache hit)
2468 http cache string-width@https://registry.npmjs.org/string-width/-/string-width-4.2.3.tgz 0ms (cache hit)
2469 http cache @ionic/utils-object@https://registry.npmjs.org/@ionic/utils-object/-/utils-object-2.1.6.tgz 0ms (cache hit)
2470 http cache @types/fs-extra@https://registry.npmjs.org/@types/fs-extra/-/fs-extra-8.1.5.tgz 0ms (cache hit)
2471 http cache enhanced-resolve@https://registry.npmjs.org/enhanced-resolve/-/enhanced-resolve-5.24.5.tgz 0ms (cache hit)
2472 http cache slice-ansi@https://registry.npmjs.org/slice-ansi/-/slice-ansi-4.0.0.tgz 0ms (cache hit)
2473 http cache @ionic/utils-stream@https://registry.npmjs.org/@ionic/utils-stream/-/utils-stream-3.1.7.tgz 0ms (cache hit)
2474 http cache cross-spawn@https://registry.npmjs.org/cross-spawn/-/cross-spawn-7.0.6.tgz 0ms (cache hit)
2475 http cache signal-exit@https://registry.npmjs.org/signal-exit/-/signal-exit-3.0.7.tgz 0ms (cache hit)
2476 http cache @ionic/utils-process@https://registry.npmjs.org/@ionic/utils-process/-/utils-process-2.1.12.tgz 0ms (cache hit)
2477 http cache @ionic/utils-array@https://registry.npmjs.org/@ionic/utils-array/-/utils-array-2.1.6.tgz 0ms (cache hit)
2478 http cache protobufjs@https://registry.npmjs.org/protobufjs/-/protobufjs-7.6.5.tgz 1ms (cache hit)
2479 http cache ws@https://registry.npmjs.org/ws/-/ws-8.21.3.tgz 0ms (cache hit)
2480 http cache @ionic/utils-fs@https://registry.npmjs.org/@ionic/utils-fs/-/utils-fs-3.1.7.tgz 0ms (cache hit)
2481 http cache xcode@https://registry.npmjs.org/xcode/-/xcode-3.0.1.tgz 0ms (cache hit)
2482 http cache xml2js@https://registry.npmjs.org/xml2js/-/xml2js-0.6.2.tgz 0ms (cache hit)
2483 http cache rimraf@https://registry.npmjs.org/rimraf/-/rimraf-6.1.3.tgz 0ms (cache hit)
2484 http cache semver@https://registry.npmjs.org/semver/-/semver-7.8.5.tgz 0ms (cache hit)
2485 http cache tar@https://registry.npmjs.org/tar/-/tar-7.5.22.tgz 0ms (cache hit)
2486 http cache p-retry@https://registry.npmjs.org/p-retry/-/p-retry-4.6.2.tgz 0ms (cache hit)
2487 http cache google-auth-library@https://registry.npmjs.org/google-auth-library/-/google-auth-library-10.9.1.tgz 0ms (cache hit)
2488 http cache tslib@https://registry.npmjs.org/tslib/-/tslib-2.8.1.tgz 0ms (cache hit)
2489 http cache prompts@https://registry.npmjs.org/prompts/-/prompts-2.4.2.tgz 0ms (cache hit)
2490 http cache fs-extra@https://registry.npmjs.org/fs-extra/-/fs-extra-11.4.0.tgz 0ms (cache hit)
2491 http cache kleur@https://registry.npmjs.org/kleur/-/kleur-4.1.5.tgz 0ms (cache hit)
2492 http cache open@https://registry.npmjs.org/open/-/open-8.4.2.tgz 0ms (cache hit)
2493 http cache native-run@https://registry.npmjs.org/native-run/-/native-run-2.0.3.tgz 0ms (cache hit)
2494 http cache debug@https://registry.npmjs.org/debug/-/debug-4.4.3.tgz 0ms (cache hit)
2495 http cache @ionic/utils-subprocess@https://registry.npmjs.org/@ionic/utils-subprocess/-/utils-subprocess-3.0.1.tgz 0ms (cache hit)
2496 http cache plist@https://registry.npmjs.org/plist/-/plist-3.1.1.tgz 0ms (cache hit)
2497 http cache @ionic/utils-terminal@https://registry.npmjs.org/@ionic/utils-terminal/-/utils-terminal-2.3.5.tgz 0ms (cache hit)
2498 http cache env-paths@https://registry.npmjs.org/env-paths/-/env-paths-2.2.1.tgz 0ms (cache hit)
2499 http cache @ionic/cli-framework-output@https://registry.npmjs.org/@ionic/cli-framework-output/-/cli-framework-output-2.2.8.tgz 0ms (cache hit)
2500 http cache tailwindcss@https://registry.npmjs.org/tailwindcss/-/tailwindcss-4.3.3.tgz 1ms (cache hit)
2501 http cache tsx@https://registry.npmjs.org/tsx/-/tsx-4.23.12.tgz 0ms (cache hit)
2502 http cache commander@https://registry.npmjs.org/commander/-/commander-12.1.0.tgz 0ms (cache hit)
2503 http cache typescript@https://registry.npmjs.org/typescript/-/typescript-5.8.3.tgz 0ms (cache hit)
2504 http cache react-dom@https://registry.npmjs.org/react-dom/-/react-dom-19.2.8.tgz 0ms (cache hit)
2505 http cache motion@https://registry.npmjs.org/motion/-/motion-12.43.0.tgz 0ms (cache hit)
2506 http cache express@https://registry.npmjs.org/express/-/express-4.22.2.tgz 0ms (cache hit)
2507 http cache dotenv@https://registry.npmjs.org/dotenv/-/dotenv-17.4.2.tgz 0ms (cache hit)
2508 http cache jszip@https://registry.npmjs.org/jszip/-/jszip-3.10.1.tgz 0ms (cache hit)
2509 http cache react@https://registry.npmjs.org/react/-/react-19.2.8.tgz 0ms (cache hit)
2510 http cache lucide-react@https://registry.npmjs.org/lucide-react/-/lucide-react-0.546.0.tgz 0ms (cache hit)
2511 http cache @vitejs/plugin-react@https://registry.npmjs.org/@vitejs/plugin-react/-/plugin-react-5.2.0.tgz 0ms (cache hit)
2512 http cache esbuild@https://registry.npmjs.org/esbuild/-/esbuild-0.25.12.tgz 0ms (cache hit)
2513 http cache @types/node@https://registry.npmjs.org/@types/node/-/node-22.20.1.tgz 0ms (cache hit)
2514 http cache postcss@https://registry.npmjs.org/postcss/-/postcss-8.5.26.tgz 0ms (cache hit)
2515 http cache @types/express@https://registry.npmjs.org/@types/express/-/express-4.17.25.tgz 0ms (cache hit)
2516 http cache @tailwindcss/vite@https://registry.npmjs.org/@tailwindcss/vite/-/vite-4.3.3.tgz 0ms (cache hit)
2517 http cache autoprefixer@https://registry.npmjs.org/autoprefixer/-/autoprefixer-10.5.4.tgz 0ms (cache hit)
2518 http cache @google/genai@https://registry.npmjs.org/@google/genai/-/genai-2.18.0.tgz 0ms (cache hit)
2519 http cache vite@https://registry.npmjs.org/vite/-/vite-6.4.3.tgz 0ms (cache hit)
2520 http cache @capacitor/core@https://registry.npmjs.org/@capacitor/core/-/core-8.5.0.tgz 0ms (cache hit)
2521 http cache @capacitor/android@https://registry.npmjs.org/@capacitor/android/-/android-8.5.0.tgz 0ms (cache hit)
2522 http cache lru-cache@https://registry.npmjs.org/lru-cache/-/lru-cache-11.5.2.tgz 0ms (cache hit)
2523 http cache bplist-parser@https://registry.npmjs.org/bplist-parser/-/bplist-parser-0.3.1.tgz 0ms (cache hit)
2524 http cache safe-buffer@https://registry.npmjs.org/safe-buffer/-/safe-buffer-5.1.2.tgz 0ms (cache hit)
2525 http cache @capacitor/cli@https://registry.npmjs.org/@capacitor/cli/-/cli-8.5.0.tgz 0ms (cache hit)
2526 http cache debug@https://registry.npmjs.org/debug/-/debug-2.6.9.tgz 0ms (cache hit)
2527 http cache readable-stream@https://registry.npmjs.org/readable-stream/-/readable-stream-3.6.2.tgz 0ms (cache hit)
2528 http cache ms@https://registry.npmjs.org/ms/-/ms-2.0.0.tgz 0ms (cache hit)
2529 http cache safe-buffer@https://registry.npmjs.org/safe-buffer/-/safe-buffer-5.1.2.tgz 0ms (cache hit)
2530 http cache ms@https://registry.npmjs.org/ms/-/ms-2.0.0.tgz 0ms (cache hit)
2531 http cache ms@https://registry.npmjs.org/ms/-/ms-2.0.0.tgz 0ms (cache hit)
2532 http cache debug@https://registry.npmjs.org/debug/-/debug-2.6.9.tgz 0ms (cache hit)
2533 http cache semver@https://registry.npmjs.org/semver/-/semver-6.3.1.tgz 0ms (cache hit)
2534 http cache debug@https://registry.npmjs.org/debug/-/debug-2.6.9.tgz 0ms (cache hit)
2535 http cache semver@https://registry.npmjs.org/semver/-/semver-6.3.1.tgz 0ms (cache hit)
2536 http cache yallist@https://registry.npmjs.org/yallist/-/yallist-5.0.0.tgz 0ms (cache hit)
2537 http cache fs-extra@https://registry.npmjs.org/fs-extra/-/fs-extra-9.1.0.tgz 0ms (cache hit)
2538 http cache @types/send@https://registry.npmjs.org/@types/send/-/send-0.17.6.tgz 0ms (cache hit)
2539 http cache esbuild@https://registry.npmjs.org/esbuild/-/esbuild-0.28.2.tgz 0ms (cache hit)
2540 http cache kleur@https://registry.npmjs.org/kleur/-/kleur-3.0.3.tgz 0ms (cache hit)
2541 http cache @esbuild/android-arm64@https://registry.npmjs.org/@esbuild/android-arm64/-/android-arm64-0.28.2.tgz 0ms (cache hit)
2542 http cache xmlbuilder@https://registry.npmjs.org/xmlbuilder/-/xmlbuilder-11.0.1.tgz 0ms (cache hit)
2543 silly tarball no local data for @types/mime@https://registry.npmjs.org/@types/mime/-/mime-1.3.5.tgz. Extracting by manifest.
2544 silly tarball no local data for @types/estree@https://registry.npmjs.org/@types/estree/-/estree-1.0.9.tgz. Extracting by manifest.
2545 silly tarball no local data for @rollup/rollup-android-arm64@https://registry.npmjs.org/@rollup/rollup-android-arm64/-/rollup-android-arm64-4.62.5.tgz. Extracting by manifest.
2546 silly tarball no local data for tinyglobby@https://registry.npmjs.org/tinyglobby/-/tinyglobby-0.2.17.tgz. Extracting by manifest.
2547 silly tarball no local data for picomatch@https://registry.npmjs.org/picomatch/-/picomatch-4.0.5.tgz. Extracting by manifest.
2548 silly tarball no local data for escalade@https://registry.npmjs.org/escalade/-/escalade-3.2.0.tgz. Extracting by manifest.
2549 silly tarball no local data for media-typer@https://registry.npmjs.org/media-typer/-/media-typer-0.3.0.tgz. Extracting by manifest.
2550 silly tarball no local data for rollup@https://registry.npmjs.org/rollup/-/rollup-4.62.5.tgz. Extracting by manifest.
2551 silly tarball no local data for fdir@https://registry.npmjs.org/fdir/-/fdir-6.5.0.tgz. Extracting by manifest.
2552 silly tarball no local data for math-intrinsics@https://registry.npmjs.org/math-intrinsics/-/math-intrinsics-1.1.0.tgz. Extracting by manifest.
2553 silly tarball no local data for hasown@https://registry.npmjs.org/hasown/-/hasown-2.0.4.tgz. Extracting by manifest.
2554 silly tarball no local data for gopd@https://registry.npmjs.org/gopd/-/gopd-1.2.0.tgz. Extracting by manifest.
2555 silly tarball no local data for has-symbols@https://registry.npmjs.org/has-symbols/-/has-symbols-1.1.0.tgz. Extracting by manifest.
2556 silly tarball no local data for get-proto@https://registry.npmjs.org/get-proto/-/get-proto-1.0.1.tgz. Extracting by manifest.
2557 silly tarball no local data for function-bind@https://registry.npmjs.org/function-bind/-/function-bind-1.1.2.tgz. Extracting by manifest.
2558 silly tarball no local data for call-bind-apply-helpers@https://registry.npmjs.org/call-bind-apply-helpers/-/call-bind-apply-helpers-1.0.2.tgz. Extracting by manifest.
2559 silly tarball no local data for get-intrinsic@https://registry.npmjs.org/get-intrinsic/-/get-intrinsic-1.3.0.tgz. Extracting by manifest.
2560 silly tarball no local data for call-bound@https://registry.npmjs.org/call-bound/-/call-bound-1.0.4.tgz. Extracting by manifest.
2561 silly tarball no local data for side-channel-map@https://registry.npmjs.org/side-channel-map/-/side-channel-map-1.0.1.tgz. Extracting by manifest.
2562 silly tarball no local data for side-channel-weakmap@https://registry.npmjs.org/side-channel-weakmap/-/side-channel-weakmap-1.0.2.tgz. Extracting by manifest.
2563 silly tarball no local data for object-inspect@https://registry.npmjs.org/object-inspect/-/object-inspect-1.13.4.tgz. Extracting by manifest.
2564 silly tarball no local data for es-errors@https://registry.npmjs.org/es-errors/-/es-errors-1.3.0.tgz. Extracting by manifest.
2565 silly tarball no local data for dunder-proto@https://registry.npmjs.org/dunder-proto/-/dunder-proto-1.0.1.tgz. Extracting by manifest.
2566 silly tarball no local data for es-object-atoms@https://registry.npmjs.org/es-object-atoms/-/es-object-atoms-1.1.2.tgz. Extracting by manifest.
2567 silly tarball no local data for side-channel-list@https://registry.npmjs.org/side-channel-list/-/side-channel-list-1.0.1.tgz. Extracting by manifest.
2568 silly tarball no local data for process-nextick-args@https://registry.npmjs.org/process-nextick-args/-/process-nextick-args-2.0.1.tgz. Extracting by manifest.
2569 silly tarball no local data for isarray@https://registry.npmjs.org/isarray/-/isarray-1.0.0.tgz. Extracting by manifest.
2570 silly tarball no local data for core-util-is@https://registry.npmjs.org/core-util-is/-/core-util-is-1.0.3.tgz. Extracting by manifest.
2571 silly tarball no local data for string_decoder@https://registry.npmjs.org/string_decoder/-/string_decoder-1.1.1.tgz. Extracting by manifest.
2572 silly tarball no local data for side-channel@https://registry.npmjs.org/side-channel/-/side-channel-1.1.1.tgz. Extracting by manifest.
2573 silly tarball no local data for scheduler@https://registry.npmjs.org/scheduler/-/scheduler-0.27.0.tgz. Extracting by manifest.
2574 silly tarball no local data for es-define-property@https://registry.npmjs.org/es-define-property/-/es-define-property-1.0.1.tgz. Extracting by manifest.
2575 silly tarball no local data for ipaddr.js@https://registry.npmjs.org/ipaddr.js/-/ipaddr.js-1.9.1.tgz. Extracting by manifest.
2576 silly tarball no local data for forwarded@https://registry.npmjs.org/forwarded/-/forwarded-0.2.0.tgz. Extracting by manifest.
2577 silly tarball no local data for long@https://registry.npmjs.org/long/-/long-5.3.2.tgz. Extracting by manifest.
2578 silly tarball no local data for @protobufjs/utf8@https://registry.npmjs.org/@protobufjs/utf8/-/utf8-1.1.2.tgz. Extracting by manifest.
2579 silly tarball no local data for mime@https://registry.npmjs.org/mime/-/mime-1.6.0.tgz. Extracting by manifest.
2580 silly tarball no local data for @protobufjs/path@https://registry.npmjs.org/@protobufjs/path/-/path-1.1.2.tgz. Extracting by manifest.
2581 silly tarball no local data for @protobufjs/pool@https://registry.npmjs.org/@protobufjs/pool/-/pool-1.1.0.tgz. Extracting by manifest.
2582 silly tarball no local data for @protobufjs/codegen@https://registry.npmjs.org/@protobufjs/codegen/-/codegen-2.0.5.tgz. Extracting by manifest.
2583 silly tarball no local data for @protobufjs/base64@https://registry.npmjs.org/@protobufjs/base64/-/base64-1.1.2.tgz. Extracting by manifest.
2584 silly tarball no local data for @protobufjs/aspromise@https://registry.npmjs.org/@protobufjs/aspromise/-/aspromise-1.1.2.tgz. Extracting by manifest.
2585 silly tarball no local data for nanoid@https://registry.npmjs.org/nanoid/-/nanoid-3.3.18.tgz. Extracting by manifest.
2586 silly tarball no local data for @protobufjs/float@https://registry.npmjs.org/@protobufjs/float/-/float-1.0.2.tgz. Extracting by manifest.
2587 silly tarball no local data for @protobufjs/eventemitter@https://registry.npmjs.org/@protobufjs/eventemitter/-/eventemitter-1.1.1.tgz. Extracting by manifest.
2588 silly tarball no local data for @protobufjs/fetch@https://registry.npmjs.org/@protobufjs/fetch/-/fetch-1.1.1.tgz. Extracting by manifest.
2589 silly tarball no local data for @types/retry@https://registry.npmjs.org/@types/retry/-/retry-0.12.0.tgz. Extracting by manifest.
2590 silly tarball no local data for web-streams-polyfill@https://registry.npmjs.org/web-streams-polyfill/-/web-streams-polyfill-3.3.3.tgz. Extracting by manifest.
2591 silly tarball no local data for formdata-polyfill@https://registry.npmjs.org/formdata-polyfill/-/formdata-polyfill-4.0.10.tgz. Extracting by manifest.
2592 http cache ms@https://registry.npmjs.org/ms/-/ms-2.0.0.tgz 0ms (cache hit)
2593 silly tarball no local data for ee-first@https://registry.npmjs.org/ee-first/-/ee-first-1.1.1.tgz. Extracting by manifest.
2594 silly tarball no local data for fetch-blob@https://registry.npmjs.org/fetch-blob/-/fetch-blob-3.2.0.tgz. Extracting by manifest.
2595 silly tarball no local data for data-uri-to-buffer@https://registry.npmjs.org/data-uri-to-buffer/-/data-uri-to-buffer-4.0.1.tgz. Extracting by manifest.
2596 silly tarball no local data for node-domexception@https://registry.npmjs.org/node-domexception/-/node-domexception-1.0.0.tgz. Extracting by manifest.
2597 silly tarball no local data for retry@https://registry.npmjs.org/retry/-/retry-0.13.1.tgz. Extracting by manifest.
2598 silly tarball no local data for motion-dom@https://registry.npmjs.org/motion-dom/-/motion-dom-12.43.0.tgz. Extracting by manifest.
2599 silly tarball no local data for motion-utils@https://registry.npmjs.org/motion-utils/-/motion-utils-12.39.0.tgz. Extracting by manifest.
2600 silly tarball no local data for framer-motion@https://registry.npmjs.org/framer-motion/-/framer-motion-12.43.0.tgz. Extracting by manifest.
2601 silly tarball no local data for mime-db@https://registry.npmjs.org/mime-db/-/mime-db-1.52.0.tgz. Extracting by manifest.
2602 silly tarball no local data for lightningcss-android-arm64@https://registry.npmjs.org/lightningcss-android-arm64/-/lightningcss-android-arm64-1.32.0.tgz. Extracting by manifest.
2603 silly tarball no local data for yallist@https://registry.npmjs.org/yallist/-/yallist-3.1.1.tgz. Extracting by manifest.
2604 silly tarball no local data for detect-libc@https://registry.npmjs.org/detect-libc/-/detect-libc-2.1.2.tgz. Extracting by manifest.
2605 silly tarball no local data for immediate@https://registry.npmjs.org/immediate/-/immediate-3.0.6.tgz. Extracting by manifest.
2606 silly tarball no local data for setimmediate@https://registry.npmjs.org/setimmediate/-/setimmediate-1.0.5.tgz. Extracting by manifest.
2607 silly tarball no local data for buffer-equal-constant-time@https://registry.npmjs.org/buffer-equal-constant-time/-/buffer-equal-constant-time-1.0.1.tgz. Extracting by manifest.
2608 silly tarball no local data for lie@https://registry.npmjs.org/lie/-/lie-3.3.0.tgz. Extracting by manifest.
2609 silly tarball no local data for jwa@https://registry.npmjs.org/jwa/-/jwa-2.0.1.tgz. Extracting by manifest.
2610 silly tarball no local data for toidentifier@https://registry.npmjs.org/toidentifier/-/toidentifier-1.0.1.tgz. Extracting by manifest.
2611 silly tarball no local data for pako@https://registry.npmjs.org/pako/-/pako-1.0.11.tgz. Extracting by manifest.
2612 silly tarball no local data for safer-buffer@https://registry.npmjs.org/safer-buffer/-/safer-buffer-2.1.2.tgz. Extracting by manifest.
2613 silly tarball no local data for readable-stream@https://registry.npmjs.org/readable-stream/-/readable-stream-2.3.8.tgz. Extracting by manifest.
2614 silly tarball no local data for bignumber.js@https://registry.npmjs.org/bignumber.js/-/bignumber.js-9.3.1.tgz. Extracting by manifest.
2615 silly tarball no local data for agent-base@https://registry.npmjs.org/agent-base/-/agent-base-7.1.4.tgz. Extracting by manifest.
2616 silly tarball no local data for extend@https://registry.npmjs.org/extend/-/extend-3.0.2.tgz. Extracting by manifest.
2617 silly tarball no local data for json-bigint@https://registry.npmjs.org/json-bigint/-/json-bigint-1.0.0.tgz. Extracting by manifest.
2618 silly tarball no local data for google-logging-utils@https://registry.npmjs.org/google-logging-utils/-/google-logging-utils-1.1.3.tgz. Extracting by manifest.
2619 silly tarball no local data for jws@https://registry.npmjs.org/jws/-/jws-4.0.1.tgz. Extracting by manifest.
2620 silly tarball no local data for gcp-metadata@https://registry.npmjs.org/gcp-metadata/-/gcp-metadata-8.1.2.tgz. Extracting by manifest.
2621 silly tarball no local data for node-fetch@https://registry.npmjs.org/node-fetch/-/node-fetch-3.3.2.tgz. Extracting by manifest.
2622 silly tarball no local data for ecdsa-sig-formatter@https://registry.npmjs.org/ecdsa-sig-formatter/-/ecdsa-sig-formatter-1.0.11.tgz. Extracting by manifest.
2623 silly tarball no local data for https-proxy-agent@https://registry.npmjs.org/https-proxy-agent/-/https-proxy-agent-7.0.6.tgz. Extracting by manifest.
2624 silly tarball no local data for unpipe@https://registry.npmjs.org/unpipe/-/unpipe-1.0.0.tgz. Extracting by manifest.
2625 silly tarball no local data for gaxios@https://registry.npmjs.org/gaxios/-/gaxios-7.3.1.tgz. Extracting by manifest.
2626 silly tarball no local data for destroy@https://registry.npmjs.org/destroy/-/destroy-1.2.0.tgz. Extracting by manifest.
2627 silly tarball no local data for bytes@https://registry.npmjs.org/bytes/-/bytes-3.1.2.tgz. Extracting by manifest.
2628 silly tarball no local data for negotiator@https://registry.npmjs.org/negotiator/-/negotiator-0.6.3.tgz. Extracting by manifest.
2629 silly tarball no local data for raw-body@https://registry.npmjs.org/raw-body/-/raw-body-2.5.3.tgz. Extracting by manifest.
2630 silly tarball no local data for iconv-lite@https://registry.npmjs.org/iconv-lite/-/iconv-lite-0.4.24.tgz. Extracting by manifest.
2631 silly tarball no local data for vary@https://registry.npmjs.org/vary/-/vary-1.1.2.tgz. Extracting by manifest.
2632 silly tarball no local data for statuses@https://registry.npmjs.org/statuses/-/statuses-2.0.2.tgz. Extracting by manifest.
2633 silly tarball no local data for mime-types@https://registry.npmjs.org/mime-types/-/mime-types-2.1.35.tgz. Extracting by manifest.
2634 silly tarball no local data for utils-merge@https://registry.npmjs.org/utils-merge/-/utils-merge-1.0.1.tgz. Extracting by manifest.
2635 silly tarball no local data for range-parser@https://registry.npmjs.org/range-parser/-/range-parser-1.2.1.tgz. Extracting by manifest.
2636 silly tarball no local data for qs@https://registry.npmjs.org/qs/-/qs-6.15.3.tgz. Extracting by manifest.
2637 silly tarball no local data for send@https://registry.npmjs.org/send/-/send-0.19.2.tgz. Extracting by manifest.
2638 silly tarball no local data for type-is@https://registry.npmjs.org/type-is/-/type-is-1.6.18.tgz. Extracting by manifest.
2639 silly tarball no local data for setprototypeof@https://registry.npmjs.org/setprototypeof/-/setprototypeof-1.2.0.tgz. Extracting by manifest.
2640 silly tarball no local data for serve-static@https://registry.npmjs.org/serve-static/-/serve-static-1.16.3.tgz. Extracting by manifest.
2641 silly tarball no local data for proxy-addr@https://registry.npmjs.org/proxy-addr/-/proxy-addr-2.0.7.tgz. Extracting by manifest.
2642 silly tarball no local data for parseurl@https://registry.npmjs.org/parseurl/-/parseurl-1.3.3.tgz. Extracting by manifest.
2643 silly tarball no local data for methods@https://registry.npmjs.org/methods/-/methods-1.1.2.tgz. Extracting by manifest.
2644 silly tarball no local data for fresh@https://registry.npmjs.org/fresh/-/fresh-0.5.2.tgz. Extracting by manifest.
2645 silly tarball no local data for http-errors@https://registry.npmjs.org/http-errors/-/http-errors-2.0.1.tgz. Extracting by manifest.
2646 silly tarball no local data for etag@https://registry.npmjs.org/etag/-/etag-1.8.1.tgz. Extracting by manifest.
2647 silly tarball no local data for finalhandler@https://registry.npmjs.org/finalhandler/-/finalhandler-1.3.2.tgz. Extracting by manifest.
2648 silly tarball no local data for path-to-regexp@https://registry.npmjs.org/path-to-regexp/-/path-to-regexp-0.1.13.tgz. Extracting by manifest.
2649 silly tarball no local data for encodeurl@https://registry.npmjs.org/encodeurl/-/encodeurl-2.0.0.tgz. Extracting by manifest.
2650 silly tarball no local data for depd@https://registry.npmjs.org/depd/-/depd-2.0.0.tgz. Extracting by manifest.
2651 silly tarball no local data for cookie-signature@https://registry.npmjs.org/cookie-signature/-/cookie-signature-1.0.7.tgz. Extracting by manifest.
2652 silly tarball no local data for content-type@https://registry.npmjs.org/content-type/-/content-type-1.0.5.tgz. Extracting by manifest.
2653 silly tarball no local data for body-parser@https://registry.npmjs.org/body-parser/-/body-parser-1.20.6.tgz. Extracting by manifest.
2654 silly tarball no local data for accepts@https://registry.npmjs.org/accepts/-/accepts-1.3.8.tgz. Extracting by manifest.
2655 silly tarball no local data for array-flatten@https://registry.npmjs.org/array-flatten/-/array-flatten-1.1.1.tgz. Extracting by manifest.
2656 silly tarball no local data for content-disposition@https://registry.npmjs.org/content-disposition/-/content-disposition-0.5.4.tgz. Extracting by manifest.
2657 silly tarball no local data for @esbuild/android-arm64@https://registry.npmjs.org/@esbuild/android-arm64/-/android-arm64-0.25.12.tgz. Extracting by manifest.
2658 silly tarball no local data for on-finished@https://registry.npmjs.org/on-finished/-/on-finished-2.4.1.tgz. Extracting by manifest.
2659 silly tarball no local data for tapable@https://registry.npmjs.org/tapable/-/tapable-2.3.3.tgz. Extracting by manifest.
2660 silly tarball no local data for merge-descriptors@https://registry.npmjs.org/merge-descriptors/-/merge-descriptors-1.0.3.tgz. Extracting by manifest.
2661 silly tarball no local data for escape-html@https://registry.npmjs.org/escape-html/-/escape-html-1.0.3.tgz. Extracting by manifest.
2662 silly tarball no local data for cookie@https://registry.npmjs.org/cookie/-/cookie-0.7.2.tgz. Extracting by manifest.
2663 silly tarball no local data for electron-to-chromium@https://registry.npmjs.org/electron-to-chromium/-/electron-to-chromium-1.5.412.tgz. Extracting by manifest.
2664 silly tarball no local data for update-browserslist-db@https://registry.npmjs.org/update-browserslist-db/-/update-browserslist-db-1.3.1.tgz. Extracting by manifest.
2665 silly tarball no local data for caniuse-lite@https://registry.npmjs.org/caniuse-lite/-/caniuse-lite-1.0.30001809.tgz. Extracting by manifest.
2666 silly tarball no local data for @types/babel__traverse@https://registry.npmjs.org/@types/babel__traverse/-/babel__traverse-7.28.0.tgz. Extracting by manifest.
2667 silly tarball no local data for node-releases@https://registry.npmjs.org/node-releases/-/node-releases-2.0.53.tgz. Extracting by manifest.
2668 silly tarball no local data for postcss-value-parser@https://registry.npmjs.org/postcss-value-parser/-/postcss-value-parser-4.2.0.tgz. Extracting by manifest.
2669 silly tarball no local data for @babel/helper-string-parser@https://registry.npmjs.org/@babel/helper-string-parser/-/helper-string-parser-7.29.7.tgz. Extracting by manifest.
2670 silly tarball no local data for baseline-browser-mapping@https://registry.npmjs.org/baseline-browser-mapping/-/baseline-browser-mapping-2.11.16.tgz. Extracting by manifest.
2671 silly tarball no local data for @types/babel__template@https://registry.npmjs.org/@types/babel__template/-/babel__template-7.4.4.tgz. Extracting by manifest.
2672 silly tarball no local data for @types/babel__generator@https://registry.npmjs.org/@types/babel__generator/-/babel__generator-7.27.0.tgz. Extracting by manifest.
2673 silly tarball no local data for @babel/helper-globals@https://registry.npmjs.org/@babel/helper-globals/-/helper-globals-7.29.7.tgz. Extracting by manifest.
2674 silly tarball no local data for lru-cache@https://registry.npmjs.org/lru-cache/-/lru-cache-5.1.1.tgz. Extracting by manifest.
2675 silly tarball no local data for fraction.js@https://registry.npmjs.org/fraction.js/-/fraction.js-5.3.4.tgz. Extracting by manifest.
2676 silly tarball no local data for @babel/helper-module-imports@https://registry.npmjs.org/@babel/helper-module-imports/-/helper-module-imports-7.29.7.tgz. Extracting by manifest.
2677 silly tarball no local data for browserslist@https://registry.npmjs.org/browserslist/-/browserslist-4.28.8.tgz. Extracting by manifest.
2678 silly tarball no local data for @babel/helper-plugin-utils@https://registry.npmjs.org/@babel/helper-plugin-utils/-/helper-plugin-utils-7.29.7.tgz. Extracting by manifest.
2679 silly tarball no local data for @babel/compat-data@https://registry.npmjs.org/@babel/compat-data/-/compat-data-7.29.7.tgz. Extracting by manifest.
2680 silly tarball no local data for jsesc@https://registry.npmjs.org/jsesc/-/jsesc-3.1.0.tgz. Extracting by manifest.
2681 silly tarball no local data for picocolors@https://registry.npmjs.org/picocolors/-/picocolors-1.1.1.tgz. Extracting by manifest.
2682 silly tarball no local data for @babel/helper-validator-option@https://registry.npmjs.org/@babel/helper-validator-option/-/helper-validator-option-7.29.7.tgz. Extracting by manifest.
2683 silly tarball no local data for js-tokens@https://registry.npmjs.org/js-tokens/-/js-tokens-4.0.0.tgz. Extracting by manifest.
2684 silly tarball no local data for @babel/traverse@https://registry.npmjs.org/@babel/traverse/-/traverse-7.29.8.tgz. Extracting by manifest.
2685 silly tarball no local data for json5@https://registry.npmjs.org/json5/-/json5-2.2.3.tgz. Extracting by manifest.
2686 silly tarball no local data for @babel/types@https://registry.npmjs.org/@babel/types/-/types-7.29.8.tgz. Extracting by manifest.
2687 silly tarball no local data for convert-source-map@https://registry.npmjs.org/convert-source-map/-/convert-source-map-2.0.0.tgz. Extracting by manifest.
2688 silly tarball no local data for @babel/template@https://registry.npmjs.org/@babel/template/-/template-7.29.7.tgz. Extracting by manifest.
2689 silly tarball no local data for gensync@https://registry.npmjs.org/gensync/-/gensync-1.0.0-beta.2.tgz. Extracting by manifest.
2690 silly tarball no local data for @babel/parser@https://registry.npmjs.org/@babel/parser/-/parser-7.29.8.tgz. Extracting by manifest.
2691 silly tarball no local data for @babel/helpers@https://registry.npmjs.org/@babel/helpers/-/helpers-7.29.7.tgz. Extracting by manifest.
2692 silly tarball no local data for @babel/generator@https://registry.npmjs.org/@babel/generator/-/generator-7.29.8.tgz. Extracting by manifest.
2693 http cache debug@https://registry.npmjs.org/debug/-/debug-2.6.9.tgz 0ms (cache hit)
2694 silly tarball no local data for react-refresh@https://registry.npmjs.org/react-refresh/-/react-refresh-0.18.0.tgz. Extracting by manifest.
2695 silly tarball no local data for @babel/helper-validator-identifier@https://registry.npmjs.org/@babel/helper-validator-identifier/-/helper-validator-identifier-7.29.7.tgz. Extracting by manifest.
2696 silly tarball no local data for @babel/code-frame@https://registry.npmjs.org/@babel/code-frame/-/code-frame-7.29.7.tgz. Extracting by manifest.
2697 silly tarball no local data for @rolldown/pluginutils@https://registry.npmjs.org/@rolldown/pluginutils/-/pluginutils-1.0.0-rc.3.tgz. Extracting by manifest.
2698 silly tarball no local data for @types/babel__core@https://registry.npmjs.org/@types/babel__core/-/babel__core-7.20.5.tgz. Extracting by manifest.
2699 silly tarball no local data for @babel/helper-module-transforms@https://registry.npmjs.org/@babel/helper-module-transforms/-/helper-module-transforms-7.29.7.tgz. Extracting by manifest.
2700 silly tarball no local data for @types/http-errors@https://registry.npmjs.org/@types/http-errors/-/http-errors-2.0.5.tgz. Extracting by manifest.
2701 silly tarball no local data for @babel/helper-compilation-targets@https://registry.npmjs.org/@babel/helper-compilation-targets/-/helper-compilation-targets-7.29.7.tgz. Extracting by manifest.
2702 silly tarball no local data for @babel/plugin-transform-react-jsx-source@https://registry.npmjs.org/@babel/plugin-transform-react-jsx-source/-/plugin-transform-react-jsx-source-7.29.7.tgz. Extracting by manifest.
2703 silly tarball no local data for undici-types@https://registry.npmjs.org/undici-types/-/undici-types-6.21.0.tgz. Extracting by manifest.
2704 silly tarball no local data for @types/send@https://registry.npmjs.org/@types/send/-/send-1.2.1.tgz. Extracting by manifest.
2705 silly tarball no local data for @babel/plugin-transform-react-jsx-self@https://registry.npmjs.org/@babel/plugin-transform-react-jsx-self/-/plugin-transform-react-jsx-self-7.29.7.tgz. Extracting by manifest.
2706 silly tarball no local data for @types/connect@https://registry.npmjs.org/@types/connect/-/connect-3.4.38.tgz. Extracting by manifest.
2707 silly tarball no local data for @babel/core@https://registry.npmjs.org/@babel/core/-/core-7.29.7.tgz. Extracting by manifest.
2708 silly tarball no local data for @types/range-parser@https://registry.npmjs.org/@types/range-parser/-/range-parser-1.2.7.tgz. Extracting by manifest.
2709 silly tarball no local data for @types/qs@https://registry.npmjs.org/@types/qs/-/qs-6.15.1.tgz. Extracting by manifest.
2710 silly tarball no local data for @types/serve-static@https://registry.npmjs.org/@types/serve-static/-/serve-static-1.15.10.tgz. Extracting by manifest.
2711 silly tarball no local data for @jridgewell/resolve-uri@https://registry.npmjs.org/@jridgewell/resolve-uri/-/resolve-uri-3.1.2.tgz. Extracting by manifest.
2712 silly tarball no local data for @jridgewell/gen-mapping@https://registry.npmjs.org/@jridgewell/gen-mapping/-/gen-mapping-0.3.13.tgz. Extracting by manifest.
2713 silly tarball no local data for @tailwindcss/oxide-android-arm64@https://registry.npmjs.org/@tailwindcss/oxide-android-arm64/-/oxide-android-arm64-4.3.3.tgz. Extracting by manifest.
2714 silly tarball no local data for @types/express-serve-static-core@https://registry.npmjs.org/@types/express-serve-static-core/-/express-serve-static-core-4.19.9.tgz. Extracting by manifest.
2715 silly tarball no local data for source-map-js@https://registry.npmjs.org/source-map-js/-/source-map-js-1.2.1.tgz. Extracting by manifest.
2716 silly tarball no local data for @types/body-parser@https://registry.npmjs.org/@types/body-parser/-/body-parser-1.19.6.tgz. Extracting by manifest.
2717 silly tarball no local data for @jridgewell/sourcemap-codec@https://registry.npmjs.org/@jridgewell/sourcemap-codec/-/sourcemap-codec-1.5.5.tgz. Extracting by manifest.
2718 silly tarball no local data for jiti@https://registry.npmjs.org/jiti/-/jiti-2.7.0.tgz. Extracting by manifest.
2719 silly tarball no local data for @jridgewell/trace-mapping@https://registry.npmjs.org/@jridgewell/trace-mapping/-/trace-mapping-0.3.31.tgz. Extracting by manifest.
2720 silly tarball no local data for magic-string@https://registry.npmjs.org/magic-string/-/magic-string-0.30.21.tgz. Extracting by manifest.
2721 silly tarball no local data for @jridgewell/remapping@https://registry.npmjs.org/@jridgewell/remapping/-/remapping-2.3.5.tgz. Extracting by manifest.
2722 silly tarball no local data for lightningcss@https://registry.npmjs.org/lightningcss/-/lightningcss-1.32.0.tgz. Extracting by manifest.
2723 silly tarball no local data for @tailwindcss/oxide@https://registry.npmjs.org/@tailwindcss/oxide/-/oxide-4.3.3.tgz. Extracting by manifest.
2724 silly tarball no local data for @tailwindcss/node@https://registry.npmjs.org/@tailwindcss/node/-/node-4.3.3.tgz. Extracting by manifest.
2725 silly tarball no local data for enhanced-resolve@https://registry.npmjs.org/enhanced-resolve/-/enhanced-resolve-5.24.5.tgz. Extracting by manifest.
2726 silly tarball no local data for protobufjs@https://registry.npmjs.org/protobufjs/-/protobufjs-7.6.5.tgz. Extracting by manifest.
2727 silly tarball no local data for ws@https://registry.npmjs.org/ws/-/ws-8.21.3.tgz. Extracting by manifest.
2728 silly tarball no local data for p-retry@https://registry.npmjs.org/p-retry/-/p-retry-4.6.2.tgz. Extracting by manifest.
2729 silly tarball no local data for google-auth-library@https://registry.npmjs.org/google-auth-library/-/google-auth-library-10.9.1.tgz. Extracting by manifest.
2730 silly tarball no local data for tailwindcss@https://registry.npmjs.org/tailwindcss/-/tailwindcss-4.3.3.tgz. Extracting by manifest.
2731 silly tarball no local data for tsx@https://registry.npmjs.org/tsx/-/tsx-4.23.12.tgz. Extracting by manifest.
2732 silly tarball no local data for typescript@https://registry.npmjs.org/typescript/-/typescript-5.8.3.tgz. Extracting by manifest.
2733 silly tarball no local data for react-dom@https://registry.npmjs.org/react-dom/-/react-dom-19.2.8.tgz. Extracting by manifest.
2734 silly tarball no local data for motion@https://registry.npmjs.org/motion/-/motion-12.43.0.tgz. Extracting by manifest.
2735 silly tarball no local data for express@https://registry.npmjs.org/express/-/express-4.22.2.tgz. Extracting by manifest.
2736 silly tarball no local data for dotenv@https://registry.npmjs.org/dotenv/-/dotenv-17.4.2.tgz. Extracting by manifest.
2737 silly tarball no local data for jszip@https://registry.npmjs.org/jszip/-/jszip-3.10.1.tgz. Extracting by manifest.
2738 silly tarball no local data for react@https://registry.npmjs.org/react/-/react-19.2.8.tgz. Extracting by manifest.
2739 silly tarball no local data for lucide-react@https://registry.npmjs.org/lucide-react/-/lucide-react-0.546.0.tgz. Extracting by manifest.
2740 silly tarball no local data for @vitejs/plugin-react@https://registry.npmjs.org/@vitejs/plugin-react/-/plugin-react-5.2.0.tgz. Extracting by manifest.
2741 silly tarball no local data for esbuild@https://registry.npmjs.org/esbuild/-/esbuild-0.25.12.tgz. Extracting by manifest.
2742 silly tarball no local data for @types/node@https://registry.npmjs.org/@types/node/-/node-22.20.1.tgz. Extracting by manifest.
2743 silly tarball no local data for postcss@https://registry.npmjs.org/postcss/-/postcss-8.5.26.tgz. Extracting by manifest.
2744 silly tarball no local data for @types/express@https://registry.npmjs.org/@types/express/-/express-4.17.25.tgz. Extracting by manifest.
2745 silly tarball no local data for @tailwindcss/vite@https://registry.npmjs.org/@tailwindcss/vite/-/vite-4.3.3.tgz. Extracting by manifest.
2746 silly tarball no local data for autoprefixer@https://registry.npmjs.org/autoprefixer/-/autoprefixer-10.5.4.tgz. Extracting by manifest.
2747 silly tarball no local data for @google/genai@https://registry.npmjs.org/@google/genai/-/genai-2.18.0.tgz. Extracting by manifest.
2748 silly tarball no local data for vite@https://registry.npmjs.org/vite/-/vite-6.4.3.tgz. Extracting by manifest.
2749 silly tarball no local data for @capacitor/core@https://registry.npmjs.org/@capacitor/core/-/core-8.5.0.tgz. Extracting by manifest.
2750 silly tarball no local data for @capacitor/android@https://registry.npmjs.org/@capacitor/android/-/android-8.5.0.tgz. Extracting by manifest.
2751 silly tarball no local data for safe-buffer@https://registry.npmjs.org/safe-buffer/-/safe-buffer-5.1.2.tgz. Extracting by manifest.
2752 silly tarball no local data for debug@https://registry.npmjs.org/debug/-/debug-2.6.9.tgz. Extracting by manifest.
2753 silly tarball no local data for ms@https://registry.npmjs.org/ms/-/ms-2.0.0.tgz. Extracting by manifest.
2754 silly tarball no local data for safe-buffer@https://registry.npmjs.org/safe-buffer/-/safe-buffer-5.1.2.tgz. Extracting by manifest.
2755 silly tarball no local data for ms@https://registry.npmjs.org/ms/-/ms-2.0.0.tgz. Extracting by manifest.
2756 silly tarball no local data for ms@https://registry.npmjs.org/ms/-/ms-2.0.0.tgz. Extracting by manifest.
2757 silly tarball no local data for debug@https://registry.npmjs.org/debug/-/debug-2.6.9.tgz. Extracting by manifest.
2758 silly tarball no local data for semver@https://registry.npmjs.org/semver/-/semver-6.3.1.tgz. Extracting by manifest.
2759 silly tarball no local data for debug@https://registry.npmjs.org/debug/-/debug-2.6.9.tgz. Extracting by manifest.
2760 silly tarball no local data for semver@https://registry.npmjs.org/semver/-/semver-6.3.1.tgz. Extracting by manifest.
2761 silly tarball no local data for @types/send@https://registry.npmjs.org/@types/send/-/send-0.17.6.tgz. Extracting by manifest.
2762 silly tarball no local data for esbuild@https://registry.npmjs.org/esbuild/-/esbuild-0.28.2.tgz. Extracting by manifest.
2763 silly tarball no local data for @esbuild/android-arm64@https://registry.npmjs.org/@esbuild/android-arm64/-/android-arm64-0.28.2.tgz. Extracting by manifest.
2764 silly tarball no local data for ms@https://registry.npmjs.org/ms/-/ms-2.0.0.tgz. Extracting by manifest.
2765 silly tarball no local data for debug@https://registry.npmjs.org/debug/-/debug-2.6.9.tgz. Extracting by manifest.
2766 http fetch POST 200 https://registry.npmjs.org/-/npm/v1/security/advisories/bulk 3224ms
2767 silly audit report {
2767 silly audit report   uuid: [
2767 silly audit report     {
2767 silly audit report       id: 1119441,
2767 silly audit report       url: 'https://github.com/advisories/GHSA-w5hq-g745-h8pq',
2767 silly audit report       title: 'uuid: Missing buffer bounds check in v3/v5/v6 when buf is provided',
2767 silly audit report       severity: 'moderate',
2767 silly audit report       vulnerable_versions: '<11.1.1',
2767 silly audit report       cwe: [Array],
2767 silly audit report       cvss: [Object]
2767 silly audit report     }
2767 silly audit report   ]
2767 silly audit report }
2768 silly packumentCache corgi:https://registry.npmjs.org/uuid cache-miss
2769 http fetch GET 200 https://registry.npmjs.org/@types/estree/-/estree-1.0.9.tgz 9581ms (cache miss)
2770 http fetch GET 200 https://registry.npmjs.org/@types/mime/-/mime-1.3.5.tgz 9606ms (cache miss)
2771 http fetch GET 200 https://registry.npmjs.org/call-bind-apply-helpers/-/call-bind-apply-helpers-1.0.2.tgz 10110ms (cache miss)
2772 http fetch GET 200 https://registry.npmjs.org/tinyglobby/-/tinyglobby-0.2.17.tgz 10599ms (cache miss)
2773 http fetch GET 200 https://registry.npmjs.org/media-typer/-/media-typer-0.3.0.tgz 10596ms (cache miss)
2774 http fetch GET 200 https://registry.npmjs.org/escalade/-/escalade-3.2.0.tgz 10602ms (cache miss)
2775 http fetch GET 200 https://registry.npmjs.org/get-intrinsic/-/get-intrinsic-1.3.0.tgz 10653ms (cache miss)
2776 http fetch GET 200 https://registry.npmjs.org/call-bound/-/call-bound-1.0.4.tgz 10653ms (cache miss)
2777 http fetch GET 200 https://registry.npmjs.org/core-util-is/-/core-util-is-1.0.3.tgz 10669ms (cache miss)
2778 http fetch GET 200 https://registry.npmjs.org/string_decoder/-/string_decoder-1.1.1.tgz 10693ms (cache miss)
2779 http fetch GET 200 https://registry.npmjs.org/side-channel-list/-/side-channel-list-1.0.1.tgz 10739ms (cache miss)
2780 http fetch GET 200 https://registry.npmjs.org/isarray/-/isarray-1.0.0.tgz 10736ms (cache miss)
2781 http fetch GET 200 https://registry.npmjs.org/ipaddr.js/-/ipaddr.js-1.9.1.tgz 10782ms (cache miss)
2782 http fetch GET 200 https://registry.npmjs.org/forwarded/-/forwarded-0.2.0.tgz 10781ms (cache miss)
2783 http fetch GET 200 https://registry.npmjs.org/side-channel-map/-/side-channel-map-1.0.1.tgz 10940ms (cache miss)
2784 http fetch GET 200 https://registry.npmjs.org/dunder-proto/-/dunder-proto-1.0.1.tgz 10949ms (cache miss)
2785 http fetch GET 200 https://registry.npmjs.org/@protobufjs/path/-/path-1.1.2.tgz 11070ms (cache miss)
2786 http fetch GET 200 https://registry.npmjs.org/@protobufjs/codegen/-/codegen-2.0.5.tgz 11244ms (cache miss)
2787 http fetch GET 200 https://registry.npmjs.org/@protobufjs/pool/-/pool-1.1.0.tgz 11272ms (cache miss)
2788 http fetch GET 200 https://registry.npmjs.org/es-object-atoms/-/es-object-atoms-1.1.2.tgz 11343ms (cache miss)
2789 http fetch GET 200 https://registry.npmjs.org/process-nextick-args/-/process-nextick-args-2.0.1.tgz 11446ms (cache miss)
2790 http fetch GET 200 https://registry.npmjs.org/side-channel/-/side-channel-1.1.1.tgz 11440ms (cache miss)
2791 http fetch GET 200 https://registry.npmjs.org/formdata-polyfill/-/formdata-polyfill-4.0.10.tgz 11388ms (cache miss)
2792 http fetch GET 200 https://registry.npmjs.org/@protobufjs/utf8/-/utf8-1.1.2.tgz 11564ms (cache miss)
2793 http fetch GET 200 https://registry.npmjs.org/side-channel-weakmap/-/side-channel-weakmap-1.0.2.tgz 11684ms (cache miss)
2794 http fetch GET 200 https://registry.npmjs.org/retry/-/retry-0.13.1.tgz 11742ms (cache miss)
2795 http fetch GET 200 https://registry.npmjs.org/setimmediate/-/setimmediate-1.0.5.tgz 11901ms (cache miss)
2796 http fetch GET 200 https://registry.npmjs.org/@protobufjs/aspromise/-/aspromise-1.1.2.tgz 12048ms (cache miss)
2797 http fetch GET 200 https://registry.npmjs.org/immediate/-/immediate-3.0.6.tgz 11998ms (cache miss)
2798 http fetch GET 200 https://registry.npmjs.org/nanoid/-/nanoid-3.3.18.tgz 12083ms (cache miss)
2799 http fetch GET 200 https://registry.npmjs.org/@protobufjs/float/-/float-1.0.2.tgz 12082ms (cache miss)
2800 http fetch GET 200 https://registry.npmjs.org/jwa/-/jwa-2.0.1.tgz 12321ms (cache miss)
2801 http fetch GET 200 https://registry.npmjs.org/agent-base/-/agent-base-7.1.4.tgz 12311ms (cache miss)
2802 http fetch GET 200 https://registry.npmjs.org/hasown/-/hasown-2.0.4.tgz 12510ms (cache miss)
2803 http fetch GET 200 https://registry.npmjs.org/@types/retry/-/retry-0.12.0.tgz 12548ms (cache miss)
2804 http fetch GET 200 https://registry.npmjs.org/@protobufjs/base64/-/base64-1.1.2.tgz 12589ms (cache miss)
2805 http fetch GET 200 https://registry.npmjs.org/@protobufjs/eventemitter/-/eventemitter-1.1.1.tgz 12615ms (cache miss)
2806 http fetch GET 200 https://registry.npmjs.org/ee-first/-/ee-first-1.1.1.tgz 12599ms (cache miss)
2807 http fetch GET 200 https://registry.npmjs.org/data-uri-to-buffer/-/data-uri-to-buffer-4.0.1.tgz 12640ms (cache miss)
2808 http fetch GET 200 https://registry.npmjs.org/es-define-property/-/es-define-property-1.0.1.tgz 12797ms (cache miss)
2809 http fetch GET 200 https://registry.npmjs.org/https-proxy-agent/-/https-proxy-agent-7.0.6.tgz 12647ms (cache miss)
2810 http fetch GET 200 https://registry.npmjs.org/buffer-equal-constant-time/-/buffer-equal-constant-time-1.0.1.tgz 12765ms (cache miss)
2811 http fetch GET 200 https://registry.npmjs.org/yallist/-/yallist-3.1.1.tgz 12799ms (cache miss)
2812 http fetch GET 200 https://registry.npmjs.org/bytes/-/bytes-3.1.2.tgz 12727ms (cache miss)
2813 http fetch GET 200 https://registry.npmjs.org/statuses/-/statuses-2.0.2.tgz 12753ms (cache miss)
2814 http fetch GET 200 https://registry.npmjs.org/destroy/-/destroy-1.2.0.tgz 12794ms (cache miss)
2815 http fetch GET 200 https://registry.npmjs.org/extend/-/extend-3.0.2.tgz 12844ms (cache miss)
2816 http fetch GET 200 https://registry.npmjs.org/negotiator/-/negotiator-0.6.3.tgz 12873ms (cache miss)
2817 http fetch GET 200 https://registry.npmjs.org/toidentifier/-/toidentifier-1.0.1.tgz 12967ms (cache miss)
2818 http fetch GET 200 https://registry.npmjs.org/mime/-/mime-1.6.0.tgz 13073ms (cache miss)
2819 http fetch GET 200 https://registry.npmjs.org/get-proto/-/get-proto-1.0.1.tgz 13252ms (cache miss)
2820 http fetch GET 200 https://registry.npmjs.org/json-bigint/-/json-bigint-1.0.0.tgz 13317ms (cache miss)
2821 http fetch GET 200 https://registry.npmjs.org/parseurl/-/parseurl-1.3.3.tgz 13312ms (cache miss)
2822 http fetch GET 200 https://registry.npmjs.org/http-errors/-/http-errors-2.0.1.tgz 13304ms (cache miss)
2823 http fetch GET 200 https://registry.npmjs.org/encodeurl/-/encodeurl-2.0.0.tgz 13308ms (cache miss)
2824 http fetch GET 200 https://registry.npmjs.org/path-to-regexp/-/path-to-regexp-0.1.13.tgz 13322ms (cache miss)
2825 http fetch GET 200 https://registry.npmjs.org/setprototypeof/-/setprototypeof-1.2.0.tgz 13354ms (cache miss)
2826 http fetch GET 200 https://registry.npmjs.org/serve-static/-/serve-static-1.16.3.tgz 13357ms (cache miss)
2827 http fetch GET 200 https://registry.npmjs.org/body-parser/-/body-parser-1.20.6.tgz 13355ms (cache miss)
2828 http fetch GET 200 https://registry.npmjs.org/vary/-/vary-1.1.2.tgz 13458ms (cache miss)
2829 http fetch GET 200 https://registry.npmjs.org/escape-html/-/escape-html-1.0.3.tgz 13363ms (cache miss)
2830 http fetch GET 200 https://registry.npmjs.org/send/-/send-0.19.2.tgz 13450ms (cache miss)
2831 http fetch GET 200 https://registry.npmjs.org/merge-descriptors/-/merge-descriptors-1.0.3.tgz 13386ms (cache miss)
2832 http fetch GET 200 https://registry.npmjs.org/cookie/-/cookie-0.7.2.tgz 13413ms (cache miss)
2833 http fetch GET 200 https://registry.npmjs.org/mime-types/-/mime-types-2.1.35.tgz 13642ms (cache miss)
2834 http fetch GET 200 https://registry.npmjs.org/depd/-/depd-2.0.0.tgz 13610ms (cache miss)
2835 http fetch GET 200 https://registry.npmjs.org/cookie-signature/-/cookie-signature-1.0.7.tgz 13638ms (cache miss)
2836 http fetch GET 200 https://registry.npmjs.org/@protobufjs/fetch/-/fetch-1.1.1.tgz 13845ms (cache miss)
2837 http fetch GET 200 https://registry.npmjs.org/postcss-value-parser/-/postcss-value-parser-4.2.0.tgz 13639ms (cache miss)
2838 http fetch GET 200 https://registry.npmjs.org/picomatch/-/picomatch-4.0.5.tgz 14062ms (cache miss)
2839 http fetch GET 200 https://registry.npmjs.org/update-browserslist-db/-/update-browserslist-db-1.3.1.tgz 13691ms (cache miss)
2840 http fetch GET 200 https://registry.npmjs.org/@babel/helper-globals/-/helper-globals-7.29.7.tgz 13664ms (cache miss)
2841 http fetch GET 200 https://registry.npmjs.org/lru-cache/-/lru-cache-5.1.1.tgz 13664ms (cache miss)
2842 http fetch GET 200 https://registry.npmjs.org/methods/-/methods-1.1.2.tgz 13784ms (cache miss)
2843 http fetch GET 200 https://registry.npmjs.org/@types/babel__traverse/-/babel__traverse-7.28.0.tgz 13717ms (cache miss)
2844 http fetch GET 200 https://registry.npmjs.org/utils-merge/-/utils-merge-1.0.1.tgz 13827ms (cache miss)
2845 http fetch GET 200 https://registry.npmjs.org/node-releases/-/node-releases-2.0.53.tgz 13731ms (cache miss)
2846 http fetch GET 200 https://registry.npmjs.org/content-type/-/content-type-1.0.5.tgz 13827ms (cache miss)
2847 http fetch GET 200 https://registry.npmjs.org/@types/babel__template/-/babel__template-7.4.4.tgz 13812ms (cache miss)
2848 http fetch GET 200 https://registry.npmjs.org/unpipe/-/unpipe-1.0.0.tgz 13974ms (cache miss)
2849 http fetch GET 200 https://registry.npmjs.org/proxy-addr/-/proxy-addr-2.0.7.tgz 13932ms (cache miss)
2850 http fetch GET 200 https://registry.npmjs.org/on-finished/-/on-finished-2.4.1.tgz 13878ms (cache miss)
2851 http fetch GET 200 https://registry.npmjs.org/fresh/-/fresh-0.5.2.tgz 13968ms (cache miss)
2852 http fetch GET 200 https://registry.npmjs.org/finalhandler/-/finalhandler-1.3.2.tgz 13989ms (cache miss)
2853 http fetch GET 200 https://registry.npmjs.org/picocolors/-/picocolors-1.1.1.tgz 13901ms (cache miss)
2854 http fetch GET 200 https://registry.npmjs.org/accepts/-/accepts-1.3.8.tgz 14000ms (cache miss)
2855 http fetch GET 200 https://registry.npmjs.org/raw-body/-/raw-body-2.5.3.tgz 14102ms (cache miss)
2856 http fetch GET 200 https://registry.npmjs.org/gopd/-/gopd-1.2.0.tgz 14351ms (cache miss)
2857 http fetch GET 200 https://registry.npmjs.org/@types/babel__generator/-/babel__generator-7.27.0.tgz 13973ms (cache miss)
2858 http fetch GET 200 https://registry.npmjs.org/convert-source-map/-/convert-source-map-2.0.0.tgz 13928ms (cache miss)
2859 http fetch GET 200 https://registry.npmjs.org/content-disposition/-/content-disposition-0.5.4.tgz 14048ms (cache miss)
2860 http fetch GET 200 https://registry.npmjs.org/@babel/helper-plugin-utils/-/helper-plugin-utils-7.29.7.tgz 14017ms (cache miss)
2861 http fetch GET 200 https://registry.npmjs.org/type-is/-/type-is-1.6.18.tgz 14188ms (cache miss)
2862 http fetch GET 200 https://registry.npmjs.org/etag/-/etag-1.8.1.tgz 14163ms (cache miss)
2863 http fetch GET 200 https://registry.npmjs.org/range-parser/-/range-parser-1.2.1.tgz 14265ms (cache miss)
2864 http fetch GET 200 https://registry.npmjs.org/js-tokens/-/js-tokens-4.0.0.tgz 14249ms (cache miss)
2865 http fetch GET 200 https://registry.npmjs.org/fetch-blob/-/fetch-blob-3.2.0.tgz 14548ms (cache miss)
2866 http fetch GET 200 https://registry.npmjs.org/ecdsa-sig-formatter/-/ecdsa-sig-formatter-1.0.11.tgz 14471ms (cache miss)
2867 http fetch GET 200 https://registry.npmjs.org/@babel/compat-data/-/compat-data-7.29.7.tgz 14295ms (cache miss)
2868 http fetch GET 200 https://registry.npmjs.org/es-errors/-/es-errors-1.3.0.tgz 14701ms (cache miss)
2869 http fetch GET 200 https://registry.npmjs.org/array-flatten/-/array-flatten-1.1.1.tgz 14512ms (cache miss)
2870 http fetch GET 200 https://registry.npmjs.org/@babel/code-frame/-/code-frame-7.29.7.tgz 14520ms (cache miss)
2871 http fetch GET 200 https://registry.npmjs.org/fdir/-/fdir-6.5.0.tgz 15023ms (cache miss)
2872 http fetch GET 200 https://registry.npmjs.org/browserslist/-/browserslist-4.28.8.tgz 14622ms (cache miss)
2873 http fetch GET 200 https://registry.npmjs.org/jsesc/-/jsesc-3.1.0.tgz 14615ms (cache miss)
2874 http fetch GET 200 https://registry.npmjs.org/@rolldown/pluginutils/-/pluginutils-1.0.0-rc.3.tgz 14531ms (cache miss)
2875 http fetch GET 200 https://registry.npmjs.org/@babel/helper-string-parser/-/helper-string-parser-7.29.7.tgz 14753ms (cache miss)
2876 http fetch GET 200 https://registry.npmjs.org/@babel/plugin-transform-react-jsx-source/-/plugin-transform-react-jsx-source-7.29.7.tgz 14679ms (cache miss)
2877 http fetch GET 200 https://registry.npmjs.org/detect-libc/-/detect-libc-2.1.2.tgz 15036ms (cache miss)
2878 http fetch GET 200 https://registry.npmjs.org/@types/http-errors/-/http-errors-2.0.5.tgz 14704ms (cache miss)
2879 http fetch GET 200 https://registry.npmjs.org/@babel/plugin-transform-react-jsx-self/-/plugin-transform-react-jsx-self-7.29.7.tgz 14706ms (cache miss)
2880 http fetch GET 200 https://registry.npmjs.org/@types/babel__core/-/babel__core-7.20.5.tgz 14735ms (cache miss)
2881 http fetch GET 200 https://registry.npmjs.org/@types/range-parser/-/range-parser-1.2.7.tgz 14713ms (cache miss)
2882 http fetch GET 200 https://registry.npmjs.org/safer-buffer/-/safer-buffer-2.1.2.tgz 15059ms (cache miss)
2883 http fetch GET 200 https://registry.npmjs.org/react-refresh/-/react-refresh-0.18.0.tgz 14810ms (cache miss)
2884 http fetch GET 200 https://registry.npmjs.org/gensync/-/gensync-1.0.0-beta.2.tgz 14873ms (cache miss)
2885 http fetch GET 200 https://registry.npmjs.org/@babel/helper-validator-identifier/-/helper-validator-identifier-7.29.7.tgz 14890ms (cache miss)
2886 http fetch GET 200 https://registry.npmjs.org/@types/serve-static/-/serve-static-1.15.10.tgz 14892ms (cache miss)
2887 http fetch GET 200 https://registry.npmjs.org/long/-/long-5.3.2.tgz 15435ms (cache miss)
2888 http fetch GET 200 https://registry.npmjs.org/@types/express-serve-static-core/-/express-serve-static-core-4.19.9.tgz 15023ms (cache miss)
2889 http fetch GET 200 https://registry.npmjs.org/@types/body-parser/-/body-parser-1.19.6.tgz 15107ms (cache miss)
2890 http fetch GET 200 https://registry.npmjs.org/@types/send/-/send-1.2.1.tgz 15148ms (cache miss)
2891 http fetch GET 200 https://registry.npmjs.org/@types/connect/-/connect-3.4.38.tgz 15223ms (cache miss)
2892 http fetch GET 200 https://registry.npmjs.org/@jridgewell/resolve-uri/-/resolve-uri-3.1.2.tgz 15219ms (cache miss)
2893 http fetch GET 200 https://registry.npmjs.org/@babel/helper-validator-option/-/helper-validator-option-7.29.7.tgz 15644ms (cache miss)
2894 http fetch GET 200 https://registry.npmjs.org/lie/-/lie-3.3.0.tgz 15954ms (cache miss)
2895 http fetch GET 200 https://registry.npmjs.org/@types/qs/-/qs-6.15.1.tgz 15609ms (cache miss)
2896 http fetch GET 200 https://registry.npmjs.org/function-bind/-/function-bind-1.1.2.tgz 16252ms (cache miss)
2897 http fetch GET 200 https://registry.npmjs.org/@tailwindcss/oxide/-/oxide-4.3.3.tgz 15722ms (cache miss)
2898 http fetch GET 200 https://registry.npmjs.org/jws/-/jws-4.0.1.tgz 16100ms (cache miss)
2899 http fetch GET 200 https://registry.npmjs.org/electron-to-chromium/-/electron-to-chromium-1.5.412.tgz 16019ms (cache miss)
2900 http fetch GET 200 https://registry.npmjs.org/has-symbols/-/has-symbols-1.1.0.tgz 16840ms (cache miss)
2901 http fetch GET 200 https://registry.npmjs.org/mime-db/-/mime-db-1.52.0.tgz 17115ms (cache miss)
2902 http fetch GET 200 https://registry.npmjs.org/baseline-browser-mapping/-/baseline-browser-mapping-2.11.16.tgz 17326ms (cache miss)
2903 http fetch GET 200 https://registry.npmjs.org/scheduler/-/scheduler-0.27.0.tgz 17661ms (cache miss)
2904 http fetch GET 200 https://registry.npmjs.org/@types/express/-/express-4.17.25.tgz 17355ms (cache miss)
2905 http fetch GET 200 https://registry.npmjs.org/@vitejs/plugin-react/-/plugin-react-5.2.0.tgz 17553ms (cache miss)
2906 http fetch GET 200 https://registry.npmjs.org/@babel/helper-module-imports/-/helper-module-imports-7.29.7.tgz 17881ms (cache miss)
2907 http fetch GET 200 https://registry.npmjs.org/esbuild/-/esbuild-0.25.12.tgz 17969ms (cache miss)
2908 http fetch GET 200 https://registry.npmjs.org/@tailwindcss/vite/-/vite-4.3.3.tgz 17977ms (cache miss)
2909 http fetch GET 200 https://registry.npmjs.org/gcp-metadata/-/gcp-metadata-8.1.2.tgz 18499ms (cache miss)
2910 http fetch GET 200 https://registry.npmjs.org/@tailwindcss/node/-/node-4.3.3.tgz 18629ms (cache miss)
2911 http fetch GET 200 https://registry.npmjs.org/math-intrinsics/-/math-intrinsics-1.1.0.tgz 19278ms (cache miss)
2912 http fetch GET 200 https://registry.npmjs.org/p-retry/-/p-retry-4.6.2.tgz 18718ms (cache miss)
2913 http fetch GET 200 https://registry.npmjs.org/dotenv/-/dotenv-17.4.2.tgz 18924ms (cache miss)
2914 http fetch GET 200 https://registry.npmjs.org/@babel/helper-compilation-targets/-/helper-compilation-targets-7.29.7.tgz 19852ms (cache miss)
2915 http fetch GET 200 https://registry.npmjs.org/tapable/-/tapable-2.3.3.tgz 20044ms (cache miss)
2916 http fetch GET 200 https://registry.npmjs.org/@babel/helper-module-transforms/-/helper-module-transforms-7.29.7.tgz 20577ms (cache miss)
2917 http fetch GET 200 https://registry.npmjs.org/readable-stream/-/readable-stream-2.3.8.tgz 20952ms (cache miss)
2918 http fetch GET 200 https://registry.npmjs.org/safe-buffer/-/safe-buffer-5.1.2.tgz 20479ms (cache miss)
2919 http fetch GET 200 https://registry.npmjs.org/undici-types/-/undici-types-6.21.0.tgz 20655ms (cache miss)
2920 http fetch GET 200 https://registry.npmjs.org/bignumber.js/-/bignumber.js-9.3.1.tgz 21120ms (cache miss)
2921 http fetch GET 200 https://registry.npmjs.org/@babel/template/-/template-7.29.7.tgz 20933ms (cache miss)
2922 http fetch GET 200 https://registry.npmjs.org/magic-string/-/magic-string-0.30.21.tgz 20849ms (cache miss)
2923 http fetch GET 200 https://registry.npmjs.org/ms/-/ms-2.0.0.tgz 20771ms (cache miss)
2924 http fetch GET 200 https://registry.npmjs.org/safe-buffer/-/safe-buffer-5.1.2.tgz 20946ms (cache miss)
2925 http fetch GET 200 https://registry.npmjs.org/qs/-/qs-6.15.3.tgz 21450ms (cache miss)
2926 http fetch GET 200 https://registry.npmjs.org/node-fetch/-/node-fetch-3.3.2.tgz 21697ms (cache miss)
2927 http fetch GET 200 https://registry.npmjs.org/ms/-/ms-2.0.0.tgz 21240ms (cache miss)
2928 http fetch GET 200 https://registry.npmjs.org/ms/-/ms-2.0.0.tgz 21239ms (cache miss)
2929 http fetch GET 200 https://registry.npmjs.org/source-map-js/-/source-map-js-1.2.1.tgz 21400ms (cache miss)
2930 http fetch GET 200 https://registry.npmjs.org/@types/send/-/send-0.17.6.tgz 21424ms (cache miss)
2931 http fetch GET 200 https://registry.npmjs.org/semver/-/semver-6.3.1.tgz 21509ms (cache miss)
2932 http fetch GET 200 https://registry.npmjs.org/fraction.js/-/fraction.js-5.3.4.tgz 21854ms (cache miss)
2933 http fetch GET 200 https://registry.npmjs.org/ms/-/ms-2.0.0.tgz 21349ms (cache miss)
2934 http fetch GET 200 https://registry.npmjs.org/json5/-/json5-2.2.3.tgz 22011ms (cache miss)
2935 http fetch GET 200 https://registry.npmjs.org/google-logging-utils/-/google-logging-utils-1.1.3.tgz 22262ms (cache miss)
2936 http fetch GET 200 https://registry.npmjs.org/semver/-/semver-6.3.1.tgz 21797ms (cache miss)
2937 http fetch GET 200 https://registry.npmjs.org/uuid 20813ms (cache miss)
2938 silly packumentCache corgi:https://registry.npmjs.org/uuid set size:undefined disposed:false
2939 http fetch GET 200 https://registry.npmjs.org/lightningcss/-/lightningcss-1.32.0.tgz 22299ms (cache miss)
2940 http fetch GET 200 https://registry.npmjs.org/object-inspect/-/object-inspect-1.13.4.tgz 23017ms (cache miss)
2941 http fetch GET 200 https://registry.npmjs.org/express/-/express-4.22.2.tgz 22632ms (cache miss)
2942 http fetch GET 200 https://registry.npmjs.org/debug/-/debug-2.6.9.tgz 22586ms (cache miss)
2943 http fetch GET 200 https://registry.npmjs.org/esbuild/-/esbuild-0.28.2.tgz 22561ms (cache miss)
2944 http fetch GET 200 https://registry.npmjs.org/debug/-/debug-2.6.9.tgz 22699ms (cache miss)
2945 http fetch GET 200 https://registry.npmjs.org/debug/-/debug-2.6.9.tgz 22361ms (cache miss)
2946 http fetch GET 200 https://registry.npmjs.org/debug/-/debug-2.6.9.tgz 22891ms (cache miss)
2947 http fetch GET 200 https://registry.npmjs.org/ws/-/ws-8.21.3.tgz 23077ms (cache miss)
2948 http fetch GET 200 https://registry.npmjs.org/@jridgewell/sourcemap-codec/-/sourcemap-codec-1.5.5.tgz 23115ms (cache miss)
2949 silly packumentCache corgi:https://registry.npmjs.org/xcode cache-miss
2950 http fetch GET 200 https://registry.npmjs.org/react/-/react-19.2.8.tgz 23358ms (cache miss)
2951 http fetch GET 200 https://registry.npmjs.org/@jridgewell/remapping/-/remapping-2.3.5.tgz 24007ms (cache miss)
2952 http fetch GET 200 https://registry.npmjs.org/@jridgewell/gen-mapping/-/gen-mapping-0.3.13.tgz 24229ms (cache miss)
2953 http fetch GET 200 https://registry.npmjs.org/node-domexception/-/node-domexception-1.0.0.tgz 24847ms (cache miss)
2954 warn deprecated node-domexception@1.0.0: Use your platform's native DOMException instead
2955 http fetch GET 200 https://registry.npmjs.org/@capacitor/core/-/core-8.5.0.tgz 25169ms (cache miss)
2956 http fetch GET 200 https://registry.npmjs.org/iconv-lite/-/iconv-lite-0.4.24.tgz 25645ms (cache miss)
2957 http fetch GET 200 https://registry.npmjs.org/@rollup/rollup-android-arm64/-/rollup-android-arm64-4.62.5.tgz 26032ms (cache miss)
2958 http fetch GET 200 https://registry.npmjs.org/@babel/parser/-/parser-7.29.8.tgz 26465ms (cache miss)
2959 http fetch GET 200 https://registry.npmjs.org/pako/-/pako-1.0.11.tgz 26733ms (cache miss)
2960 http fetch GET 200 https://registry.npmjs.org/tailwindcss/-/tailwindcss-4.3.3.tgz 26691ms (cache miss)
2961 http fetch GET 200 https://registry.npmjs.org/motion/-/motion-12.43.0.tgz 26691ms (cache miss)
2962 http fetch GET 200 https://registry.npmjs.org/jiti/-/jiti-2.7.0.tgz 26794ms (cache miss)
2963 http fetch GET 200 https://registry.npmjs.org/@jridgewell/trace-mapping/-/trace-mapping-0.3.31.tgz 26794ms (cache miss)
2964 warn deprecated uuid@7.0.3: uuid@10 and below is no longer supported.  For ESM codebases, update to uuid@latest.  For CommonJS codebases, use uuid@11 (but be aware this version will likely be deprecated in 2028).
2965 http fetch GET 200 https://registry.npmjs.org/@tailwindcss/oxide-android-arm64/-/oxide-android-arm64-4.3.3.tgz 27718ms (cache miss)
2966 http fetch GET 200 https://registry.npmjs.org/postcss/-/postcss-8.5.26.tgz 27843ms (cache miss)
2967 http fetch GET 200 https://registry.npmjs.org/tsx/-/tsx-4.23.12.tgz 28739ms (cache miss)
2968 http fetch GET 200 https://registry.npmjs.org/jszip/-/jszip-3.10.1.tgz 29245ms (cache miss)
2969 http fetch GET 200 https://registry.npmjs.org/@babel/generator/-/generator-7.29.8.tgz 29386ms (cache miss)
2970 http fetch GET 200 https://registry.npmjs.org/enhanced-resolve/-/enhanced-resolve-5.24.5.tgz 29719ms (cache miss)
2971 http fetch GET 200 https://registry.npmjs.org/xcode 7530ms (cache miss)
2972 silly packumentCache corgi:https://registry.npmjs.org/xcode set size:undefined disposed:false
2973 silly packumentCache corgi:https://registry.npmjs.org/@capacitor%2fcli cache-miss
2974 http fetch GET 200 https://registry.npmjs.org/rollup/-/rollup-4.62.5.tgz 32257ms (cache miss)
2975 http fetch GET 200 https://registry.npmjs.org/@types/node/-/node-22.20.1.tgz 31621ms (cache miss)
2976 http fetch GET 200 https://registry.npmjs.org/vite/-/vite-6.4.3.tgz 31789ms (cache miss)
2977 http fetch GET 200 https://registry.npmjs.org/motion-utils/-/motion-utils-12.39.0.tgz 33166ms (cache miss)
2978 http fetch GET 200 https://registry.npmjs.org/autoprefixer/-/autoprefixer-10.5.4.tgz 33020ms (cache miss)
2979 http fetch GET 200 https://registry.npmjs.org/@babel/traverse/-/traverse-7.29.8.tgz 33295ms (cache miss)
2980 http fetch GET 200 https://registry.npmjs.org/@capacitor%2fcli 3283ms (cache miss)
2981 silly packumentCache corgi:https://registry.npmjs.org/@capacitor%2fcli set size:undefined disposed:false
2982 http fetch GET 200 https://registry.npmjs.org/protobufjs/-/protobufjs-7.6.5.tgz 35289ms (cache miss)
2983 http fetch GET 200 https://registry.npmjs.org/gaxios/-/gaxios-7.3.1.tgz 36627ms (cache miss)
2984 http fetch GET 200 https://registry.npmjs.org/react-dom/-/react-dom-19.2.8.tgz 36381ms (cache miss)
2985 http fetch GET 200 https://registry.npmjs.org/lightningcss-android-arm64/-/lightningcss-android-arm64-1.32.0.tgz 37297ms (cache miss)
2986 http fetch GET 200 https://registry.npmjs.org/google-auth-library/-/google-auth-library-10.9.1.tgz 37719ms (cache miss)
2987 http fetch GET 200 https://registry.npmjs.org/web-streams-polyfill/-/web-streams-polyfill-3.3.3.tgz 38561ms (cache miss)
2988 http fetch GET 200 https://registry.npmjs.org/@esbuild/android-arm64/-/android-arm64-0.25.12.tgz 38433ms (cache miss)
2989 http fetch GET 200 https://registry.npmjs.org/@babel/core/-/core-7.29.7.tgz 38260ms (cache miss)
2990 http fetch GET 200 https://registry.npmjs.org/@esbuild/android-arm64/-/android-arm64-0.28.2.tgz 39526ms (cache miss)
2991 http fetch GET 200 https://registry.npmjs.org/@capacitor/android/-/android-8.5.0.tgz 40061ms (cache miss)
2992 http fetch GET 200 https://registry.npmjs.org/@babel/types/-/types-7.29.8.tgz 41017ms (cache miss)
2993 http fetch GET 200 https://registry.npmjs.org/@google/genai/-/genai-2.18.0.tgz 41744ms (cache miss)
2994 http fetch GET 200 https://registry.npmjs.org/@babel/helpers/-/helpers-7.29.7.tgz 42087ms (cache miss)
2995 http fetch GET 200 https://registry.npmjs.org/typescript/-/typescript-5.8.3.tgz 46225ms (cache miss)
2996 http fetch GET 200 https://registry.npmjs.org/framer-motion/-/framer-motion-12.43.0.tgz 50958ms (cache miss)
2997 http fetch GET 200 https://registry.npmjs.org/motion-dom/-/motion-dom-12.43.0.tgz 52768ms (cache miss)
2998 http fetch GET 200 https://registry.npmjs.org/caniuse-lite/-/caniuse-lite-1.0.30001809.tgz 54091ms (cache miss)
2999 http fetch GET 200 https://registry.npmjs.org/lucide-react/-/lucide-react-0.546.0.tgz 111746ms (cache miss)
3000 info run @google/genai@2.18.0 preinstall node_modules/@google/genai echo 'preinstall: no-op'
3001 info run @google/genai@2.18.0 preinstall { code: 0, signal: null }
3002 verbose stack Error: EACCES: permission denied, symlink '../@babel/parser/bin/babel-parser.js' -> '/storage/emulated/0/Download/sanna-ai/node_modules/.bin/parser'
3002 verbose stack     at async symlink (node:internal/fs/promises:1650:10)
3002 verbose stack     at async Promise.all (index 0)
3002 verbose stack     at async Promise.all (index 0)
3002 verbose stack     at async RetryOperation.<anonymous> (/data/data/com.termux/files/usr/lib/node_modules/npm/node_modules/@gar/promise-retry/lib/index.js:46:24)
3003 error code EACCES
3004 error syscall symlink
3005 error path ../@babel/parser/bin/babel-parser.js
3006 error dest /storage/emulated/0/Download/sanna-ai/node_modules/.bin/parser
3007 error errno -13
3008 error Error: EACCES: permission denied, symlink '../@babel/parser/bin/babel-parser.js' -> '/storage/emulated/0/Download/sanna-ai/node_modules/.bin/parser'
3008 error     at async symlink (node:internal/fs/promises:1650:10)
3008 error     at async Promise.all (index 0)
3008 error     at async Promise.all (index 0)
3008 error     at async RetryOperation.<anonymous> (/data/data/com.termux/files/usr/lib/node_modules/npm/node_modules/@gar/promise-retry/lib/index.js:46:24) {
3008 error   errno: -13,
3008 error   code: 'EACCES',
3008 error   syscall: 'symlink',
3008 error   path: '../@babel/parser/bin/babel-parser.js',
3008 error   dest: '/storage/emulated/0/Download/sanna-ai/node_modules/.bin/parser'
3008 error }
3009 error
3009 error The operation was rejected by your operating system.
3009 error It is likely you do not have the permissions to access this file as the current user
3009 error
3009 error If you believe this might be a permissions issue, please double-check the permissions of the file and its containing directories, or try running the command again as root/Administrator.
3010 silly unfinished npm timer reify 1787308302948
3011 silly unfinished npm timer reify:build 1787308495441
3012 silly unfinished npm timer build 1787308495446
3013 silly unfinished npm timer build:deps 1787308495450
3014 silly unfinished npm timer build:link 1787308495677
3015 silly unfinished npm timer build:link:node_modules/@babel/parser 1787308495678
3016 silly unfinished npm timer build:link:node_modules/@capacitor/cli 1787308495683
3017 silly unfinished npm timer build:link:node_modules/autoprefixer 1787308495684
3018 silly unfinished npm timer build:link:node_modules/baseline-browser-mapping 1787308495685
3019 silly unfinished npm timer build:link:node_modules/browserslist 1787308495685
3020 silly unfinished npm timer build:link:node_modules/esbuild 1787308495686
3021 silly unfinished npm timer build:link:node_modules/is-docker 1787308495687
3022 silly unfinished npm timer build:link:node_modules/jiti 1787308495688
3023 silly unfinished npm timer build:link:node_modules/jsesc 1787308495689
3024 silly unfinished npm timer build:link:node_modules/json5 1787308495690
3025 silly unfinished npm timer build:link:node_modules/mime 1787308495691
3026 silly unfinished npm timer build:link:node_modules/nanoid 1787308495692
3027 silly unfinished npm timer build:link:node_modules/native-run 1787308495692
3028 silly unfinished npm timer build:link:node_modules/rimraf 1787308495693
3029 silly unfinished npm timer build:link:node_modules/rollup 1787308495694
3030 silly unfinished npm timer build:link:node_modules/semver 1787308495694
3031 silly unfinished npm timer build:link:node_modules/tree-kill 1787308495695
3032 silly unfinished npm timer build:link:node_modules/tsx 1787308495695
3033 silly unfinished npm timer build:link:node_modules/typescript 1787308495696
3034 silly unfinished npm timer build:link:node_modules/update-browserslist-db 1787308495696
3035 silly unfinished npm timer build:link:node_modules/uuid 1787308495697
3036 silly unfinished npm timer build:link:node_modules/vite 1787308495697
3037 silly unfinished npm timer build:link:node_modules/which 1787308495697
3038 silly unfinished npm timer build:link:node_modules/@babel/core/node_modules/semver 1787308495698
3039 silly unfinished npm timer build:link:node_modules/@babel/helper-compilation-targets/node_modules/semver 1787308495698
3040 silly unfinished npm timer build:link:node_modules/tsx/node_modules/esbuild 1787308495699
3041 verbose cwd /storage/emulated/0/Download/sanna-ai
3042 verbose os Linux 6.6.102-android15-8-gfc6ca2efaeea-ab14475363-4k
3043 verbose node v26.3.1
3044 verbose npm  v11.17.0
3045 verbose exit -13
3046 verbose code -13
3047 error A complete log of this run can be found in: /data/data/com.termux/files/home/.npm/_logs/2026-08-21T10_31_41_031Z-debug-0.log
