0 verbose cli /data/data/com.termux/files/usr/bin/node /data/data/com.termux/files/usr/bin/npm
1 info using npm@11.17.0
2 info using node@v26.3.1
3 silly config load:file:/data/data/com.termux/files/usr/lib/node_modules/npm/npmrc
4 silly config load:file:/data/data/com.termux/files/home/sanna-ai/.npmrc
5 silly config load:file:/data/data/com.termux/files/home/.npmrc
6 silly config load:file:/data/data/com.termux/files/usr/etc/npmrc
7 verbose title npm install @capacitor/core @capacitor/cli @capacitor/android
8 verbose argv "install" "@capacitor/core" "@capacitor/cli" "@capacitor/android"
9 verbose logfile logs-max:10 dir:/data/data/com.termux/files/home/.npm/_logs/2026-08-21T10_37_55_324Z-
10 verbose logfile /data/data/com.termux/files/home/.npm/_logs/2026-08-21T10_37_55_324Z-debug-0.log
11 silly logfile done cleaning log files
12 silly packumentCache heap:827588608 maxSize:206897152 maxEntrySize:103448576
13 silly idealTree buildDeps
14 silly fetch manifest @google/genai@^2.4.0
15 silly packumentCache full:https://registry.npmjs.org/@google%2fgenai cache-miss
16 http fetch GET 200 https://registry.npmjs.org/@google%2fgenai 709ms (cache revalidated)
17 silly packumentCache full:https://registry.npmjs.org/@google%2fgenai set size:545639 disposed:false
18 silly fetch manifest @modelcontextprotocol/sdk@^1.25.2
19 silly packumentCache full:https://registry.npmjs.org/@modelcontextprotocol%2fsdk cache-miss
20 http fetch GET 200 https://registry.npmjs.org/@modelcontextprotocol%2fsdk 124ms (cache revalidated)
21 silly packumentCache full:https://registry.npmjs.org/@modelcontextprotocol%2fsdk set size:302290 disposed:false
22 silly fetch manifest @cfworker/json-schema@^4.1.1
23 silly packumentCache full:https://registry.npmjs.org/@cfworker%2fjson-schema cache-miss
24 http fetch GET 200 https://registry.npmjs.org/@cfworker%2fjson-schema 401ms (cache revalidated)
25 silly packumentCache full:https://registry.npmjs.org/@cfworker%2fjson-schema set size:144207 disposed:false
26 silly fetch manifest @tailwindcss/vite@^4.1.14
27 silly packumentCache full:https://registry.npmjs.org/@tailwindcss%2fvite cache-miss
28 http fetch GET 200 https://registry.npmjs.org/@tailwindcss%2fvite 230ms (cache revalidated)
29 silly packumentCache full:https://registry.npmjs.org/@tailwindcss%2fvite set size:2309488 disposed:false
30 silly fetch manifest vite@^6.2.3
31 silly packumentCache full:https://registry.npmjs.org/vite cache-miss
32 http fetch GET 200 https://registry.npmjs.org/vite 596ms (cache revalidated)
33 silly packumentCache full:https://registry.npmjs.org/vite set size:38929639 disposed:false
34 silly fetch manifest @types/node@^22.14.0
35 silly packumentCache full:https://registry.npmjs.org/@types%2fnode cache-miss
36 http fetch GET 200 https://registry.npmjs.org/@types%2fnode 369ms (cache revalidated)
37 silly packumentCache full:https://registry.npmjs.org/@types%2fnode set size:11088606 disposed:false
38 silly fetch manifest jiti@>=1.21.0
39 silly packumentCache full:https://registry.npmjs.org/jiti cache-miss
40 http fetch GET 200 https://registry.npmjs.org/jiti 152ms (cache revalidated)
41 silly packumentCache full:https://registry.npmjs.org/jiti set size:387989 disposed:false
42 silly fetch manifest less@*
43 silly packumentCache full:https://registry.npmjs.org/less cache-miss
44 http fetch GET 200 https://registry.npmjs.org/less 128ms (cache revalidated)
45 silly packumentCache full:https://registry.npmjs.org/less set size:500352 disposed:false
46 silly fetch manifest lightningcss@^1.21.0
47 silly packumentCache full:https://registry.npmjs.org/lightningcss cache-miss
48 http fetch GET 200 https://registry.npmjs.org/lightningcss 102ms (cache revalidated)
49 silly packumentCache full:https://registry.npmjs.org/lightningcss set size:191065 disposed:false
50 silly fetch manifest sass@*
51 silly packumentCache full:https://registry.npmjs.org/sass cache-miss
52 http fetch GET 200 https://registry.npmjs.org/sass 116ms (cache revalidated)
53 silly packumentCache full:https://registry.npmjs.org/sass set size:747752 disposed:false
54 silly fetch manifest sass-embedded@*
55 silly packumentCache full:https://registry.npmjs.org/sass-embedded cache-miss
56 http fetch GET 200 https://registry.npmjs.org/sass-embedded 101ms (cache revalidated)
57 silly packumentCache full:https://registry.npmjs.org/sass-embedded set size:428375 disposed:false
58 silly fetch manifest stylus@*
59 silly packumentCache full:https://registry.npmjs.org/stylus cache-miss
60 http fetch GET 200 https://registry.npmjs.org/stylus 90ms (cache revalidated)
61 silly packumentCache full:https://registry.npmjs.org/stylus set size:286766 disposed:false
62 silly fetch manifest sugarss@*
63 silly packumentCache full:https://registry.npmjs.org/sugarss cache-miss
64 http fetch GET 200 https://registry.npmjs.org/sugarss 152ms (cache revalidated)
65 silly packumentCache full:https://registry.npmjs.org/sugarss set size:44975 disposed:false
66 silly fetch manifest postcss@^8.3.3
67 silly packumentCache full:https://registry.npmjs.org/postcss cache-miss
68 http fetch GET 200 https://registry.npmjs.org/postcss 215ms (cache revalidated)
69 silly packumentCache full:https://registry.npmjs.org/postcss set size:760024 disposed:false
70 silly fetch manifest terser@^5.16.0
71 silly packumentCache full:https://registry.npmjs.org/terser cache-miss
72 http fetch GET 200 https://registry.npmjs.org/terser 112ms (cache revalidated)
73 silly packumentCache full:https://registry.npmjs.org/terser set size:817272 disposed:false
74 silly fetch manifest tsx@^4.21.0
75 silly packumentCache full:https://registry.npmjs.org/tsx cache-miss
76 http fetch GET 200 https://registry.npmjs.org/tsx 95ms (cache revalidated)
77 silly packumentCache full:https://registry.npmjs.org/tsx set size:341667 disposed:false
78 silly fetch manifest yaml@^2.4.2
79 silly packumentCache full:https://registry.npmjs.org/yaml cache-miss
80 http fetch GET 200 https://registry.npmjs.org/yaml 95ms (cache revalidated)
81 silly packumentCache full:https://registry.npmjs.org/yaml set size:385754 disposed:false
82 silly fetch manifest @vitejs/plugin-react@^5.0.4
83 silly packumentCache full:https://registry.npmjs.org/@vitejs%2fplugin-react cache-miss
84 http fetch GET 200 https://registry.npmjs.org/@vitejs%2fplugin-react 391ms (cache revalidated)
85 silly packumentCache full:https://registry.npmjs.org/@vitejs%2fplugin-react set size:280700 disposed:false
86 silly fetch manifest dotenv@^17.2.3
87 silly packumentCache full:https://registry.npmjs.org/dotenv cache-miss
88 http fetch GET 200 https://registry.npmjs.org/dotenv 87ms (cache revalidated)
89 silly packumentCache full:https://registry.npmjs.org/dotenv set size:277821 disposed:false
90 silly fetch manifest express@^4.21.2
91 silly packumentCache full:https://registry.npmjs.org/express cache-miss
92 http fetch GET 200 https://registry.npmjs.org/express 104ms (cache revalidated)
93 silly packumentCache full:https://registry.npmjs.org/express set size:804975 disposed:false
94 silly fetch manifest jszip@^3.10.1
95 silly packumentCache full:https://registry.npmjs.org/jszip cache-miss
96 http fetch GET 200 https://registry.npmjs.org/jszip 91ms (cache revalidated)
97 silly packumentCache full:https://registry.npmjs.org/jszip set size:98327 disposed:false
98 silly fetch manifest lucide-react@^0.546.0
99 silly packumentCache full:https://registry.npmjs.org/lucide-react cache-miss
100 http fetch GET 200 https://registry.npmjs.org/lucide-react 138ms (cache revalidated)
101 silly packumentCache full:https://registry.npmjs.org/lucide-react set size:2318914 disposed:false
102 silly fetch manifest react@^19.0.1
103 silly packumentCache full:https://registry.npmjs.org/react cache-miss
104 http fetch GET 200 https://registry.npmjs.org/react 243ms (cache revalidated)
105 silly packumentCache full:https://registry.npmjs.org/react set size:6902730 disposed:false
106 silly fetch manifest motion@^12.23.24
107 silly packumentCache full:https://registry.npmjs.org/motion cache-miss
108 http fetch GET 200 https://registry.npmjs.org/motion 623ms (cache revalidated)
109 silly packumentCache full:https://registry.npmjs.org/motion set size:1420580 disposed:false
110 silly fetch manifest @emotion/is-prop-valid@*
111 silly packumentCache full:https://registry.npmjs.org/@emotion%2fis-prop-valid cache-miss
112 http fetch GET 200 https://registry.npmjs.org/@emotion%2fis-prop-valid 98ms (cache revalidated)
113 silly packumentCache full:https://registry.npmjs.org/@emotion%2fis-prop-valid set size:96539 disposed:false
114 silly fetch manifest react-dom@^19.0.1
115 silly packumentCache full:https://registry.npmjs.org/react-dom cache-miss
116 http fetch GET 200 https://registry.npmjs.org/react-dom 223ms (cache revalidated)
117 silly packumentCache full:https://registry.npmjs.org/react-dom set size:9275431 disposed:false
118 silly fetch manifest @capacitor/core@*
119 silly packumentCache full:https://registry.npmjs.org/@capacitor%2fcore cache-miss
120 http fetch GET 200 https://registry.npmjs.org/@capacitor%2fcore 301ms (cache revalidated)
121 silly packumentCache full:https://registry.npmjs.org/@capacitor%2fcore set size:4731332 disposed:false
122 silly fetch manifest @capacitor/cli@*
123 silly packumentCache full:https://registry.npmjs.org/@capacitor%2fcli cache-miss
124 http fetch GET 200 https://registry.npmjs.org/@capacitor%2fcli 177ms (cache revalidated)
125 silly packumentCache full:https://registry.npmjs.org/@capacitor%2fcli set size:5093486 disposed:false
126 silly fetch manifest @capacitor/android@*
127 silly packumentCache full:https://registry.npmjs.org/@capacitor%2fandroid cache-miss
128 http fetch GET 200 https://registry.npmjs.org/@capacitor%2fandroid 184ms (cache revalidated)
129 silly packumentCache full:https://registry.npmjs.org/@capacitor%2fandroid set size:3311447 disposed:false
130 silly fetch manifest autoprefixer@^10.4.21
131 silly packumentCache full:https://registry.npmjs.org/autoprefixer cache-miss
132 http fetch GET 200 https://registry.npmjs.org/autoprefixer 189ms (cache revalidated)
133 silly packumentCache full:https://registry.npmjs.org/autoprefixer set size:1366815 disposed:false
134 silly fetch manifest postcss@^8.1.0
135 silly packumentCache full:https://registry.npmjs.org/postcss cache-hit
136 silly fetch manifest esbuild@^0.25.0
137 silly packumentCache full:https://registry.npmjs.org/esbuild cache-miss
138 http fetch GET 200 https://registry.npmjs.org/esbuild 88ms (cache revalidated)
139 silly packumentCache full:https://registry.npmjs.org/esbuild set size:1264676 disposed:false
140 silly fetch manifest tailwindcss@^4.1.14
141 silly packumentCache full:https://registry.npmjs.org/tailwindcss cache-miss
142 http fetch GET 200 https://registry.npmjs.org/tailwindcss 283ms (cache revalidated)
143 silly packumentCache full:https://registry.npmjs.org/tailwindcss set size:10868886 disposed:false
144 silly fetch manifest typescript@~5.8.2
145 silly packumentCache full:https://registry.npmjs.org/typescript cache-miss
146 http fetch GET 200 https://registry.npmjs.org/typescript 384ms (cache revalidated)
147 silly packumentCache full:https://registry.npmjs.org/typescript set size:15576747 disposed:false
148 silly fetch manifest @types/express@^4.17.21
149 silly packumentCache full:https://registry.npmjs.org/@types%2fexpress cache-miss
150 http fetch GET 200 https://registry.npmjs.org/@types%2fexpress 124ms (cache revalidated)
151 silly packumentCache full:https://registry.npmjs.org/@types%2fexpress set size:111364 disposed:false
152 silly placeDep ROOT @capacitor/android@8.5.0 OK for: react-example@0.0.0 want: *
153 silly placeDep ROOT @capacitor/core@8.5.0 OK for: @capacitor/android@8.5.0 want: ^8.5.0
154 silly placeDep ROOT @capacitor/cli@8.5.0 OK for: react-example@0.0.0 want: *
155 silly placeDep ROOT @capacitor/core@8.5.0 REPLACE for: react-example@0.0.0 want: *
156 silly placeDep ROOT @google/genai@2.18.0 OK for: react-example@0.0.0 want: ^2.4.0
157 silly placeDep ROOT @tailwindcss/vite@4.3.3 OK for: react-example@0.0.0 want: ^4.1.14
158 silly placeDep ROOT vite@6.4.3 OK for: @tailwindcss/vite@4.3.3 want: ^5.2.0 || ^6 || ^7 || ^8
159 silly placeDep ROOT @types/express@4.17.25 OK for: react-example@0.0.0 want: ^4.17.21
160 silly placeDep ROOT @types/node@22.20.1 OK for: react-example@0.0.0 want: ^22.14.0
161 silly placeDep ROOT @vitejs/plugin-react@5.2.0 OK for: react-example@0.0.0 want: ^5.0.4
162 silly placeDep ROOT autoprefixer@10.5.4 OK for: react-example@0.0.0 want: ^10.4.21
163 silly placeDep ROOT postcss@8.5.26 OK for: autoprefixer@10.5.4 want: ^8.1.0
164 silly placeDep ROOT dotenv@17.4.2 OK for: react-example@0.0.0 want: ^17.2.3
165 silly placeDep ROOT esbuild@0.25.12 OK for: react-example@0.0.0 want: ^0.25.0
166 silly placeDep ROOT express@4.22.2 OK for: react-example@0.0.0 want: ^4.21.2
167 silly placeDep ROOT jszip@3.10.1 OK for: react-example@0.0.0 want: ^3.10.1
168 silly placeDep ROOT lucide-react@0.546.0 OK for: react-example@0.0.0 want: ^0.546.0
169 silly placeDep ROOT react@19.2.8 OK for: lucide-react@0.546.0 want: ^16.5.1 || ^17.0.0 || ^18.0.0 || ^19.0.0
170 silly placeDep ROOT motion@12.43.0 OK for: react-example@0.0.0 want: ^12.23.24
171 silly placeDep ROOT react-dom@19.2.8 OK for: react-example@0.0.0 want: ^19.0.1
172 silly placeDep ROOT tailwindcss@4.3.3 OK for: react-example@0.0.0 want: ^4.1.14
173 silly placeDep ROOT tsx@4.23.12 OK for: react-example@0.0.0 want: ^4.21.0
174 silly placeDep ROOT typescript@5.8.3 OK for: react-example@0.0.0 want: ~5.8.2
175 silly fetch manifest tslib@^2.1.0
176 silly packumentCache full:https://registry.npmjs.org/tslib cache-miss
177 silly fetch manifest tar@^7.5.3
178 silly packumentCache full:https://registry.npmjs.org/tar cache-miss
179 silly fetch manifest open@^8.4.0
180 silly packumentCache full:https://registry.npmjs.org/open cache-miss
181 silly fetch manifest debug@^4.4.0
182 silly packumentCache full:https://registry.npmjs.org/debug cache-miss
183 silly fetch manifest kleur@^4.1.5
184 silly packumentCache full:https://registry.npmjs.org/kleur cache-miss
185 silly fetch manifest plist@^3.1.0
186 silly packumentCache full:https://registry.npmjs.org/plist cache-miss
187 silly fetch manifest tslib@^2.8.1
188 silly packumentCache full:https://registry.npmjs.org/tslib cache-miss
189 http fetch GET 200 https://registry.npmjs.org/tar 236ms (cache revalidated)
190 silly packumentCache full:https://registry.npmjs.org/tar set size:591769 disposed:false
191 silly fetch manifest xcode@^3.0.1
192 silly packumentCache full:https://registry.npmjs.org/xcode cache-miss
193 http fetch GET 200 https://registry.npmjs.org/xcode 176ms (cache revalidated)
194 silly packumentCache full:https://registry.npmjs.org/xcode set size:5234429 disposed:false
195 silly fetch manifest rimraf@^6.0.1
196 silly packumentCache full:https://registry.npmjs.org/rimraf cache-miss
197 http fetch GET 200 https://registry.npmjs.org/tslib 680ms (cache revalidated)
198 silly packumentCache full:https://registry.npmjs.org/tslib set size:108843 disposed:false
199 silly fetch manifest semver@^7.6.3
200 silly packumentCache full:https://registry.npmjs.org/semver cache-miss
201 http fetch GET 200 https://registry.npmjs.org/debug 706ms (cache revalidated)
202 silly packumentCache full:https://registry.npmjs.org/debug set size:195840 disposed:false
203 silly fetch manifest xml2js@^0.6.2
204 silly packumentCache full:https://registry.npmjs.org/xml2js cache-miss
205 http fetch GET 200 https://registry.npmjs.org/kleur 739ms (cache revalidated)
206 silly packumentCache full:https://registry.npmjs.org/kleur set size:61853 disposed:false
207 silly fetch manifest prompts@^2.4.2
208 silly packumentCache full:https://registry.npmjs.org/prompts cache-miss
209 http fetch GET 200 https://registry.npmjs.org/open 756ms (cache revalidated)
210 silly packumentCache full:https://registry.npmjs.org/open set size:138621 disposed:false
211 silly fetch manifest fs-extra@^11.2.0
212 silly packumentCache full:https://registry.npmjs.org/fs-extra cache-miss
213 http fetch GET 200 https://registry.npmjs.org/plist 805ms (cache revalidated)
214 silly packumentCache full:https://registry.npmjs.org/plist set size:60755 disposed:false
215 silly fetch manifest commander@^12.1.0
216 silly packumentCache full:https://registry.npmjs.org/commander cache-miss
217 http fetch GET 200 https://registry.npmjs.org/tslib 826ms (cache revalidated)
218 silly packumentCache full:https://registry.npmjs.org/tslib set size:108843 disposed:false
219 silly packumentCache full:https://registry.npmjs.org/tslib dispose
220 silly fetch manifest env-paths@^2.2.0
221 silly packumentCache full:https://registry.npmjs.org/env-paths cache-miss
222 http fetch GET 200 https://registry.npmjs.org/semver 285ms (cache revalidated)
223 silly packumentCache full:https://registry.npmjs.org/semver set size:246069 disposed:false
224 silly fetch manifest native-run@^2.0.3
225 silly packumentCache full:https://registry.npmjs.org/native-run cache-miss
226 http fetch GET 200 https://registry.npmjs.org/xml2js 277ms (cache revalidated)
227 silly packumentCache full:https://registry.npmjs.org/xml2js set size:198018 disposed:false
228 silly fetch manifest @ionic/utils-terminal@^2.3.5
229 silly packumentCache full:https://registry.npmjs.org/@ionic%2futils-terminal cache-miss
230 http fetch GET 200 https://registry.npmjs.org/env-paths 205ms (cache revalidated)
231 silly packumentCache full:https://registry.npmjs.org/env-paths set size:26913 disposed:false
232 silly fetch manifest @ionic/utils-subprocess@^3.0.1
233 silly packumentCache full:https://registry.npmjs.org/@ionic%2futils-subprocess cache-miss
234 http fetch GET 200 https://registry.npmjs.org/rimraf 406ms (cache revalidated)
235 silly packumentCache full:https://registry.npmjs.org/rimraf set size:212626 disposed:false
236 silly fetch manifest @ionic/cli-framework-output@^2.2.8
237 silly packumentCache full:https://registry.npmjs.org/@ionic%2fcli-framework-output cache-miss
238 http fetch GET 200 https://registry.npmjs.org/prompts 320ms (cache revalidated)
239 silly packumentCache full:https://registry.npmjs.org/prompts set size:115896 disposed:false
240 silly fetch manifest ws@^8.18.0
241 silly packumentCache full:https://registry.npmjs.org/ws cache-miss
242 http fetch GET 200 https://registry.npmjs.org/fs-extra 282ms (cache revalidated)
243 silly packumentCache full:https://registry.npmjs.org/fs-extra set size:239581 disposed:false
244 silly fetch manifest p-retry@^4.6.2
245 silly packumentCache full:https://registry.npmjs.org/p-retry cache-miss
246 http fetch GET 200 https://registry.npmjs.org/commander 378ms (cache revalidated)
247 silly packumentCache full:https://registry.npmjs.org/commander set size:353115 disposed:false
248 silly fetch manifest protobufjs@^7.5.4
249 silly packumentCache full:https://registry.npmjs.org/protobufjs cache-miss
250 http fetch GET 200 https://registry.npmjs.org/p-retry 137ms (cache revalidated)
251 silly packumentCache full:https://registry.npmjs.org/p-retry set size:72148 disposed:false
252 silly fetch manifest google-auth-library@^10.3.0
253 silly packumentCache full:https://registry.npmjs.org/google-auth-library cache-miss
254 http fetch GET 200 https://registry.npmjs.org/ws 179ms (cache revalidated)
255 silly packumentCache full:https://registry.npmjs.org/ws set size:447661 disposed:false
256 silly fetch manifest tailwindcss@4.3.3
257 silly packumentCache full:https://registry.npmjs.org/tailwindcss cache-miss
258 http cache https://registry.npmjs.org/tailwindcss 116ms (cache hit)
259 silly packumentCache full:https://registry.npmjs.org/tailwindcss set size:10868886 disposed:false
260 silly fetch manifest @tailwindcss/node@4.3.3
261 silly packumentCache full:https://registry.npmjs.org/@tailwindcss%2fnode cache-miss
262 http fetch GET 200 https://registry.npmjs.org/native-run 837ms (cache revalidated)
263 silly packumentCache full:https://registry.npmjs.org/native-run set size:221047 disposed:false
264 silly fetch manifest @tailwindcss/oxide@4.3.3
265 silly packumentCache full:https://registry.npmjs.org/@tailwindcss%2foxide cache-miss
266 http fetch GET 200 https://registry.npmjs.org/@ionic%2futils-subprocess 841ms (cache revalidated)
267 silly packumentCache full:https://registry.npmjs.org/@ionic%2futils-subprocess set size:166292 disposed:false
268 silly fetch manifest fdir@^6.4.4
269 silly packumentCache full:https://registry.npmjs.org/fdir cache-miss
270 http fetch GET 200 https://registry.npmjs.org/@ionic%2fcli-framework-output 842ms (cache revalidated)
271 silly packumentCache full:https://registry.npmjs.org/@ionic%2fcli-framework-output set size:65039 disposed:false
272 silly fetch manifest rollup@^4.34.9
273 silly packumentCache full:https://registry.npmjs.org/rollup cache-miss
274 http fetch GET 200 https://registry.npmjs.org/@ionic%2futils-terminal 890ms (cache revalidated)
275 silly packumentCache full:https://registry.npmjs.org/@ionic%2futils-terminal set size:118057 disposed:false
276 silly fetch manifest postcss@^8.5.3
277 silly packumentCache full:https://registry.npmjs.org/postcss cache-hit
278 silly fetch manifest picomatch@^4.0.2
279 silly packumentCache full:https://registry.npmjs.org/picomatch cache-miss
280 http fetch GET 200 https://registry.npmjs.org/google-auth-library 724ms (cache revalidated)
281 silly packumentCache full:https://registry.npmjs.org/google-auth-library set size:745018 disposed:false
282 silly fetch manifest tinyglobby@^0.2.13
283 silly packumentCache full:https://registry.npmjs.org/tinyglobby cache-miss
284 http fetch GET 200 https://registry.npmjs.org/protobufjs 815ms (cache revalidated)
285 silly packumentCache full:https://registry.npmjs.org/protobufjs set size:771492 disposed:false
286 silly fetch manifest fsevents@~2.3.3
287 silly packumentCache full:https://registry.npmjs.org/fsevents cache-miss
288 http fetch GET 200 https://registry.npmjs.org/fdir 311ms (cache revalidated)
289 silly packumentCache full:https://registry.npmjs.org/fdir set size:136182 disposed:false
290 silly fetch manifest @types/qs@*
291 silly packumentCache full:https://registry.npmjs.org/@types%2fqs cache-miss
292 http fetch GET 200 https://registry.npmjs.org/@tailwindcss%2fnode 451ms (cache revalidated)
293 silly packumentCache full:https://registry.npmjs.org/@tailwindcss%2fnode set size:2361309 disposed:false
294 silly fetch manifest @types/body-parser@*
295 silly packumentCache full:https://registry.npmjs.org/@types%2fbody-parser cache-miss
296 http fetch GET 200 https://registry.npmjs.org/tinyglobby 315ms (cache revalidated)
297 silly packumentCache full:https://registry.npmjs.org/tinyglobby set size:54291 disposed:false
298 silly fetch manifest @types/serve-static@^1
299 silly packumentCache full:https://registry.npmjs.org/@types%2fserve-static cache-miss
300 http fetch GET 200 https://registry.npmjs.org/picomatch 435ms (cache revalidated)
301 silly packumentCache full:https://registry.npmjs.org/picomatch set size:128942 disposed:false
302 silly fetch manifest @types/express-serve-static-core@^4.17.33
303 silly packumentCache full:https://registry.npmjs.org/@types%2fexpress-serve-static-core cache-miss
304 http fetch GET 200 https://registry.npmjs.org/@tailwindcss%2foxide 576ms (cache revalidated)
305 silly packumentCache full:https://registry.npmjs.org/@tailwindcss%2foxide set size:4754430 disposed:false
306 silly fetch manifest undici-types@~6.21.0
307 silly packumentCache full:https://registry.npmjs.org/undici-types cache-miss
308 http fetch GET 200 https://registry.npmjs.org/fsevents 509ms (cache revalidated)
309 silly packumentCache full:https://registry.npmjs.org/fsevents set size:182472 disposed:false
310 silly fetch manifest @babel/core@^7.29.0
311 silly packumentCache full:https://registry.npmjs.org/@babel%2fcore cache-miss
312 http fetch GET 200 https://registry.npmjs.org/rollup 740ms (cache revalidated)
313 silly packumentCache full:https://registry.npmjs.org/rollup set size:6291077 disposed:false
314 silly fetch manifest react-refresh@^0.18.0
315 silly packumentCache full:https://registry.npmjs.org/react-refresh cache-miss
316 http fetch GET 200 https://registry.npmjs.org/undici-types 579ms (cache revalidated)
317 silly packumentCache full:https://registry.npmjs.org/undici-types set size:250438 disposed:false
318 silly fetch manifest @types/babel__core@^7.20.5
319 silly packumentCache full:https://registry.npmjs.org/@types%2fbabel__core cache-miss
320 http fetch GET 200 https://registry.npmjs.org/@types%2fexpress-serve-static-core 780ms (cache revalidated)
321 silly packumentCache full:https://registry.npmjs.org/@types%2fexpress-serve-static-core set size:271755 disposed:false
322 silly fetch manifest @rolldown/pluginutils@1.0.0-rc.3
323 silly packumentCache full:https://registry.npmjs.org/@rolldown%2fpluginutils cache-miss
324 http fetch GET 200 https://registry.npmjs.org/@types%2fbody-parser 888ms (cache revalidated)
325 silly packumentCache full:https://registry.npmjs.org/@types%2fbody-parser set size:59466 disposed:false
326 silly fetch manifest @babel/plugin-transform-react-jsx-self@^7.27.1
327 silly packumentCache full:https://registry.npmjs.org/@babel%2fplugin-transform-react-jsx-self cache-miss
328 http fetch GET 200 https://registry.npmjs.org/@types%2fqs 1011ms (cache revalidated)
329 silly packumentCache full:https://registry.npmjs.org/@types%2fqs set size:84522 disposed:false
330 silly fetch manifest @babel/plugin-transform-react-jsx-source@^7.27.1
331 silly packumentCache full:https://registry.npmjs.org/@babel%2fplugin-transform-react-jsx-source cache-miss
332 http fetch GET 200 https://registry.npmjs.org/@types%2fserve-static 894ms (cache revalidated)
333 silly packumentCache full:https://registry.npmjs.org/@types%2fserve-static set size:70859 disposed:false
334 silly fetch manifest picocolors@^1.1.1
335 silly packumentCache full:https://registry.npmjs.org/picocolors cache-miss
336 http fetch GET 200 https://registry.npmjs.org/react-refresh 281ms (cache revalidated)
337 silly packumentCache full:https://registry.npmjs.org/react-refresh set size:6552205 disposed:false
338 silly fetch manifest fraction.js@^5.3.4
339 silly packumentCache full:https://registry.npmjs.org/fraction.js cache-miss
340 http fetch GET 200 https://registry.npmjs.org/@babel%2fcore 949ms (cache revalidated)
341 silly packumentCache full:https://registry.npmjs.org/@babel%2fcore set size:788273 disposed:false
342 silly fetch manifest browserslist@^4.28.6
343 silly packumentCache full:https://registry.npmjs.org/browserslist cache-miss
344 http fetch GET 200 https://registry.npmjs.org/@babel%2fplugin-transform-react-jsx-self 414ms (cache revalidated)
345 silly packumentCache full:https://registry.npmjs.org/@babel%2fplugin-transform-react-jsx-self set size:200274 disposed:false
346 silly fetch manifest caniuse-lite@^1.0.30001806
347 silly packumentCache full:https://registry.npmjs.org/caniuse-lite cache-miss
348 http fetch GET 200 https://registry.npmjs.org/@types%2fbabel__core 479ms (cache revalidated)
349 silly packumentCache full:https://registry.npmjs.org/@types%2fbabel__core set size:88676 disposed:false
350 silly fetch manifest postcss-value-parser@^4.2.0
351 silly packumentCache full:https://registry.npmjs.org/postcss-value-parser cache-miss
352 http fetch GET 200 https://registry.npmjs.org/@rolldown%2fpluginutils 464ms (cache revalidated)
353 silly packumentCache full:https://registry.npmjs.org/@rolldown%2fpluginutils set size:300388 disposed:false
354 silly fetch manifest nanoid@^3.3.17
355 silly packumentCache full:https://registry.npmjs.org/nanoid cache-miss
356 http fetch GET 200 https://registry.npmjs.org/picocolors 530ms (cache revalidated)
357 silly packumentCache full:https://registry.npmjs.org/picocolors set size:16648 disposed:false
358 silly fetch manifest source-map-js@^1.2.1
359 silly packumentCache full:https://registry.npmjs.org/source-map-js cache-miss
360 http fetch GET 200 https://registry.npmjs.org/@babel%2fplugin-transform-react-jsx-source 554ms (cache revalidated)
361 silly packumentCache full:https://registry.npmjs.org/@babel%2fplugin-transform-react-jsx-source set size:205288 disposed:false
362 silly fetch manifest @esbuild/aix-ppc64@0.25.12
363 silly packumentCache full:https://registry.npmjs.org/@esbuild%2faix-ppc64 cache-miss
364 http fetch GET 200 https://registry.npmjs.org/fraction.js 332ms (cache revalidated)
365 silly packumentCache full:https://registry.npmjs.org/fraction.js set size:149386 disposed:false
366 silly fetch manifest @esbuild/linux-arm@0.25.12
367 silly packumentCache full:https://registry.npmjs.org/@esbuild%2flinux-arm cache-miss
368 http fetch GET 200 https://registry.npmjs.org/nanoid 167ms (cache revalidated)
369 silly packumentCache full:https://registry.npmjs.org/nanoid set size:342705 disposed:false
370 silly fetch manifest @esbuild/linux-x64@0.25.12
371 silly packumentCache full:https://registry.npmjs.org/@esbuild%2flinux-x64 cache-miss
372 http fetch GET 200 https://registry.npmjs.org/postcss-value-parser 220ms (cache revalidated)
373 silly packumentCache full:https://registry.npmjs.org/postcss-value-parser set size:73526 disposed:false
374 silly fetch manifest @esbuild/sunos-x64@0.25.12
375 silly packumentCache full:https://registry.npmjs.org/@esbuild%2fsunos-x64 cache-miss
376 http fetch GET 200 https://registry.npmjs.org/browserslist 312ms (cache revalidated)
377 silly packumentCache full:https://registry.npmjs.org/browserslist set size:518659 disposed:false
378 silly fetch manifest @esbuild/win32-x64@0.25.12
379 silly packumentCache full:https://registry.npmjs.org/@esbuild%2fwin32-x64 cache-miss
380 http fetch GET 200 https://registry.npmjs.org/caniuse-lite 297ms (cache revalidated)
381 silly packumentCache full:https://registry.npmjs.org/caniuse-lite set size:2311190 disposed:false
382 silly fetch manifest @esbuild/darwin-x64@0.25.12
383 silly packumentCache full:https://registry.npmjs.org/@esbuild%2fdarwin-x64 cache-miss
384 http fetch GET 200 https://registry.npmjs.org/source-map-js 370ms (cache revalidated)
385 silly packumentCache full:https://registry.npmjs.org/source-map-js set size:62640 disposed:false
386 silly fetch manifest @esbuild/linux-ia32@0.25.12
387 silly packumentCache full:https://registry.npmjs.org/@esbuild%2flinux-ia32 cache-miss
388 http fetch GET 200 https://registry.npmjs.org/@esbuild%2fsunos-x64 305ms (cache revalidated)
389 silly packumentCache full:https://registry.npmjs.org/@esbuild%2fsunos-x64 set size:199187 disposed:false
390 silly fetch manifest @esbuild/netbsd-x64@0.25.12
391 silly packumentCache full:https://registry.npmjs.org/@esbuild%2fnetbsd-x64 cache-miss
392 http fetch GET 200 https://registry.npmjs.org/@esbuild%2flinux-arm 365ms (cache revalidated)
393 silly packumentCache full:https://registry.npmjs.org/@esbuild%2flinux-arm set size:198596 disposed:false
394 silly fetch manifest @esbuild/win32-ia32@0.25.12
395 silly packumentCache full:https://registry.npmjs.org/@esbuild%2fwin32-ia32 cache-miss
396 http fetch GET 200 https://registry.npmjs.org/@esbuild%2fdarwin-x64 199ms (cache revalidated)
397 silly packumentCache full:https://registry.npmjs.org/@esbuild%2fdarwin-x64 set size:199670 disposed:false
398 silly fetch manifest @esbuild/android-arm@0.25.12
399 silly packumentCache full:https://registry.npmjs.org/@esbuild%2fandroid-arm cache-miss
400 http fetch GET 200 https://registry.npmjs.org/@esbuild%2faix-ppc64 542ms (cache revalidated)
401 silly packumentCache full:https://registry.npmjs.org/@esbuild%2faix-ppc64 set size:67797 disposed:false
402 silly fetch manifest @esbuild/android-x64@0.25.12
403 silly packumentCache full:https://registry.npmjs.org/@esbuild%2fandroid-x64 cache-miss
404 http fetch GET 200 https://registry.npmjs.org/@esbuild%2fwin32-x64 430ms (cache revalidated)
405 silly packumentCache full:https://registry.npmjs.org/@esbuild%2fwin32-x64 set size:197540 disposed:false
406 silly fetch manifest @esbuild/freebsd-x64@0.25.12
407 silly packumentCache full:https://registry.npmjs.org/@esbuild%2ffreebsd-x64 cache-miss
408 http fetch GET 200 https://registry.npmjs.org/@esbuild%2fnetbsd-x64 166ms (cache revalidated)
409 silly packumentCache full:https://registry.npmjs.org/@esbuild%2fnetbsd-x64 set size:197314 disposed:false
410 silly fetch manifest @esbuild/linux-arm64@0.25.12
411 silly packumentCache full:https://registry.npmjs.org/@esbuild%2flinux-arm64 cache-miss
412 http fetch GET 200 https://registry.npmjs.org/@esbuild%2fandroid-arm 154ms (cache revalidated)
413 silly packumentCache full:https://registry.npmjs.org/@esbuild%2fandroid-arm set size:225217 disposed:false
414 silly fetch manifest @esbuild/linux-ppc64@0.25.12
415 silly packumentCache full:https://registry.npmjs.org/@esbuild%2flinux-ppc64 cache-miss
416 http fetch GET 200 https://registry.npmjs.org/@esbuild%2flinux-x64 552ms (cache revalidated)
417 silly packumentCache full:https://registry.npmjs.org/@esbuild%2flinux-x64 set size:198942 disposed:false
418 silly fetch manifest @esbuild/linux-s390x@0.25.12
419 silly packumentCache full:https://registry.npmjs.org/@esbuild%2flinux-s390x cache-miss
420 http fetch GET 200 https://registry.npmjs.org/@esbuild%2flinux-ia32 322ms (cache revalidated)
421 silly packumentCache full:https://registry.npmjs.org/@esbuild%2flinux-ia32 set size:199625 disposed:false
422 silly fetch manifest @esbuild/openbsd-x64@0.25.12
423 silly packumentCache full:https://registry.npmjs.org/@esbuild%2fopenbsd-x64 cache-miss
424 http fetch GET 200 https://registry.npmjs.org/@esbuild%2ffreebsd-x64 173ms (cache revalidated)
425 silly packumentCache full:https://registry.npmjs.org/@esbuild%2ffreebsd-x64 set size:200565 disposed:false
426 silly fetch manifest @esbuild/win32-arm64@0.25.12
427 silly packumentCache full:https://registry.npmjs.org/@esbuild%2fwin32-arm64 cache-miss
428 http fetch GET 200 https://registry.npmjs.org/@esbuild%2fwin32-ia32 341ms (cache revalidated)
429 silly packumentCache full:https://registry.npmjs.org/@esbuild%2fwin32-ia32 set size:199854 disposed:false
430 silly fetch manifest @esbuild/darwin-arm64@0.25.12
431 silly packumentCache full:https://registry.npmjs.org/@esbuild%2fdarwin-arm64 cache-miss
432 http fetch GET 200 https://registry.npmjs.org/@esbuild%2flinux-ppc64 174ms (cache revalidated)
433 silly packumentCache full:https://registry.npmjs.org/@esbuild%2flinux-ppc64 set size:202845 disposed:false
434 silly fetch manifest @esbuild/netbsd-arm64@0.25.12
435 silly packumentCache full:https://registry.npmjs.org/@esbuild%2fnetbsd-arm64 cache-miss
436 http fetch GET 200 https://registry.npmjs.org/@esbuild%2flinux-arm64 208ms (cache revalidated)
437 silly packumentCache full:https://registry.npmjs.org/@esbuild%2flinux-arm64 set size:200773 disposed:false
438 silly fetch manifest @esbuild/android-arm64@0.25.12
439 silly packumentCache full:https://registry.npmjs.org/@esbuild%2fandroid-arm64 cache-miss
440 http fetch GET 200 https://registry.npmjs.org/@esbuild%2fandroid-x64 336ms (cache revalidated)
441 silly packumentCache full:https://registry.npmjs.org/@esbuild%2fandroid-x64 set size:199017 disposed:false
442 silly fetch manifest @esbuild/freebsd-arm64@0.25.12
443 silly packumentCache full:https://registry.npmjs.org/@esbuild%2ffreebsd-arm64 cache-miss
444 http fetch GET 200 https://registry.npmjs.org/@esbuild%2flinux-s390x 256ms (cache revalidated)
445 silly packumentCache full:https://registry.npmjs.org/@esbuild%2flinux-s390x set size:202310 disposed:false
446 silly fetch manifest @esbuild/linux-loong64@0.25.12
447 silly packumentCache full:https://registry.npmjs.org/@esbuild%2flinux-loong64 cache-miss
448 http fetch GET 200 https://registry.npmjs.org/@esbuild%2fopenbsd-x64 224ms (cache revalidated)
449 silly packumentCache full:https://registry.npmjs.org/@esbuild%2fopenbsd-x64 set size:200576 disposed:false
450 silly fetch manifest @esbuild/linux-riscv64@0.25.12
451 silly packumentCache full:https://registry.npmjs.org/@esbuild%2flinux-riscv64 cache-miss
452 http fetch GET 200 https://registry.npmjs.org/@esbuild%2fandroid-arm64 146ms (cache revalidated)
453 silly packumentCache full:https://registry.npmjs.org/@esbuild%2fandroid-arm64 set size:204216 disposed:false
454 silly fetch manifest @esbuild/openbsd-arm64@0.25.12
455 silly packumentCache full:https://registry.npmjs.org/@esbuild%2fopenbsd-arm64 cache-miss
456 http fetch GET 200 https://registry.npmjs.org/@esbuild%2fnetbsd-arm64 179ms (cache revalidated)
457 silly packumentCache full:https://registry.npmjs.org/@esbuild%2fnetbsd-arm64 set size:44308 disposed:false
458 silly fetch manifest @esbuild/linux-mips64el@0.25.12
459 silly packumentCache full:https://registry.npmjs.org/@esbuild%2flinux-mips64el cache-miss
460 http fetch GET 200 https://registry.npmjs.org/@esbuild%2fwin32-arm64 230ms (cache revalidated)
461 silly packumentCache full:https://registry.npmjs.org/@esbuild%2fwin32-arm64 set size:201005 disposed:false
462 silly fetch manifest @esbuild/openharmony-arm64@0.25.12
463 silly packumentCache full:https://registry.npmjs.org/@esbuild%2fopenharmony-arm64 cache-miss
464 http fetch GET 200 https://registry.npmjs.org/@esbuild%2fdarwin-arm64 225ms (cache revalidated)
465 silly packumentCache full:https://registry.npmjs.org/@esbuild%2fdarwin-arm64 set size:201471 disposed:false
466 silly fetch manifest qs@~6.15.1
467 silly packumentCache full:https://registry.npmjs.org/qs cache-miss
468 http fetch GET 200 https://registry.npmjs.org/qs 141ms (cache revalidated)
469 silly packumentCache full:https://registry.npmjs.org/qs set size:360318 disposed:false
470 silly fetch manifest depd@2.0.0
471 silly packumentCache full:https://registry.npmjs.org/depd cache-miss
472 http fetch GET 200 https://registry.npmjs.org/@esbuild%2fopenharmony-arm64 243ms (cache revalidated)
473 silly packumentCache full:https://registry.npmjs.org/@esbuild%2fopenharmony-arm64 set size:33054 disposed:false
474 silly fetch manifest etag@~1.8.1
475 silly packumentCache full:https://registry.npmjs.org/etag cache-miss
476 http fetch GET 200 https://registry.npmjs.org/@esbuild%2fopenbsd-arm64 281ms (cache revalidated)
477 silly packumentCache full:https://registry.npmjs.org/@esbuild%2fopenbsd-arm64 set size:49642 disposed:false
478 silly fetch manifest send@~0.19.0
479 silly packumentCache full:https://registry.npmjs.org/send cache-miss
480 http fetch GET 200 https://registry.npmjs.org/@esbuild%2flinux-mips64el 280ms (cache revalidated)
481 silly packumentCache full:https://registry.npmjs.org/@esbuild%2flinux-mips64el set size:204633 disposed:false
482 silly fetch manifest vary@~1.1.2
483 silly packumentCache full:https://registry.npmjs.org/vary cache-miss
484 http fetch GET 200 https://registry.npmjs.org/@esbuild%2flinux-riscv64 354ms (cache revalidated)
485 silly packumentCache full:https://registry.npmjs.org/@esbuild%2flinux-riscv64 set size:202512 disposed:false
486 silly fetch manifest debug@2.6.9
487 silly packumentCache full:https://registry.npmjs.org/debug cache-hit
488 silly fetch manifest fresh@~0.5.2
489 silly packumentCache full:https://registry.npmjs.org/fresh cache-miss
490 http fetch GET 200 https://registry.npmjs.org/@esbuild%2ffreebsd-arm64 401ms (cache revalidated)
491 silly packumentCache full:https://registry.npmjs.org/@esbuild%2ffreebsd-arm64 set size:202383 disposed:false
492 silly fetch manifest cookie@~0.7.1
493 silly packumentCache full:https://registry.npmjs.org/cookie cache-miss
494 http fetch GET 200 https://registry.npmjs.org/depd 195ms (cache revalidated)
495 silly packumentCache full:https://registry.npmjs.org/depd set size:40182 disposed:false
496 silly fetch manifest accepts@~1.3.8
497 silly packumentCache full:https://registry.npmjs.org/accepts cache-miss
498 http fetch GET 200 https://registry.npmjs.org/etag 178ms (cache revalidated)
499 silly packumentCache full:https://registry.npmjs.org/etag set size:30032 disposed:false
500 silly fetch manifest methods@~1.1.2
501 silly packumentCache full:https://registry.npmjs.org/methods cache-miss
502 http fetch GET 200 https://registry.npmjs.org/send 182ms (cache revalidated)
503 silly packumentCache full:https://registry.npmjs.org/send set size:152810 disposed:false
504 silly fetch manifest type-is@~1.6.18
505 silly packumentCache full:https://registry.npmjs.org/type-is cache-miss
506 http fetch GET 200 https://registry.npmjs.org/vary 185ms (cache revalidated)
507 silly packumentCache full:https://registry.npmjs.org/vary set size:15994 disposed:false
508 silly fetch manifest parseurl@~1.3.3
509 silly packumentCache full:https://registry.npmjs.org/parseurl cache-miss
510 http fetch GET 200 https://registry.npmjs.org/fresh 179ms (cache revalidated)
511 silly packumentCache full:https://registry.npmjs.org/fresh set size:25427 disposed:false
512 silly fetch manifest statuses@~2.0.1
513 silly packumentCache full:https://registry.npmjs.org/statuses cache-miss
514 http fetch GET 200 https://registry.npmjs.org/cookie 176ms (cache revalidated)
515 silly packumentCache full:https://registry.npmjs.org/cookie set size:78274 disposed:false
516 silly fetch manifest encodeurl@~2.0.0
517 silly packumentCache full:https://registry.npmjs.org/encodeurl cache-miss
518 http fetch GET 200 https://registry.npmjs.org/@esbuild%2flinux-loong64 597ms (cache revalidated)
519 silly packumentCache full:https://registry.npmjs.org/@esbuild%2flinux-loong64 set size:255749 disposed:false
520 silly fetch manifest proxy-addr@~2.0.7
521 silly packumentCache full:https://registry.npmjs.org/proxy-addr cache-miss
522 http fetch GET 200 https://registry.npmjs.org/accepts 195ms (cache revalidated)
523 silly packumentCache full:https://registry.npmjs.org/accepts set size:77054 disposed:false
524 silly fetch manifest body-parser@~1.20.5
525 silly packumentCache full:https://registry.npmjs.org/body-parser cache-miss
526 http fetch GET 200 https://registry.npmjs.org/methods 207ms (cache revalidated)
527 silly packumentCache full:https://registry.npmjs.org/methods set size:12600 disposed:false
528 silly fetch manifest escape-html@~1.0.3
529 silly packumentCache full:https://registry.npmjs.org/escape-html cache-miss
530 http fetch GET 200 https://registry.npmjs.org/parseurl 184ms (cache revalidated)
531 silly packumentCache full:https://registry.npmjs.org/parseurl set size:24148 disposed:false
532 silly fetch manifest http-errors@~2.0.0
533 silly packumentCache full:https://registry.npmjs.org/http-errors cache-miss
534 http fetch GET 200 https://registry.npmjs.org/type-is 203ms (cache revalidated)
535 silly packumentCache full:https://registry.npmjs.org/type-is set size:88614 disposed:false
536 silly fetch manifest on-finished@~2.4.1
537 silly packumentCache full:https://registry.npmjs.org/on-finished cache-miss
538 http fetch GET 200 https://registry.npmjs.org/statuses 194ms (cache revalidated)
539 silly packumentCache full:https://registry.npmjs.org/statuses set size:37117 disposed:false
540 silly fetch manifest safe-buffer@5.2.1
541 silly packumentCache full:https://registry.npmjs.org/safe-buffer cache-miss
542 http fetch GET 200 https://registry.npmjs.org/encodeurl 193ms (cache revalidated)
543 silly packumentCache full:https://registry.npmjs.org/encodeurl set size:12296 disposed:false
544 silly fetch manifest utils-merge@1.0.1
545 silly packumentCache full:https://registry.npmjs.org/utils-merge cache-miss
546 http fetch GET 200 https://registry.npmjs.org/body-parser 115ms (cache revalidated)
547 silly packumentCache full:https://registry.npmjs.org/body-parser set size:204559 disposed:false
548 silly fetch manifest content-type@~1.0.4
549 silly packumentCache full:https://registry.npmjs.org/content-type cache-miss
550 http fetch GET 200 https://registry.npmjs.org/escape-html 214ms (cache revalidated)
551 silly packumentCache full:https://registry.npmjs.org/escape-html set size:7345 disposed:false
552 silly fetch manifest finalhandler@~1.3.1
553 silly packumentCache full:https://registry.npmjs.org/finalhandler cache-miss
554 http fetch GET 200 https://registry.npmjs.org/on-finished 202ms (cache revalidated)
555 silly packumentCache full:https://registry.npmjs.org/on-finished set size:23212 disposed:false
556 silly fetch manifest range-parser@~1.2.1
557 silly packumentCache full:https://registry.npmjs.org/range-parser cache-miss
558 http fetch GET 200 https://registry.npmjs.org/utils-merge 190ms (cache revalidated)
559 silly packumentCache full:https://registry.npmjs.org/utils-merge set size:5237 disposed:false
560 silly fetch manifest serve-static@~1.16.2
561 silly packumentCache full:https://registry.npmjs.org/serve-static cache-miss
562 http fetch GET 200 https://registry.npmjs.org/safe-buffer 210ms (cache revalidated)
563 silly packumentCache full:https://registry.npmjs.org/safe-buffer set size:41183 disposed:false
564 silly fetch manifest array-flatten@1.1.1
565 silly packumentCache full:https://registry.npmjs.org/array-flatten cache-miss
566 http fetch GET 200 https://registry.npmjs.org/content-type 164ms (cache revalidated)
567 silly packumentCache full:https://registry.npmjs.org/content-type set size:23936 disposed:false
568 silly fetch manifest path-to-regexp@~0.1.12
569 silly packumentCache full:https://registry.npmjs.org/path-to-regexp cache-miss
570 http fetch GET 200 https://registry.npmjs.org/http-errors 255ms (cache revalidated)
571 silly packumentCache full:https://registry.npmjs.org/http-errors set size:71987 disposed:false
572 silly fetch manifest setprototypeof@1.2.0
573 silly packumentCache full:https://registry.npmjs.org/setprototypeof cache-miss
574 http fetch GET 200 https://registry.npmjs.org/proxy-addr 410ms (cache revalidated)
575 silly packumentCache full:https://registry.npmjs.org/proxy-addr set size:61619 disposed:false
576 silly fetch manifest cookie-signature@~1.0.6
577 silly packumentCache full:https://registry.npmjs.org/cookie-signature cache-miss
578 http fetch GET 200 https://registry.npmjs.org/setprototypeof 242ms (cache revalidated)
579 silly packumentCache full:https://registry.npmjs.org/setprototypeof set size:14532 disposed:false
580 silly fetch manifest merge-descriptors@1.0.3
581 silly packumentCache full:https://registry.npmjs.org/merge-descriptors cache-miss
582 http fetch GET 200 https://registry.npmjs.org/serve-static 289ms (cache revalidated)
583 silly packumentCache full:https://registry.npmjs.org/serve-static set size:150391 disposed:false
584 silly fetch manifest content-disposition@~0.5.4
585 silly packumentCache full:https://registry.npmjs.org/content-disposition cache-miss
586 http fetch GET 200 https://registry.npmjs.org/array-flatten 309ms (cache revalidated)
587 silly packumentCache full:https://registry.npmjs.org/array-flatten set size:24005 disposed:false
588 silly fetch manifest lie@~3.3.0
589 silly packumentCache full:https://registry.npmjs.org/lie cache-miss
590 http fetch GET 200 https://registry.npmjs.org/path-to-regexp 312ms (cache revalidated)
591 silly packumentCache full:https://registry.npmjs.org/path-to-regexp set size:216334 disposed:false
592 silly fetch manifest pako@~1.0.2
593 silly packumentCache full:https://registry.npmjs.org/pako cache-miss
594 http fetch GET 200 https://registry.npmjs.org/range-parser 422ms (cache revalidated)
595 silly packumentCache full:https://registry.npmjs.org/range-parser set size:24852 disposed:false
596 silly fetch manifest setimmediate@^1.0.5
597 silly packumentCache full:https://registry.npmjs.org/setimmediate cache-miss
598 http fetch GET 200 https://registry.npmjs.org/finalhandler 447ms (cache revalidated)
599 silly packumentCache full:https://registry.npmjs.org/finalhandler set size:79291 disposed:false
600 silly fetch manifest readable-stream@~2.3.6
601 silly packumentCache full:https://registry.npmjs.org/readable-stream cache-miss
602 http fetch GET 200 https://registry.npmjs.org/cookie-signature 391ms (cache revalidated)
603 silly packumentCache full:https://registry.npmjs.org/cookie-signature set size:21777 disposed:false
604 silly fetch manifest tslib@^2.4.0
605 silly packumentCache full:https://registry.npmjs.org/tslib cache-hit
606 silly fetch manifest framer-motion@^12.43.0
607 silly packumentCache full:https://registry.npmjs.org/framer-motion cache-miss
608 http fetch GET 200 https://registry.npmjs.org/merge-descriptors 258ms (cache revalidated)
609 silly packumentCache full:https://registry.npmjs.org/merge-descriptors set size:16527 disposed:false
610 silly fetch manifest scheduler@^0.27.0
611 silly packumentCache full:https://registry.npmjs.org/scheduler cache-miss
612 http fetch GET 200 https://registry.npmjs.org/content-disposition 243ms (cache revalidated)
613 silly packumentCache full:https://registry.npmjs.org/content-disposition set size:45446 disposed:false
614 silly fetch manifest esbuild@~0.28.0
615 silly packumentCache full:https://registry.npmjs.org/esbuild cache-miss
616 http fetch GET 200 https://registry.npmjs.org/pako 187ms (cache revalidated)
617 silly packumentCache full:https://registry.npmjs.org/pako set size:82149 disposed:false
618 http fetch GET 200 https://registry.npmjs.org/lie 264ms (cache revalidated)
619 silly packumentCache full:https://registry.npmjs.org/lie set size:93874 disposed:false
620 http fetch GET 200 https://registry.npmjs.org/readable-stream 169ms (cache revalidated)
621 silly packumentCache full:https://registry.npmjs.org/readable-stream set size:261096 disposed:false
622 http fetch GET 200 https://registry.npmjs.org/setimmediate 205ms (cache revalidated)
623 silly packumentCache full:https://registry.npmjs.org/setimmediate set size:17282 disposed:false
624 http cache https://registry.npmjs.org/esbuild 95ms (cache hit)
625 silly packumentCache full:https://registry.npmjs.org/esbuild set size:1264676 disposed:false
626 http fetch GET 200 https://registry.npmjs.org/scheduler 242ms (cache revalidated)
627 silly packumentCache full:https://registry.npmjs.org/scheduler set size:5699211 disposed:false
628 http fetch GET 200 https://registry.npmjs.org/framer-motion 679ms (cache revalidated)
629 silly packumentCache full:https://registry.npmjs.org/framer-motion set size:10053309 disposed:false
630 silly placeDep ROOT @ionic/cli-framework-output@2.2.8 OK for: @capacitor/cli@8.5.0 want: ^2.2.8
631 silly placeDep ROOT @ionic/utils-subprocess@3.0.1 OK for: @capacitor/cli@8.5.0 want: ^3.0.1
632 silly placeDep ROOT @ionic/utils-terminal@2.3.5 OK for: @capacitor/cli@8.5.0 want: ^2.3.5
633 silly placeDep ROOT commander@12.1.0 OK for: @capacitor/cli@8.5.0 want: ^12.1.0
634 silly placeDep ROOT debug@4.4.3 OK for: @capacitor/cli@8.5.0 want: ^4.4.0
635 silly placeDep ROOT env-paths@2.2.1 OK for: @capacitor/cli@8.5.0 want: ^2.2.0
636 silly placeDep ROOT fs-extra@11.4.0 OK for: @capacitor/cli@8.5.0 want: ^11.2.0
637 silly placeDep ROOT kleur@4.1.5 OK for: @capacitor/cli@8.5.0 want: ^4.1.5
638 silly placeDep ROOT native-run@2.0.3 OK for: @capacitor/cli@8.5.0 want: ^2.0.3
639 silly placeDep ROOT open@8.4.2 OK for: @capacitor/cli@8.5.0 want: ^8.4.0
640 silly placeDep ROOT plist@3.1.1 OK for: @capacitor/cli@8.5.0 want: ^3.1.0
641 silly placeDep ROOT prompts@2.4.2 OK for: @capacitor/cli@8.5.0 want: ^2.4.2
642 silly placeDep ROOT rimraf@6.1.3 OK for: @capacitor/cli@8.5.0 want: ^6.0.1
643 silly placeDep ROOT semver@7.8.5 OK for: @capacitor/cli@8.5.0 want: ^7.6.3
644 silly placeDep ROOT tar@7.5.22 OK for: @capacitor/cli@8.5.0 want: ^7.5.3
645 silly placeDep ROOT tslib@2.8.1 OK for: @capacitor/cli@8.5.0 want: ^2.8.1
646 silly placeDep ROOT xcode@3.0.1 OK for: @capacitor/cli@8.5.0 want: ^3.0.1
647 silly placeDep ROOT xml2js@0.6.2 OK for: @capacitor/cli@8.5.0 want: ^0.6.2
648 silly fetch manifest @ionic/utils-terminal@2.3.5
649 silly packumentCache full:https://registry.npmjs.org/@ionic%2futils-terminal cache-hit
650 silly fetch manifest debug@^4.0.0
651 silly packumentCache full:https://registry.npmjs.org/debug cache-hit
652 silly fetch manifest tslib@^2.0.1
653 silly packumentCache full:https://registry.npmjs.org/tslib cache-hit
654 silly fetch manifest @ionic/utils-array@2.1.6
655 silly packumentCache full:https://registry.npmjs.org/@ionic%2futils-array cache-miss
656 silly fetch manifest @ionic/utils-fs@3.1.7
657 silly packumentCache full:https://registry.npmjs.org/@ionic%2futils-fs cache-miss
658 silly fetch manifest @ionic/utils-process@2.1.12
659 silly packumentCache full:https://registry.npmjs.org/@ionic%2futils-process cache-miss
660 silly fetch manifest @ionic/utils-stream@3.1.7
661 silly packumentCache full:https://registry.npmjs.org/@ionic%2futils-stream cache-miss
662 silly fetch manifest cross-spawn@^7.0.3
663 silly packumentCache full:https://registry.npmjs.org/cross-spawn cache-miss
664 silly fetch manifest @types/slice-ansi@^4.0.0
665 silly packumentCache full:https://registry.npmjs.org/@types%2fslice-ansi cache-miss
666 silly fetch manifest signal-exit@^3.0.3
667 silly packumentCache full:https://registry.npmjs.org/signal-exit cache-miss
668 http fetch GET 200 https://registry.npmjs.org/cross-spawn 170ms (cache revalidated)
669 silly packumentCache full:https://registry.npmjs.org/cross-spawn set size:109066 disposed:false
670 silly fetch manifest slice-ansi@^4.0.0
671 silly packumentCache full:https://registry.npmjs.org/slice-ansi cache-miss
672 http fetch GET 200 https://registry.npmjs.org/signal-exit 244ms (cache revalidated)
673 silly packumentCache full:https://registry.npmjs.org/signal-exit set size:53489 disposed:false
674 silly fetch manifest string-width@^4.1.0
675 silly packumentCache full:https://registry.npmjs.org/string-width cache-miss
676 http fetch GET 200 https://registry.npmjs.org/slice-ansi 113ms (cache revalidated)
677 silly packumentCache full:https://registry.npmjs.org/slice-ansi set size:36418 disposed:false
678 silly fetch manifest strip-ansi@^6.0.0
679 silly packumentCache full:https://registry.npmjs.org/strip-ansi cache-miss
680 http fetch GET 200 https://registry.npmjs.org/string-width 72ms (cache revalidated)
681 silly packumentCache full:https://registry.npmjs.org/string-width set size:72458 disposed:false
682 silly fetch manifest untildify@^4.0.0
683 silly packumentCache full:https://registry.npmjs.org/untildify cache-miss
684 http fetch GET 200 https://registry.npmjs.org/strip-ansi 69ms (cache revalidated)
685 silly packumentCache full:https://registry.npmjs.org/strip-ansi set size:44998 disposed:false
686 silly fetch manifest wrap-ansi@^7.0.0
687 silly packumentCache full:https://registry.npmjs.org/wrap-ansi cache-miss
688 http fetch GET 200 https://registry.npmjs.org/untildify 70ms (cache revalidated)
689 silly packumentCache full:https://registry.npmjs.org/untildify set size:22319 disposed:false
690 silly fetch manifest ms@^2.1.3
691 silly packumentCache full:https://registry.npmjs.org/ms cache-miss
692 http fetch GET 200 https://registry.npmjs.org/@ionic%2futils-array 490ms (cache revalidated)
693 silly packumentCache full:https://registry.npmjs.org/@ionic%2futils-array set size:86082 disposed:false
694 silly fetch manifest graceful-fs@^4.2.0
695 silly packumentCache full:https://registry.npmjs.org/graceful-fs cache-miss
696 http fetch GET 200 https://registry.npmjs.org/@ionic%2futils-stream 503ms (cache revalidated)
697 silly packumentCache full:https://registry.npmjs.org/@ionic%2futils-stream set size:89195 disposed:false
698 silly fetch manifest jsonfile@^6.0.1
699 silly packumentCache full:https://registry.npmjs.org/jsonfile cache-miss
700 http fetch GET 200 https://registry.npmjs.org/@types%2fslice-ansi 510ms (cache revalidated)
701 silly packumentCache full:https://registry.npmjs.org/@types%2fslice-ansi set size:12386 disposed:false
702 silly fetch manifest universalify@^2.0.0
703 silly packumentCache full:https://registry.npmjs.org/universalify cache-miss
704 http fetch GET 200 https://registry.npmjs.org/wrap-ansi 133ms (cache revalidated)
705 silly packumentCache full:https://registry.npmjs.org/wrap-ansi set size:57461 disposed:false
706 silly fetch manifest @ionic/utils-fs@^3.1.7
707 silly packumentCache full:https://registry.npmjs.org/@ionic%2futils-fs cache-miss
708 http fetch GET 200 https://registry.npmjs.org/ms 113ms (cache revalidated)
709 silly packumentCache full:https://registry.npmjs.org/ms set size:92208 disposed:false
710 silly fetch manifest bplist-parser@^0.3.2
711 silly packumentCache full:https://registry.npmjs.org/bplist-parser cache-miss
712 http fetch GET 200 https://registry.npmjs.org/@ionic%2futils-fs 580ms (cache revalidated)
713 silly packumentCache full:https://registry.npmjs.org/@ionic%2futils-fs set size:155283 disposed:false
714 silly fetch manifest elementtree@^0.1.7
715 silly packumentCache full:https://registry.npmjs.org/elementtree cache-miss
716 http cache https://registry.npmjs.org/@ionic%2futils-fs 70ms (cache hit)
717 silly packumentCache full:https://registry.npmjs.org/@ionic%2futils-fs set size:155283 disposed:false
718 silly packumentCache full:https://registry.npmjs.org/@ionic%2futils-fs dispose
719 silly fetch manifest ini@^4.1.1
720 silly packumentCache full:https://registry.npmjs.org/ini cache-miss
721 http fetch GET 200 https://registry.npmjs.org/graceful-fs 150ms (cache revalidated)
722 silly packumentCache full:https://registry.npmjs.org/graceful-fs set size:124285 disposed:false
723 silly fetch manifest split2@^4.2.0
724 silly packumentCache full:https://registry.npmjs.org/split2 cache-miss
725 http fetch GET 200 https://registry.npmjs.org/universalify 154ms (cache revalidated)
726 silly packumentCache full:https://registry.npmjs.org/universalify set size:19431 disposed:false
727 silly fetch manifest through2@^4.0.2
728 silly packumentCache full:https://registry.npmjs.org/through2 cache-miss
729 http fetch GET 200 https://registry.npmjs.org/jsonfile 183ms (cache revalidated)
730 silly packumentCache full:https://registry.npmjs.org/jsonfile set size:53210 disposed:false
731 silly fetch manifest tslib@^2.6.2
732 silly packumentCache full:https://registry.npmjs.org/tslib cache-hit
733 silly fetch manifest yauzl@^2.10.0
734 silly packumentCache full:https://registry.npmjs.org/yauzl cache-miss
735 http fetch GET 200 https://registry.npmjs.org/@ionic%2futils-process 709ms (cache revalidated)
736 silly packumentCache full:https://registry.npmjs.org/@ionic%2futils-process set size:128236 disposed:false
737 silly fetch manifest is-wsl@^2.2.0
738 silly packumentCache full:https://registry.npmjs.org/is-wsl cache-miss
739 http fetch GET 200 https://registry.npmjs.org/bplist-parser 159ms (cache revalidated)
740 silly packumentCache full:https://registry.npmjs.org/bplist-parser set size:21877 disposed:false
741 silly fetch manifest is-docker@^2.1.1
742 silly packumentCache full:https://registry.npmjs.org/is-docker cache-miss
743 http fetch GET 200 https://registry.npmjs.org/ini 129ms (cache revalidated)
744 silly packumentCache full:https://registry.npmjs.org/ini set size:59124 disposed:false
745 silly fetch manifest define-lazy-prop@^2.0.0
746 silly packumentCache full:https://registry.npmjs.org/define-lazy-prop cache-miss
747 http fetch GET 200 https://registry.npmjs.org/split2 141ms (cache revalidated)
748 silly packumentCache full:https://registry.npmjs.org/split2 set size:47438 disposed:false
749 silly fetch manifest base64-js@^1.5.1
750 silly packumentCache full:https://registry.npmjs.org/base64-js cache-miss
751 http fetch GET 200 https://registry.npmjs.org/through2 128ms (cache revalidated)
752 silly packumentCache full:https://registry.npmjs.org/through2 set size:127176 disposed:false
753 silly fetch manifest xmlbuilder@^15.1.1
754 silly packumentCache full:https://registry.npmjs.org/xmlbuilder cache-miss
755 http fetch GET 200 https://registry.npmjs.org/yauzl 154ms (cache revalidated)
756 silly packumentCache full:https://registry.npmjs.org/yauzl set size:114252 disposed:false
757 silly fetch manifest @xmldom/xmldom@^0.9.10
758 silly packumentCache full:https://registry.npmjs.org/@xmldom%2fxmldom cache-miss
759 http fetch GET 200 https://registry.npmjs.org/is-docker 143ms (cache revalidated)
760 silly packumentCache full:https://registry.npmjs.org/is-docker set size:23690 disposed:false
761 silly fetch manifest kleur@^3.0.3
762 silly packumentCache full:https://registry.npmjs.org/kleur cache-hit
763 silly fetch manifest sisteransi@^1.0.5
764 silly packumentCache full:https://registry.npmjs.org/sisteransi cache-miss
765 http fetch GET 200 https://registry.npmjs.org/define-lazy-prop 121ms (cache revalidated)
766 silly packumentCache full:https://registry.npmjs.org/define-lazy-prop set size:9337 disposed:false
767 silly fetch manifest glob@^13.0.3
768 silly packumentCache full:https://registry.npmjs.org/glob cache-miss
769 http fetch GET 200 https://registry.npmjs.org/elementtree 310ms (cache revalidated)
770 silly packumentCache full:https://registry.npmjs.org/elementtree set size:18608 disposed:false
771 silly fetch manifest package-json-from-dist@^1.0.1
772 silly packumentCache full:https://registry.npmjs.org/package-json-from-dist cache-miss
773 http fetch GET 200 https://registry.npmjs.org/is-wsl 192ms (cache revalidated)
774 silly packumentCache full:https://registry.npmjs.org/is-wsl set size:20683 disposed:false
775 silly fetch manifest chownr@^3.0.0
776 silly packumentCache full:https://registry.npmjs.org/chownr cache-miss
777 http fetch GET 200 https://registry.npmjs.org/base64-js 110ms (cache revalidated)
778 silly packumentCache full:https://registry.npmjs.org/base64-js set size:41270 disposed:false
779 silly fetch manifest yallist@^5.0.0
780 silly packumentCache full:https://registry.npmjs.org/yallist cache-miss
781 http fetch GET 200 https://registry.npmjs.org/xmlbuilder 102ms (cache revalidated)
782 silly packumentCache full:https://registry.npmjs.org/xmlbuilder set size:158707 disposed:false
783 silly fetch manifest minipass@^7.1.2
784 silly packumentCache full:https://registry.npmjs.org/minipass cache-miss
785 http fetch GET 200 https://registry.npmjs.org/yallist 125ms (cache revalidated)
786 silly packumentCache full:https://registry.npmjs.org/yallist set size:34610 disposed:false
787 silly fetch manifest minizlib@^3.1.0
788 silly packumentCache full:https://registry.npmjs.org/minizlib cache-miss
789 http fetch GET 200 https://registry.npmjs.org/sisteransi 181ms (cache revalidated)
790 silly packumentCache full:https://registry.npmjs.org/sisteransi set size:25723 disposed:false
791 silly fetch manifest @isaacs/fs-minipass@^4.0.0
792 silly packumentCache full:https://registry.npmjs.org/@isaacs%2ffs-minipass cache-miss
793 http fetch GET 200 https://registry.npmjs.org/package-json-from-dist 160ms (cache revalidated)
794 silly packumentCache full:https://registry.npmjs.org/package-json-from-dist set size:8854 disposed:false
795 silly fetch manifest uuid@^7.0.3
796 silly packumentCache full:https://registry.npmjs.org/uuid cache-miss
797 http fetch GET 200 https://registry.npmjs.org/glob 182ms (cache revalidated)
798 silly packumentCache full:https://registry.npmjs.org/glob set size:469465 disposed:false
799 silly fetch manifest simple-plist@^1.1.0
800 silly packumentCache full:https://registry.npmjs.org/simple-plist cache-miss
801 http fetch GET 200 https://registry.npmjs.org/minipass 155ms (cache revalidated)
802 silly packumentCache full:https://registry.npmjs.org/minipass set size:276925 disposed:false
803 silly fetch manifest sax@>=0.6.0
804 silly packumentCache full:https://registry.npmjs.org/sax cache-miss
805 http fetch GET 200 https://registry.npmjs.org/@xmldom%2fxmldom 255ms (cache revalidated)
806 silly packumentCache full:https://registry.npmjs.org/@xmldom%2fxmldom set size:172247 disposed:false
807 silly fetch manifest xmlbuilder@~11.0.0
808 silly packumentCache full:https://registry.npmjs.org/xmlbuilder cache-hit
809 http fetch GET 200 https://registry.npmjs.org/simple-plist 166ms (cache revalidated)
810 silly packumentCache full:https://registry.npmjs.org/simple-plist set size:46135 disposed:false
811 http fetch GET 200 https://registry.npmjs.org/uuid 210ms (cache revalidated)
812 silly packumentCache full:https://registry.npmjs.org/uuid set size:260936 disposed:false
813 http fetch GET 200 https://registry.npmjs.org/minizlib 253ms (cache revalidated)
814 silly packumentCache full:https://registry.npmjs.org/minizlib set size:62862 disposed:false
815 http fetch GET 200 https://registry.npmjs.org/sax 197ms (cache revalidated)
816 silly packumentCache full:https://registry.npmjs.org/sax set size:92982 disposed:false
817 http fetch GET 200 https://registry.npmjs.org/@isaacs%2ffs-minipass 265ms (cache revalidated)
818 silly packumentCache full:https://registry.npmjs.org/@isaacs%2ffs-minipass set size:7912 disposed:false
819 http fetch GET 200 https://registry.npmjs.org/chownr 418ms (cache revalidated)
820 silly packumentCache full:https://registry.npmjs.org/chownr set size:22157 disposed:false
821 silly fetch manifest bufferutil@^4.0.1
822 silly packumentCache full:https://registry.npmjs.org/bufferutil cache-miss
823 http fetch GET 200 https://registry.npmjs.org/bufferutil 69ms (cache revalidated)
824 silly packumentCache full:https://registry.npmjs.org/bufferutil set size:52668 disposed:false
825 silly fetch manifest utf-8-validate@>=5.0.2
826 silly packumentCache full:https://registry.npmjs.org/utf-8-validate cache-miss
827 http fetch GET 200 https://registry.npmjs.org/utf-8-validate 66ms (cache revalidated)
828 silly packumentCache full:https://registry.npmjs.org/utf-8-validate set size:77012 disposed:false
829 silly placeDep ROOT google-auth-library@10.9.1 OK for: @google/genai@2.18.0 want: ^10.3.0
830 silly placeDep ROOT p-retry@4.6.2 OK for: @google/genai@2.18.0 want: ^4.6.2
831 silly placeDep ROOT protobufjs@7.6.5 OK for: @google/genai@2.18.0 want: ^7.5.4
832 silly placeDep ROOT ws@8.21.3 OK for: @google/genai@2.18.0 want: ^8.18.0
833 silly fetch manifest jws@^4.0.0
834 silly packumentCache full:https://registry.npmjs.org/jws cache-miss
835 silly fetch manifest gaxios@^7.1.4
836 silly packumentCache full:https://registry.npmjs.org/gaxios cache-miss
837 silly fetch manifest base64-js@^1.3.0
838 silly packumentCache full:https://registry.npmjs.org/base64-js cache-hit
839 silly fetch manifest gcp-metadata@8.1.2
840 silly packumentCache full:https://registry.npmjs.org/gcp-metadata cache-miss
841 silly fetch manifest ecdsa-sig-formatter@^1.0.11
842 silly packumentCache full:https://registry.npmjs.org/ecdsa-sig-formatter cache-miss
843 silly fetch manifest google-logging-utils@1.1.3
844 silly packumentCache full:https://registry.npmjs.org/google-logging-utils cache-miss
845 silly fetch manifest retry@^0.13.1
846 silly packumentCache full:https://registry.npmjs.org/retry cache-miss
847 silly fetch manifest @types/retry@0.12.0
848 silly packumentCache full:https://registry.npmjs.org/@types%2fretry cache-miss
849 http fetch GET 200 https://registry.npmjs.org/gaxios 93ms (cache revalidated)
850 silly packumentCache full:https://registry.npmjs.org/gaxios set size:363321 disposed:false
851 silly fetch manifest long@^5.3.2
852 silly packumentCache full:https://registry.npmjs.org/long cache-miss
853 http fetch GET 200 https://registry.npmjs.org/gcp-metadata 134ms (cache revalidated)
854 silly packumentCache full:https://registry.npmjs.org/gcp-metadata set size:210123 disposed:false
855 silly fetch manifest @protobufjs/path@^1.1.2
856 silly packumentCache full:https://registry.npmjs.org/@protobufjs%2fpath cache-miss
857 http fetch GET 200 https://registry.npmjs.org/jws 167ms (cache revalidated)
858 silly packumentCache full:https://registry.npmjs.org/jws set size:48740 disposed:false
859 silly fetch manifest @protobufjs/pool@^1.1.0
860 silly packumentCache full:https://registry.npmjs.org/@protobufjs%2fpool cache-miss
861 http fetch GET 200 https://registry.npmjs.org/ecdsa-sig-formatter 170ms (cache revalidated)
862 silly packumentCache full:https://registry.npmjs.org/ecdsa-sig-formatter set size:23546 disposed:false
863 silly fetch manifest @protobufjs/utf8@^1.1.1
864 silly packumentCache full:https://registry.npmjs.org/@protobufjs%2futf8 cache-miss
865 http fetch GET 200 https://registry.npmjs.org/retry 175ms (cache revalidated)
866 silly packumentCache full:https://registry.npmjs.org/retry set size:31161 disposed:false
867 silly fetch manifest @protobufjs/fetch@^1.1.1
868 silly packumentCache full:https://registry.npmjs.org/@protobufjs%2ffetch cache-miss
869 http fetch GET 200 https://registry.npmjs.org/@types%2fretry 177ms (cache revalidated)
870 silly packumentCache full:https://registry.npmjs.org/@types%2fretry set size:17008 disposed:false
871 silly fetch manifest @protobufjs/float@^1.0.2
872 silly packumentCache full:https://registry.npmjs.org/@protobufjs%2ffloat cache-miss
873 http fetch GET 200 https://registry.npmjs.org/long 148ms (cache revalidated)
874 silly packumentCache full:https://registry.npmjs.org/long set size:80704 disposed:false
875 silly fetch manifest @protobufjs/base64@^1.1.2
876 silly packumentCache full:https://registry.npmjs.org/@protobufjs%2fbase64 cache-miss
877 http fetch GET 200 https://registry.npmjs.org/@protobufjs%2fpool 125ms (cache revalidated)
878 silly packumentCache full:https://registry.npmjs.org/@protobufjs%2fpool set size:10727 disposed:false
879 silly fetch manifest @protobufjs/codegen@^2.0.5
880 silly packumentCache full:https://registry.npmjs.org/@protobufjs%2fcodegen cache-miss
881 http fetch GET 200 https://registry.npmjs.org/@protobufjs%2fpath 151ms (cache revalidated)
882 silly packumentCache full:https://registry.npmjs.org/@protobufjs%2fpath set size:10241 disposed:false
883 silly fetch manifest @protobufjs/aspromise@^1.1.2
884 silly packumentCache full:https://registry.npmjs.org/@protobufjs%2faspromise cache-miss
885 http fetch GET 200 https://registry.npmjs.org/@protobufjs%2ffloat 118ms (cache revalidated)
886 silly packumentCache full:https://registry.npmjs.org/@protobufjs%2ffloat set size:9957 disposed:false
887 silly fetch manifest @protobufjs/eventemitter@^1.1.1
888 silly packumentCache full:https://registry.npmjs.org/@protobufjs%2feventemitter cache-miss
889 http fetch GET 200 https://registry.npmjs.org/@protobufjs%2ffetch 148ms (cache revalidated)
890 silly packumentCache full:https://registry.npmjs.org/@protobufjs%2ffetch set size:12023 disposed:false
891 http fetch GET 200 https://registry.npmjs.org/@protobufjs%2futf8 167ms (cache revalidated)
892 silly packumentCache full:https://registry.npmjs.org/@protobufjs%2futf8 set size:17318 disposed:false
893 http fetch GET 200 https://registry.npmjs.org/google-logging-utils 371ms (cache revalidated)
894 silly packumentCache full:https://registry.npmjs.org/google-logging-utils set size:31146 disposed:false
895 http fetch GET 200 https://registry.npmjs.org/@protobufjs%2fbase64 124ms (cache revalidated)
896 silly packumentCache full:https://registry.npmjs.org/@protobufjs%2fbase64 set size:14176 disposed:false
897 http fetch GET 200 https://registry.npmjs.org/@protobufjs%2faspromise 112ms (cache revalidated)
898 silly packumentCache full:https://registry.npmjs.org/@protobufjs%2faspromise set size:11438 disposed:false
899 http fetch GET 200 https://registry.npmjs.org/@protobufjs%2feventemitter 118ms (cache revalidated)
900 silly packumentCache full:https://registry.npmjs.org/@protobufjs%2feventemitter set size:13173 disposed:false
901 http fetch GET 200 https://registry.npmjs.org/@protobufjs%2fcodegen 136ms (cache revalidated)
902 silly packumentCache full:https://registry.npmjs.org/@protobufjs%2fcodegen set size:23820 disposed:false
903 silly placeDep ROOT @ionic/utils-array@2.1.6 OK for: @ionic/utils-subprocess@3.0.1 want: 2.1.6
904 silly placeDep ROOT @ionic/utils-fs@3.1.7 OK for: @ionic/utils-subprocess@3.0.1 want: 3.1.7
905 silly placeDep ROOT @ionic/utils-process@2.1.12 OK for: @ionic/utils-subprocess@3.0.1 want: 2.1.12
906 silly placeDep ROOT @ionic/utils-stream@3.1.7 OK for: @ionic/utils-subprocess@3.0.1 want: 3.1.7
907 silly placeDep ROOT cross-spawn@7.0.6 OK for: @ionic/utils-subprocess@3.0.1 want: ^7.0.3
908 silly fetch manifest @types/fs-extra@^8.0.0
909 silly packumentCache full:https://registry.npmjs.org/@types%2ffs-extra cache-miss
910 silly fetch manifest fs-extra@^9.0.0
911 silly packumentCache full:https://registry.npmjs.org/fs-extra cache-hit
912 silly fetch manifest @ionic/utils-object@2.1.6
913 silly packumentCache full:https://registry.npmjs.org/@ionic%2futils-object cache-miss
914 silly fetch manifest tree-kill@^1.2.2
915 silly packumentCache full:https://registry.npmjs.org/tree-kill cache-miss
916 silly fetch manifest which@^2.0.1
917 silly packumentCache full:https://registry.npmjs.org/which cache-miss
918 silly fetch manifest path-key@^3.1.0
919 silly packumentCache full:https://registry.npmjs.org/path-key cache-miss
920 silly fetch manifest shebang-command@^2.0.0
921 silly packumentCache full:https://registry.npmjs.org/shebang-command cache-miss
922 http fetch GET 200 https://registry.npmjs.org/@types%2ffs-extra 116ms (cache revalidated)
923 silly packumentCache full:https://registry.npmjs.org/@types%2ffs-extra set size:159323 disposed:false
924 http fetch GET 200 https://registry.npmjs.org/which 136ms (cache revalidated)
925 silly packumentCache full:https://registry.npmjs.org/which set size:70087 disposed:false
926 http fetch GET 200 https://registry.npmjs.org/shebang-command 138ms (cache revalidated)
927 silly packumentCache full:https://registry.npmjs.org/shebang-command set size:8525 disposed:false
928 http fetch GET 200 https://registry.npmjs.org/path-key 147ms (cache revalidated)
929 silly packumentCache full:https://registry.npmjs.org/path-key set size:16975 disposed:false
930 http fetch GET 200 https://registry.npmjs.org/tree-kill 346ms (cache revalidated)
931 silly packumentCache full:https://registry.npmjs.org/tree-kill set size:24180 disposed:false
932 http fetch GET 200 https://registry.npmjs.org/@ionic%2futils-object 533ms (cache revalidated)
933 silly packumentCache full:https://registry.npmjs.org/@ionic%2futils-object set size:82526 disposed:false
934 silly placeDep ROOT @types/fs-extra@8.1.5 OK for: @ionic/utils-fs@3.1.7 want: ^8.0.0
935 silly placeDep node_modules/@ionic/utils-fs fs-extra@9.1.0 OK for: @ionic/utils-fs@3.1.7 want: ^9.0.0
936 silly fetch manifest at-least-node@^1.0.0
937 silly packumentCache full:https://registry.npmjs.org/at-least-node cache-miss
938 http fetch GET 200 https://registry.npmjs.org/at-least-node 85ms (cache revalidated)
939 silly packumentCache full:https://registry.npmjs.org/at-least-node set size:4075 disposed:false
940 silly placeDep ROOT @ionic/utils-object@2.1.6 OK for: @ionic/utils-process@2.1.12 want: 2.1.6
941 silly placeDep ROOT signal-exit@3.0.7 OK for: @ionic/utils-process@2.1.12 want: ^3.0.3
942 silly placeDep ROOT tree-kill@1.2.2 OK for: @ionic/utils-process@2.1.12 want: ^1.2.2
943 silly placeDep ROOT @types/slice-ansi@4.0.0 OK for: @ionic/utils-terminal@2.3.5 want: ^4.0.0
944 silly placeDep ROOT slice-ansi@4.0.0 OK for: @ionic/utils-terminal@2.3.5 want: ^4.0.0
945 silly placeDep ROOT string-width@4.2.3 OK for: @ionic/utils-terminal@2.3.5 want: ^4.1.0
946 silly placeDep ROOT strip-ansi@6.0.1 OK for: @ionic/utils-terminal@2.3.5 want: ^6.0.0
947 silly placeDep ROOT untildify@4.0.0 OK for: @ionic/utils-terminal@2.3.5 want: ^4.0.0
948 silly placeDep ROOT wrap-ansi@7.0.0 OK for: @ionic/utils-terminal@2.3.5 want: ^7.0.0
949 silly fetch manifest ansi-styles@^4.0.0
950 silly packumentCache full:https://registry.npmjs.org/ansi-styles cache-miss
951 silly fetch manifest astral-regex@^2.0.0
952 silly packumentCache full:https://registry.npmjs.org/astral-regex cache-miss
953 silly fetch manifest is-fullwidth-code-point@^3.0.0
954 silly packumentCache full:https://registry.npmjs.org/is-fullwidth-code-point cache-miss
955 silly fetch manifest strip-ansi@^6.0.1
956 silly packumentCache full:https://registry.npmjs.org/strip-ansi cache-hit
957 silly fetch manifest emoji-regex@^8.0.0
958 silly packumentCache full:https://registry.npmjs.org/emoji-regex cache-miss
959 silly fetch manifest is-fullwidth-code-point@^3.0.0
960 silly packumentCache full:https://registry.npmjs.org/is-fullwidth-code-point cache-miss
961 silly fetch manifest ansi-regex@^5.0.1
962 silly packumentCache full:https://registry.npmjs.org/ansi-regex cache-miss
963 silly fetch manifest ansi-styles@^4.0.0
964 silly packumentCache full:https://registry.npmjs.org/ansi-styles cache-miss
965 http fetch GET 200 https://registry.npmjs.org/is-fullwidth-code-point 164ms (cache revalidated)
966 silly packumentCache full:https://registry.npmjs.org/is-fullwidth-code-point set size:14578 disposed:false
967 http fetch GET 200 https://registry.npmjs.org/ansi-styles 175ms (cache revalidated)
968 silly packumentCache full:https://registry.npmjs.org/ansi-styles set size:71772 disposed:false
969 http fetch GET 200 https://registry.npmjs.org/is-fullwidth-code-point 203ms (cache revalidated)
970 silly packumentCache full:https://registry.npmjs.org/is-fullwidth-code-point set size:14578 disposed:false
971 silly packumentCache full:https://registry.npmjs.org/is-fullwidth-code-point dispose
972 http fetch GET 200 https://registry.npmjs.org/ansi-styles 201ms (cache revalidated)
973 silly packumentCache full:https://registry.npmjs.org/ansi-styles set size:71772 disposed:false
974 silly packumentCache full:https://registry.npmjs.org/ansi-styles dispose
975 http fetch GET 200 https://registry.npmjs.org/astral-regex 223ms (cache revalidated)
976 silly packumentCache full:https://registry.npmjs.org/astral-regex set size:5602 disposed:false
977 http fetch GET 200 https://registry.npmjs.org/emoji-regex 229ms (cache revalidated)
978 silly packumentCache full:https://registry.npmjs.org/emoji-regex set size:89064 disposed:false
979 http fetch GET 200 https://registry.npmjs.org/ansi-regex 239ms (cache revalidated)
980 silly packumentCache full:https://registry.npmjs.org/ansi-regex set size:48203 disposed:false
981 silly placeDep ROOT @tailwindcss/node@4.3.3 OK for: @tailwindcss/vite@4.3.3 want: 4.3.3
982 silly placeDep ROOT @tailwindcss/oxide@4.3.3 OK for: @tailwindcss/vite@4.3.3 want: 4.3.3
983 silly fetch manifest jiti@^2.7.0
984 silly packumentCache full:https://registry.npmjs.org/jiti cache-hit
985 silly fetch manifest lightningcss@1.32.0
986 silly packumentCache full:https://registry.npmjs.org/lightningcss cache-hit
987 silly fetch manifest magic-string@^0.30.21
988 silly packumentCache full:https://registry.npmjs.org/magic-string cache-miss
989 silly fetch manifest enhanced-resolve@^5.24.1
990 silly packumentCache full:https://registry.npmjs.org/enhanced-resolve cache-miss
991 silly fetch manifest @jridgewell/remapping@^2.3.5
992 silly packumentCache full:https://registry.npmjs.org/@jridgewell%2fremapping cache-miss
993 silly fetch manifest @tailwindcss/oxide-darwin-x64@4.3.3
994 silly packumentCache full:https://registry.npmjs.org/@tailwindcss%2foxide-darwin-x64 cache-miss
995 silly fetch manifest @tailwindcss/oxide-freebsd-x64@4.3.3
996 silly packumentCache full:https://registry.npmjs.org/@tailwindcss%2foxide-freebsd-x64 cache-miss
997 silly fetch manifest @tailwindcss/oxide-wasm32-wasi@4.3.3
998 silly packumentCache full:https://registry.npmjs.org/@tailwindcss%2foxide-wasm32-wasi cache-miss
999 silly fetch manifest @tailwindcss/oxide-darwin-arm64@4.3.3
1000 silly packumentCache full:https://registry.npmjs.org/@tailwindcss%2foxide-darwin-arm64 cache-miss
1001 http fetch GET 200 https://registry.npmjs.org/enhanced-resolve 176ms (cache revalidated)
1002 silly packumentCache full:https://registry.npmjs.org/enhanced-resolve set size:482889 disposed:false
1003 silly fetch manifest @tailwindcss/oxide-android-arm64@4.3.3
1004 silly packumentCache full:https://registry.npmjs.org/@tailwindcss%2foxide-android-arm64 cache-miss
1005 http fetch GET 200 https://registry.npmjs.org/magic-string 212ms (cache revalidated)
1006 silly packumentCache full:https://registry.npmjs.org/magic-string set size:349634 disposed:false
1007 silly fetch manifest @tailwindcss/oxide-linux-x64-gnu@4.3.3
1008 silly packumentCache full:https://registry.npmjs.org/@tailwindcss%2foxide-linux-x64-gnu cache-miss
1009 http fetch GET 200 https://registry.npmjs.org/@jridgewell%2fremapping 249ms (cache revalidated)
1010 silly packumentCache full:https://registry.npmjs.org/@jridgewell%2fremapping set size:23809 disposed:false
1011 silly fetch manifest @tailwindcss/oxide-linux-x64-musl@4.3.3
1012 silly packumentCache full:https://registry.npmjs.org/@tailwindcss%2foxide-linux-x64-musl cache-miss
1013 http fetch GET 200 https://registry.npmjs.org/@tailwindcss%2foxide-darwin-x64 288ms (cache revalidated)
1014 silly packumentCache full:https://registry.npmjs.org/@tailwindcss%2foxide-darwin-x64 set size:2975821 disposed:false
1015 silly fetch manifest @tailwindcss/oxide-win32-x64-msvc@4.3.3
1016 silly packumentCache full:https://registry.npmjs.org/@tailwindcss%2foxide-win32-x64-msvc cache-miss
1017 http fetch GET 200 https://registry.npmjs.org/@tailwindcss%2foxide-wasm32-wasi 395ms (cache revalidated)
1018 silly packumentCache full:https://registry.npmjs.org/@tailwindcss%2foxide-wasm32-wasi set size:1592948 disposed:false
1019 silly fetch manifest @tailwindcss/oxide-linux-arm64-gnu@4.3.3
1020 silly packumentCache full:https://registry.npmjs.org/@tailwindcss%2foxide-linux-arm64-gnu cache-miss
1021 http fetch GET 200 https://registry.npmjs.org/@tailwindcss%2foxide-darwin-arm64 498ms (cache revalidated)
1022 silly packumentCache full:https://registry.npmjs.org/@tailwindcss%2foxide-darwin-arm64 set size:3012079 disposed:false
1023 silly fetch manifest @tailwindcss/oxide-linux-arm64-musl@4.3.3
1024 silly packumentCache full:https://registry.npmjs.org/@tailwindcss%2foxide-linux-arm64-musl cache-miss
1025 http fetch GET 200 https://registry.npmjs.org/@tailwindcss%2foxide-freebsd-x64 691ms (cache revalidated)
1026 silly packumentCache full:https://registry.npmjs.org/@tailwindcss%2foxide-freebsd-x64 set size:2990990 disposed:false
1027 silly fetch manifest @tailwindcss/oxide-win32-arm64-msvc@4.3.3
1028 silly packumentCache full:https://registry.npmjs.org/@tailwindcss%2foxide-win32-arm64-msvc cache-miss
1029 http fetch GET 200 https://registry.npmjs.org/@tailwindcss%2foxide-linux-x64-musl 778ms (cache revalidated)
1030 silly packumentCache full:https://registry.npmjs.org/@tailwindcss%2foxide-linux-x64-musl set size:3046621 disposed:false
1031 silly fetch manifest @tailwindcss/oxide-linux-arm-gnueabihf@4.3.3
1032 silly packumentCache full:https://registry.npmjs.org/@tailwindcss%2foxide-linux-arm-gnueabihf cache-miss
1033 http fetch GET 200 https://registry.npmjs.org/@tailwindcss%2foxide-linux-arm64-gnu 669ms (cache revalidated)
1034 silly packumentCache full:https://registry.npmjs.org/@tailwindcss%2foxide-linux-arm64-gnu set size:3064705 disposed:false
1035 http fetch GET 200 https://registry.npmjs.org/@tailwindcss%2foxide-android-arm64 1071ms (cache revalidated)
1036 silly packumentCache full:https://registry.npmjs.org/@tailwindcss%2foxide-android-arm64 set size:2153161 disposed:false
1037 http fetch GET 200 https://registry.npmjs.org/@tailwindcss%2foxide-linux-x64-gnu 1132ms (cache revalidated)
1038 silly packumentCache full:https://registry.npmjs.org/@tailwindcss%2foxide-linux-x64-gnu set size:3037338 disposed:false
1039 http fetch GET 200 https://registry.npmjs.org/@tailwindcss%2foxide-linux-arm64-musl 804ms (cache revalidated)
1040 silly packumentCache full:https://registry.npmjs.org/@tailwindcss%2foxide-linux-arm64-musl set size:3076242 disposed:false
1041 http fetch GET 200 https://registry.npmjs.org/@tailwindcss%2foxide-win32-x64-msvc 1205ms (cache revalidated)
1042 silly packumentCache full:https://registry.npmjs.org/@tailwindcss%2foxide-win32-x64-msvc set size:3018784 disposed:false
1043 http fetch GET 200 https://registry.npmjs.org/@tailwindcss%2foxide-win32-arm64-msvc 990ms (cache revalidated)
1044 silly packumentCache full:https://registry.npmjs.org/@tailwindcss%2foxide-win32-arm64-msvc set size:2130381 disposed:false
1045 http fetch GET 200 https://registry.npmjs.org/@tailwindcss%2foxide-linux-arm-gnueabihf 863ms (cache revalidated)
1046 silly packumentCache full:https://registry.npmjs.org/@tailwindcss%2foxide-linux-arm-gnueabihf set size:3090937 disposed:false
1047 silly placeDep ROOT @jridgewell/remapping@2.3.5 OK for: @tailwindcss/node@4.3.3 want: ^2.3.5
1048 silly placeDep ROOT enhanced-resolve@5.24.5 OK for: @tailwindcss/node@4.3.3 want: ^5.24.1
1049 silly placeDep ROOT jiti@2.7.0 OK for: @tailwindcss/node@4.3.3 want: ^2.7.0
1050 silly placeDep ROOT lightningcss@1.32.0 OK for: @tailwindcss/node@4.3.3 want: 1.32.0
1051 silly placeDep ROOT magic-string@0.30.21 OK for: @tailwindcss/node@4.3.3 want: ^0.30.21
1052 silly placeDep ROOT source-map-js@1.2.1 OK for: @tailwindcss/node@4.3.3 want: ^1.2.1
1053 silly fetch manifest @jridgewell/gen-mapping@^0.3.5
1054 silly packumentCache full:https://registry.npmjs.org/@jridgewell%2fgen-mapping cache-miss
1055 silly fetch manifest @jridgewell/trace-mapping@^0.3.24
1056 silly packumentCache full:https://registry.npmjs.org/@jridgewell%2ftrace-mapping cache-miss
1057 silly fetch manifest tapable@^2.3.3
1058 silly packumentCache full:https://registry.npmjs.org/tapable cache-miss
1059 silly fetch manifest graceful-fs@^4.2.4
1060 silly packumentCache full:https://registry.npmjs.org/graceful-fs cache-hit
1061 silly fetch manifest detect-libc@^2.0.3
1062 silly packumentCache full:https://registry.npmjs.org/detect-libc cache-miss
1063 silly fetch manifest lightningcss-darwin-x64@1.32.0
1064 silly packumentCache full:https://registry.npmjs.org/lightningcss-darwin-x64 cache-miss
1065 silly fetch manifest lightningcss-freebsd-x64@1.32.0
1066 silly packumentCache full:https://registry.npmjs.org/lightningcss-freebsd-x64 cache-miss
1067 silly fetch manifest lightningcss-darwin-arm64@1.32.0
1068 silly packumentCache full:https://registry.npmjs.org/lightningcss-darwin-arm64 cache-miss
1069 http fetch GET 200 https://registry.npmjs.org/detect-libc 136ms (cache revalidated)
1070 silly packumentCache full:https://registry.npmjs.org/detect-libc set size:47861 disposed:false
1071 silly fetch manifest lightningcss-android-arm64@1.32.0
1072 silly packumentCache full:https://registry.npmjs.org/lightningcss-android-arm64 cache-miss
1073 http fetch GET 200 https://registry.npmjs.org/tapable 151ms (cache revalidated)
1074 silly packumentCache full:https://registry.npmjs.org/tapable set size:141233 disposed:false
1075 silly fetch manifest lightningcss-linux-x64-gnu@1.32.0
1076 silly packumentCache full:https://registry.npmjs.org/lightningcss-linux-x64-gnu cache-miss
1077 http fetch GET 200 https://registry.npmjs.org/lightningcss-darwin-x64 189ms (cache revalidated)
1078 silly packumentCache full:https://registry.npmjs.org/lightningcss-darwin-x64 set size:80374 disposed:false
1079 silly fetch manifest lightningcss-linux-x64-musl@1.32.0
1080 silly packumentCache full:https://registry.npmjs.org/lightningcss-linux-x64-musl cache-miss
1081 http fetch GET 200 https://registry.npmjs.org/@jridgewell%2fgen-mapping 207ms (cache revalidated)
1082 silly packumentCache full:https://registry.npmjs.org/@jridgewell%2fgen-mapping set size:75941 disposed:false
1083 silly fetch manifest lightningcss-win32-x64-msvc@1.32.0
1084 silly packumentCache full:https://registry.npmjs.org/lightningcss-win32-x64-msvc cache-miss
1085 http fetch GET 200 https://registry.npmjs.org/lightningcss-freebsd-x64 210ms (cache revalidated)
1086 silly packumentCache full:https://registry.npmjs.org/lightningcss-freebsd-x64 set size:44564 disposed:false
1087 silly fetch manifest lightningcss-linux-arm64-gnu@1.32.0
1088 silly packumentCache full:https://registry.npmjs.org/lightningcss-linux-arm64-gnu cache-miss
1089 http fetch GET 200 https://registry.npmjs.org/@jridgewell%2ftrace-mapping 227ms (cache revalidated)
1090 silly packumentCache full:https://registry.npmjs.org/@jridgewell%2ftrace-mapping set size:170909 disposed:false
1091 silly fetch manifest lightningcss-linux-arm64-musl@1.32.0
1092 silly packumentCache full:https://registry.npmjs.org/lightningcss-linux-arm64-musl cache-miss
1093 http fetch GET 200 https://registry.npmjs.org/lightningcss-darwin-arm64 231ms (cache revalidated)
1094 silly packumentCache full:https://registry.npmjs.org/lightningcss-darwin-arm64 set size:80970 disposed:false
1095 silly fetch manifest lightningcss-win32-arm64-msvc@1.32.0
1096 silly packumentCache full:https://registry.npmjs.org/lightningcss-win32-arm64-msvc cache-miss
1097 http fetch GET 200 https://registry.npmjs.org/lightningcss-android-arm64 180ms (cache revalidated)
1098 silly packumentCache full:https://registry.npmjs.org/lightningcss-android-arm64 set size:9371 disposed:false
1099 silly fetch manifest lightningcss-linux-arm-gnueabihf@1.32.0
1100 silly packumentCache full:https://registry.npmjs.org/lightningcss-linux-arm-gnueabihf cache-miss
1101 http fetch GET 200 https://registry.npmjs.org/lightningcss-linux-x64-gnu 170ms (cache revalidated)
1102 silly packumentCache full:https://registry.npmjs.org/lightningcss-linux-x64-gnu set size:81819 disposed:false
1103 silly fetch manifest @jridgewell/sourcemap-codec@^1.5.5
1104 silly packumentCache full:https://registry.npmjs.org/@jridgewell%2fsourcemap-codec cache-miss
1105 http fetch GET 200 https://registry.npmjs.org/lightningcss-win32-x64-msvc 154ms (cache revalidated)
1106 silly packumentCache full:https://registry.npmjs.org/lightningcss-win32-x64-msvc set size:81347 disposed:false
1107 http fetch GET 200 https://registry.npmjs.org/lightningcss-linux-arm64-gnu 152ms (cache revalidated)
1108 silly packumentCache full:https://registry.npmjs.org/lightningcss-linux-arm64-gnu set size:82397 disposed:false
1109 http fetch GET 200 https://registry.npmjs.org/lightningcss-linux-arm64-musl 142ms (cache revalidated)
1110 silly packumentCache full:https://registry.npmjs.org/lightningcss-linux-arm64-musl set size:82617 disposed:false
1111 http fetch GET 200 https://registry.npmjs.org/lightningcss-linux-x64-musl 188ms (cache revalidated)
1112 silly packumentCache full:https://registry.npmjs.org/lightningcss-linux-x64-musl set size:82032 disposed:false
1113 http fetch GET 200 https://registry.npmjs.org/lightningcss-win32-arm64-msvc 163ms (cache revalidated)
1114 silly packumentCache full:https://registry.npmjs.org/lightningcss-win32-arm64-msvc set size:28346 disposed:false
1115 http fetch GET 200 https://registry.npmjs.org/lightningcss-linux-arm-gnueabihf 149ms (cache revalidated)
1116 silly packumentCache full:https://registry.npmjs.org/lightningcss-linux-arm-gnueabihf set size:82635 disposed:false
1117 http fetch GET 200 https://registry.npmjs.org/@jridgewell%2fsourcemap-codec 254ms (cache revalidated)
1118 silly packumentCache full:https://registry.npmjs.org/@jridgewell%2fsourcemap-codec set size:51856 disposed:false
1119 silly placeDep ROOT @jridgewell/gen-mapping@0.3.13 OK for: @jridgewell/remapping@2.3.5 want: ^0.3.5
1120 silly placeDep ROOT @jridgewell/trace-mapping@0.3.31 OK for: @jridgewell/remapping@2.3.5 want: ^0.3.24
1121 silly fetch manifest @jridgewell/sourcemap-codec@^1.5.0
1122 silly packumentCache full:https://registry.npmjs.org/@jridgewell%2fsourcemap-codec cache-hit
1123 silly fetch manifest @jridgewell/resolve-uri@^3.1.0
1124 silly packumentCache full:https://registry.npmjs.org/@jridgewell%2fresolve-uri cache-miss
1125 silly fetch manifest @jridgewell/sourcemap-codec@^1.4.14
1126 silly packumentCache full:https://registry.npmjs.org/@jridgewell%2fsourcemap-codec cache-hit
1127 http fetch GET 200 https://registry.npmjs.org/@jridgewell%2fresolve-uri 163ms (cache revalidated)
1128 silly packumentCache full:https://registry.npmjs.org/@jridgewell%2fresolve-uri set size:57361 disposed:false
1129 silly placeDep ROOT @jridgewell/sourcemap-codec@1.5.5 OK for: @jridgewell/gen-mapping@0.3.13 want: ^1.5.0
1130 silly placeDep ROOT @jridgewell/resolve-uri@3.1.2 OK for: @jridgewell/trace-mapping@0.3.31 want: ^3.1.0
1131 silly placeDep ROOT @tailwindcss/oxide-android-arm64@4.3.3 OK for: @tailwindcss/oxide@4.3.3 want: 4.3.3
1132 silly placeDep ROOT @tailwindcss/oxide-darwin-arm64@4.3.3 OK for: @tailwindcss/oxide@4.3.3 want: 4.3.3
1133 silly placeDep ROOT @tailwindcss/oxide-darwin-x64@4.3.3 OK for: @tailwindcss/oxide@4.3.3 want: 4.3.3
1134 silly placeDep ROOT @tailwindcss/oxide-freebsd-x64@4.3.3 OK for: @tailwindcss/oxide@4.3.3 want: 4.3.3
1135 silly placeDep ROOT @tailwindcss/oxide-linux-arm-gnueabihf@4.3.3 OK for: @tailwindcss/oxide@4.3.3 want: 4.3.3
1136 silly placeDep ROOT @tailwindcss/oxide-linux-arm64-gnu@4.3.3 OK for: @tailwindcss/oxide@4.3.3 want: 4.3.3
1137 silly placeDep ROOT @tailwindcss/oxide-linux-arm64-musl@4.3.3 OK for: @tailwindcss/oxide@4.3.3 want: 4.3.3
1138 silly placeDep ROOT @tailwindcss/oxide-linux-x64-gnu@4.3.3 OK for: @tailwindcss/oxide@4.3.3 want: 4.3.3
1139 silly placeDep ROOT @tailwindcss/oxide-linux-x64-musl@4.3.3 OK for: @tailwindcss/oxide@4.3.3 want: 4.3.3
1140 silly placeDep ROOT @tailwindcss/oxide-wasm32-wasi@4.3.3 OK for: @tailwindcss/oxide@4.3.3 want: 4.3.3
1141 silly placeDep ROOT @tailwindcss/oxide-win32-arm64-msvc@4.3.3 OK for: @tailwindcss/oxide@4.3.3 want: 4.3.3
1142 silly placeDep ROOT @tailwindcss/oxide-win32-x64-msvc@4.3.3 OK for: @tailwindcss/oxide@4.3.3 want: 4.3.3
1143 silly placeDep ROOT @types/body-parser@1.19.6 OK for: @types/express@4.17.25 want: *
1144 silly placeDep ROOT @types/express-serve-static-core@4.19.9 OK for: @types/express@4.17.25 want: ^4.17.33
1145 silly placeDep ROOT @types/qs@6.15.1 OK for: @types/express@4.17.25 want: *
1146 silly placeDep ROOT @types/serve-static@1.15.10 OK for: @types/express@4.17.25 want: ^1
1147 silly fetch manifest @types/connect@*
1148 silly packumentCache full:https://registry.npmjs.org/@types%2fconnect cache-miss
1149 silly fetch manifest @types/send@*
1150 silly packumentCache full:https://registry.npmjs.org/@types%2fsend cache-miss
1151 silly fetch manifest @types/range-parser@*
1152 silly packumentCache full:https://registry.npmjs.org/@types%2frange-parser cache-miss
1153 silly fetch manifest @types/send@<1
1154 silly packumentCache full:https://registry.npmjs.org/@types%2fsend cache-miss
1155 silly fetch manifest @types/http-errors@*
1156 silly packumentCache full:https://registry.npmjs.org/@types%2fhttp-errors cache-miss
1157 http fetch GET 200 https://registry.npmjs.org/@types%2fsend 111ms (cache revalidated)
1158 silly packumentCache full:https://registry.npmjs.org/@types%2fsend set size:29985 disposed:false
1159 http fetch GET 200 https://registry.npmjs.org/@types%2fsend 115ms (cache revalidated)
1160 silly packumentCache full:https://registry.npmjs.org/@types%2fsend set size:29985 disposed:false
1161 silly packumentCache full:https://registry.npmjs.org/@types%2fsend dispose
1162 http fetch GET 200 https://registry.npmjs.org/@types%2fhttp-errors 119ms (cache revalidated)
1163 silly packumentCache full:https://registry.npmjs.org/@types%2fhttp-errors set size:48994 disposed:false
1164 http fetch GET 200 https://registry.npmjs.org/@types%2frange-parser 130ms (cache revalidated)
1165 silly packumentCache full:https://registry.npmjs.org/@types%2frange-parser set size:15278 disposed:false
1166 http fetch GET 200 https://registry.npmjs.org/@types%2fconnect 640ms (cache revalidated)
1167 silly packumentCache full:https://registry.npmjs.org/@types%2fconnect set size:31512 disposed:false
1168 silly placeDep ROOT @types/connect@3.4.38 OK for: @types/body-parser@1.19.6 want: *
1169 silly placeDep ROOT @types/range-parser@1.2.7 OK for: @types/express-serve-static-core@4.19.9 want: *
1170 silly placeDep ROOT @types/send@1.2.1 OK for: @types/express-serve-static-core@4.19.9 want: *
1171 silly placeDep ROOT undici-types@6.21.0 OK for: @types/node@22.20.1 want: ~6.21.0
1172 silly placeDep ROOT @types/http-errors@2.0.5 OK for: @types/serve-static@1.15.10 want: *
1173 silly placeDep node_modules/@types/serve-static @types/send@0.17.6 OK for: @types/serve-static@1.15.10 want: <1
1174 silly fetch manifest @types/mime@^1
1175 silly packumentCache full:https://registry.npmjs.org/@types%2fmime cache-miss
1176 http fetch GET 200 https://registry.npmjs.org/@types%2fmime 175ms (cache revalidated)
1177 silly packumentCache full:https://registry.npmjs.org/@types%2fmime set size:43242 disposed:false
1178 silly placeDep ROOT @babel/core@7.29.7 OK for: @vitejs/plugin-react@5.2.0 want: ^7.29.0
1179 silly placeDep ROOT @babel/plugin-transform-react-jsx-self@7.29.7 OK for: @vitejs/plugin-react@5.2.0 want: ^7.27.1
1180 silly placeDep ROOT @babel/plugin-transform-react-jsx-source@7.29.7 OK for: @vitejs/plugin-react@5.2.0 want: ^7.27.1
1181 silly placeDep ROOT @rolldown/pluginutils@1.0.0-rc.3 OK for: @vitejs/plugin-react@5.2.0 want: 1.0.0-rc.3
1182 silly placeDep ROOT @types/babel__core@7.20.5 OK for: @vitejs/plugin-react@5.2.0 want: ^7.20.5
1183 silly placeDep ROOT react-refresh@0.18.0 OK for: @vitejs/plugin-react@5.2.0 want: ^0.18.0
1184 silly fetch manifest json5@^2.2.3
1185 silly packumentCache full:https://registry.npmjs.org/json5 cache-miss
1186 silly fetch manifest semver@^6.3.1
1187 silly packumentCache full:https://registry.npmjs.org/semver cache-hit
1188 silly fetch manifest gensync@^1.0.0-beta.2
1189 silly packumentCache full:https://registry.npmjs.org/gensync cache-miss
1190 silly fetch manifest @babel/types@^7.29.7
1191 silly packumentCache full:https://registry.npmjs.org/@babel%2ftypes cache-miss
1192 silly fetch manifest @babel/parser@^7.29.7
1193 silly packumentCache full:https://registry.npmjs.org/@babel%2fparser cache-miss
1194 silly fetch manifest @babel/helpers@^7.29.7
1195 silly packumentCache full:https://registry.npmjs.org/@babel%2fhelpers cache-miss
1196 silly fetch manifest @babel/template@^7.29.7
1197 silly packumentCache full:https://registry.npmjs.org/@babel%2ftemplate cache-miss
1198 silly fetch manifest @babel/traverse@^7.29.7
1199 silly packumentCache full:https://registry.npmjs.org/@babel%2ftraverse cache-miss
1200 http fetch GET 200 https://registry.npmjs.org/gensync 95ms (cache revalidated)
1201 silly packumentCache full:https://registry.npmjs.org/gensync set size:15068 disposed:false
1202 silly fetch manifest @babel/generator@^7.29.7
1203 silly packumentCache full:https://registry.npmjs.org/@babel%2fgenerator cache-miss
1204 http fetch GET 200 https://registry.npmjs.org/json5 139ms (cache revalidated)
1205 silly packumentCache full:https://registry.npmjs.org/json5 set size:86136 disposed:false
1206 silly fetch manifest @babel/code-frame@^7.29.7
1207 silly packumentCache full:https://registry.npmjs.org/@babel%2fcode-frame cache-miss
1208 http fetch GET 200 https://registry.npmjs.org/@babel%2fparser 154ms (cache revalidated)
1209 silly packumentCache full:https://registry.npmjs.org/@babel%2fparser set size:737961 disposed:false
1210 silly fetch manifest convert-source-map@^2.0.0
1211 silly packumentCache full:https://registry.npmjs.org/convert-source-map cache-miss
1212 http fetch GET 200 https://registry.npmjs.org/@babel%2fhelpers 195ms (cache revalidated)
1213 silly packumentCache full:https://registry.npmjs.org/@babel%2fhelpers set size:398496 disposed:false
1214 silly fetch manifest @babel/helper-module-transforms@^7.29.7
1215 silly packumentCache full:https://registry.npmjs.org/@babel%2fhelper-module-transforms cache-miss
1216 http fetch GET 200 https://registry.npmjs.org/@babel%2ftemplate 219ms (cache revalidated)
1217 silly packumentCache full:https://registry.npmjs.org/@babel%2ftemplate set size:237074 disposed:false
1218 silly fetch manifest @babel/helper-compilation-targets@^7.29.7
1219 silly packumentCache full:https://registry.npmjs.org/@babel%2fhelper-compilation-targets cache-miss
1220 http fetch GET 200 https://registry.npmjs.org/@babel%2ftypes 262ms (cache revalidated)
1221 silly packumentCache full:https://registry.npmjs.org/@babel%2ftypes set size:502938 disposed:false
1222 silly fetch manifest @babel/helper-plugin-utils@^7.29.7
1223 silly packumentCache full:https://registry.npmjs.org/@babel%2fhelper-plugin-utils cache-miss
1224 http fetch GET 200 https://registry.npmjs.org/@babel%2ftraverse 308ms (cache revalidated)
1225 silly packumentCache full:https://registry.npmjs.org/@babel%2ftraverse set size:564759 disposed:false
1226 silly fetch manifest @babel/helper-plugin-utils@^7.29.7
1227 silly packumentCache full:https://registry.npmjs.org/@babel%2fhelper-plugin-utils cache-miss
1228 http fetch GET 200 https://registry.npmjs.org/@babel%2fgenerator 284ms (cache revalidated)
1229 silly packumentCache full:https://registry.npmjs.org/@babel%2fgenerator set size:522841 disposed:false
1230 silly fetch manifest @babel/types@^7.20.7
1231 silly packumentCache full:https://registry.npmjs.org/@babel%2ftypes cache-hit
1232 silly fetch manifest @babel/parser@^7.20.7
1233 silly packumentCache full:https://registry.npmjs.org/@babel%2fparser cache-hit
1234 silly fetch manifest @types/babel__template@*
1235 silly packumentCache full:https://registry.npmjs.org/@types%2fbabel__template cache-miss
1236 http fetch GET 200 https://registry.npmjs.org/convert-source-map 255ms (cache revalidated)
1237 silly packumentCache full:https://registry.npmjs.org/convert-source-map set size:66997 disposed:false
1238 silly fetch manifest @types/babel__traverse@*
1239 silly packumentCache full:https://registry.npmjs.org/@types%2fbabel__traverse cache-miss
1240 http fetch GET 200 https://registry.npmjs.org/@babel%2fcode-frame 320ms (cache revalidated)
1241 silly packumentCache full:https://registry.npmjs.org/@babel%2fcode-frame set size:206617 disposed:false
1242 silly fetch manifest @types/babel__generator@*
1243 silly packumentCache full:https://registry.npmjs.org/@types%2fbabel__generator cache-miss
1244 http fetch GET 200 https://registry.npmjs.org/@babel%2fhelper-module-transforms 273ms (cache revalidated)
1245 silly packumentCache full:https://registry.npmjs.org/@babel%2fhelper-module-transforms set size:346454 disposed:false
1246 http fetch GET 200 https://registry.npmjs.org/@babel%2fhelper-compilation-targets 326ms (cache revalidated)
1247 silly packumentCache full:https://registry.npmjs.org/@babel%2fhelper-compilation-targets set size:229541 disposed:false
1248 http fetch GET 200 https://registry.npmjs.org/@babel%2fhelper-plugin-utils 301ms (cache revalidated)
1249 silly packumentCache full:https://registry.npmjs.org/@babel%2fhelper-plugin-utils set size:175564 disposed:false
1250 http fetch GET 200 https://registry.npmjs.org/@babel%2fhelper-plugin-utils 264ms (cache revalidated)
1251 silly packumentCache full:https://registry.npmjs.org/@babel%2fhelper-plugin-utils set size:175564 disposed:false
1252 silly packumentCache full:https://registry.npmjs.org/@babel%2fhelper-plugin-utils dispose
1253 http fetch GET 200 https://registry.npmjs.org/@types%2fbabel__template 333ms (cache revalidated)
1254 silly packumentCache full:https://registry.npmjs.org/@types%2fbabel__template set size:22631 disposed:false
1255 http fetch GET 200 https://registry.npmjs.org/@types%2fbabel__generator 286ms (cache revalidated)
1256 silly packumentCache full:https://registry.npmjs.org/@types%2fbabel__generator set size:31587 disposed:false
1257 http fetch GET 200 https://registry.npmjs.org/@types%2fbabel__traverse 314ms (cache revalidated)
1258 silly packumentCache full:https://registry.npmjs.org/@types%2fbabel__traverse set size:107819 disposed:false
1259 silly fetch manifest @babel/core@^7.0.0
1260 silly packumentCache full:https://registry.npmjs.org/@babel%2fcore cache-hit
1261 silly placeDep ROOT @babel/code-frame@7.29.7 OK for: @babel/core@7.29.7 want: ^7.29.7
1262 silly placeDep ROOT @babel/generator@7.29.8 OK for: @babel/core@7.29.7 want: ^7.29.7
1263 silly placeDep ROOT @babel/helper-compilation-targets@7.29.7 OK for: @babel/core@7.29.7 want: ^7.29.7
1264 silly placeDep ROOT @babel/helper-module-transforms@7.29.7 OK for: @babel/core@7.29.7 want: ^7.29.7
1265 silly placeDep ROOT @babel/helpers@7.29.7 OK for: @babel/core@7.29.7 want: ^7.29.7
1266 silly placeDep ROOT @babel/parser@7.29.8 OK for: @babel/core@7.29.7 want: ^7.29.7
1267 silly placeDep ROOT @babel/template@7.29.7 OK for: @babel/core@7.29.7 want: ^7.29.7
1268 silly placeDep ROOT @babel/traverse@7.29.8 OK for: @babel/core@7.29.7 want: ^7.29.7
1269 silly placeDep ROOT @babel/types@7.29.8 OK for: @babel/core@7.29.7 want: ^7.29.7
1270 silly placeDep ROOT convert-source-map@2.0.0 OK for: @babel/core@7.29.7 want: ^2.0.0
1271 silly placeDep ROOT gensync@1.0.0-beta.2 OK for: @babel/core@7.29.7 want: ^1.0.0-beta.2
1272 silly placeDep ROOT json5@2.2.3 OK for: @babel/core@7.29.7 want: ^2.2.3
1273 silly placeDep node_modules/@babel/core semver@6.3.1 OK for: @babel/core@7.29.7 want: ^6.3.1
1274 silly fetch manifest js-tokens@^4.0.0
1275 silly packumentCache full:https://registry.npmjs.org/js-tokens cache-miss
1276 silly fetch manifest @babel/helper-validator-identifier@^7.29.7
1277 silly packumentCache full:https://registry.npmjs.org/@babel%2fhelper-validator-identifier cache-miss
1278 silly fetch manifest jsesc@^3.0.2
1279 silly packumentCache full:https://registry.npmjs.org/jsesc cache-miss
1280 silly fetch manifest @babel/types@^7.29.8
1281 silly packumentCache full:https://registry.npmjs.org/@babel%2ftypes cache-hit
1282 silly fetch manifest @babel/parser@^7.29.8
1283 silly packumentCache full:https://registry.npmjs.org/@babel%2fparser cache-hit
1284 silly fetch manifest lru-cache@^5.1.1
1285 silly packumentCache full:https://registry.npmjs.org/lru-cache cache-miss
1286 silly fetch manifest browserslist@^4.24.0
1287 silly packumentCache full:https://registry.npmjs.org/browserslist cache-hit
1288 silly fetch manifest @babel/compat-data@^7.29.7
1289 silly packumentCache full:https://registry.npmjs.org/@babel%2fcompat-data cache-miss
1290 silly fetch manifest @babel/helper-validator-option@^7.29.7
1291 silly packumentCache full:https://registry.npmjs.org/@babel%2fhelper-validator-option cache-miss
1292 silly fetch manifest @babel/helper-module-imports@^7.29.7
1293 silly packumentCache full:https://registry.npmjs.org/@babel%2fhelper-module-imports cache-miss
1294 http fetch GET 200 https://registry.npmjs.org/lru-cache 119ms (cache revalidated)
1295 silly packumentCache full:https://registry.npmjs.org/lru-cache set size:460407 disposed:false
1296 silly fetch manifest @babel/helper-validator-identifier@^7.29.7
1297 silly packumentCache full:https://registry.npmjs.org/@babel%2fhelper-validator-identifier cache-miss
1298 http fetch GET 200 https://registry.npmjs.org/@babel%2fhelper-validator-option 149ms (cache revalidated)
1299 silly packumentCache full:https://registry.npmjs.org/@babel%2fhelper-validator-option set size:101303 disposed:false
1300 silly fetch manifest @babel/helper-globals@^7.29.7
1301 silly packumentCache full:https://registry.npmjs.org/@babel%2fhelper-globals cache-miss
1302 http fetch GET 200 https://registry.npmjs.org/@babel%2fhelper-validator-identifier 189ms (cache revalidated)
1303 silly packumentCache full:https://registry.npmjs.org/@babel%2fhelper-validator-identifier set size:130133 disposed:false
1304 silly fetch manifest @babel/helper-string-parser@^7.29.7
1305 silly packumentCache full:https://registry.npmjs.org/@babel%2fhelper-string-parser cache-miss
1306 http fetch GET 200 https://registry.npmjs.org/jsesc 214ms (cache revalidated)
1307 silly packumentCache full:https://registry.npmjs.org/jsesc set size:61512 disposed:false
1308 http fetch GET 200 https://registry.npmjs.org/js-tokens 230ms (cache revalidated)
1309 silly packumentCache full:https://registry.npmjs.org/js-tokens set size:41947 disposed:false
1310 http fetch GET 200 https://registry.npmjs.org/@babel%2fhelper-module-imports 208ms (cache revalidated)
1311 silly packumentCache full:https://registry.npmjs.org/@babel%2fhelper-module-imports set size:203392 disposed:false
1312 http cache https://registry.npmjs.org/@babel%2fhelper-validator-identifier 96ms (cache hit)
1313 silly packumentCache full:https://registry.npmjs.org/@babel%2fhelper-validator-identifier set size:130133 disposed:false
1314 silly packumentCache full:https://registry.npmjs.org/@babel%2fhelper-validator-identifier dispose
1315 http fetch GET 200 https://registry.npmjs.org/@babel%2fhelper-globals 148ms (cache revalidated)
1316 silly packumentCache full:https://registry.npmjs.org/@babel%2fhelper-globals set size:25155 disposed:false
1317 http fetch GET 200 https://registry.npmjs.org/@babel%2fhelper-string-parser 142ms (cache revalidated)
1318 silly packumentCache full:https://registry.npmjs.org/@babel%2fhelper-string-parser set size:91563 disposed:false
1319 http fetch GET 200 https://registry.npmjs.org/@babel%2fcompat-data 346ms (cache revalidated)
1320 silly packumentCache full:https://registry.npmjs.org/@babel%2fcompat-data set size:318807 disposed:false
1321 silly placeDep ROOT @babel/helper-validator-identifier@7.29.7 OK for: @babel/code-frame@7.29.7 want: ^7.29.7
1322 silly placeDep ROOT js-tokens@4.0.0 OK for: @babel/code-frame@7.29.7 want: ^4.0.0
1323 silly placeDep ROOT picocolors@1.1.1 OK for: @babel/code-frame@7.29.7 want: ^1.1.1
1324 silly placeDep ROOT jsesc@3.1.0 OK for: @babel/generator@7.29.8 want: ^3.0.2
1325 silly placeDep ROOT @babel/compat-data@7.29.7 OK for: @babel/helper-compilation-targets@7.29.7 want: ^7.29.7
1326 silly placeDep ROOT @babel/helper-validator-option@7.29.7 OK for: @babel/helper-compilation-targets@7.29.7 want: ^7.29.7
1327 silly placeDep ROOT browserslist@4.28.8 OK for: @babel/helper-compilation-targets@7.29.7 want: ^4.24.0
1328 silly placeDep ROOT lru-cache@5.1.1 OK for: @babel/helper-compilation-targets@7.29.7 want: ^5.1.1
1329 silly placeDep node_modules/@babel/helper-compilation-targets semver@6.3.1 OK for: @babel/helper-compilation-targets@7.29.7 want: ^6.3.1
1330 silly fetch manifest caniuse-lite@^1.0.30001809
1331 silly packumentCache full:https://registry.npmjs.org/caniuse-lite cache-miss
1332 silly fetch manifest node-releases@^2.0.53
1333 silly packumentCache full:https://registry.npmjs.org/node-releases cache-miss
1334 silly fetch manifest electron-to-chromium@^1.5.402
1335 silly packumentCache full:https://registry.npmjs.org/electron-to-chromium cache-miss
1336 silly fetch manifest update-browserslist-db@^1.3.0
1337 silly packumentCache full:https://registry.npmjs.org/update-browserslist-db cache-miss
1338 silly fetch manifest baseline-browser-mapping@^2.11.12
1339 silly packumentCache full:https://registry.npmjs.org/baseline-browser-mapping cache-miss
1340 silly fetch manifest yallist@^3.0.2
1341 silly packumentCache full:https://registry.npmjs.org/yallist cache-hit
1342 http cache https://registry.npmjs.org/caniuse-lite 88ms (cache hit)
1343 silly packumentCache full:https://registry.npmjs.org/caniuse-lite set size:2311190 disposed:false
1344 http fetch GET 200 https://registry.npmjs.org/update-browserslist-db 216ms (cache revalidated)
1345 silly packumentCache full:https://registry.npmjs.org/update-browserslist-db set size:66683 disposed:false
1346 http fetch GET 200 https://registry.npmjs.org/node-releases 232ms (cache revalidated)
1347 silly packumentCache full:https://registry.npmjs.org/node-releases set size:294065 disposed:false
1348 http fetch GET 200 https://registry.npmjs.org/baseline-browser-mapping 246ms (cache revalidated)
1349 silly packumentCache full:https://registry.npmjs.org/baseline-browser-mapping set size:605233 disposed:false
1350 http fetch GET 200 https://registry.npmjs.org/electron-to-chromium 303ms (cache revalidated)
1351 silly packumentCache full:https://registry.npmjs.org/electron-to-chromium set size:4910392 disposed:false
1352 silly placeDep ROOT @babel/helper-module-imports@7.29.7 OK for: @babel/helper-module-transforms@7.29.7 want: ^7.29.7
1353 silly placeDep ROOT @babel/helper-plugin-utils@7.29.7 OK for: @babel/plugin-transform-react-jsx-self@7.29.7 want: ^7.29.7
1354 silly placeDep ROOT @babel/helper-globals@7.29.7 OK for: @babel/traverse@7.29.8 want: ^7.29.7
1355 silly placeDep ROOT @babel/helper-string-parser@7.29.7 OK for: @babel/types@7.29.8 want: ^7.29.7
1356 silly placeDep ROOT @types/babel__generator@7.27.0 OK for: @types/babel__core@7.20.5 want: *
1357 silly placeDep ROOT @types/babel__template@7.4.4 OK for: @types/babel__core@7.20.5 want: *
1358 silly placeDep ROOT @types/babel__traverse@7.28.0 OK for: @types/babel__core@7.20.5 want: *
1359 silly placeDep ROOT caniuse-lite@1.0.30001809 OK for: autoprefixer@10.5.4 want: ^1.0.30001806
1360 silly placeDep ROOT fraction.js@5.3.4 OK for: autoprefixer@10.5.4 want: ^5.3.4
1361 silly placeDep ROOT postcss-value-parser@4.2.0 OK for: autoprefixer@10.5.4 want: ^4.2.0
1362 silly fetch manifest browserslist@>= 4.21.0
1363 silly packumentCache full:https://registry.npmjs.org/browserslist cache-hit
1364 silly placeDep ROOT baseline-browser-mapping@2.11.16 OK for: browserslist@4.28.8 want: ^2.11.12
1365 silly placeDep ROOT electron-to-chromium@1.5.412 OK for: browserslist@4.28.8 want: ^1.5.402
1366 silly placeDep ROOT node-releases@2.0.53 OK for: browserslist@4.28.8 want: ^2.0.53
1367 silly placeDep ROOT update-browserslist-db@1.3.1 OK for: browserslist@4.28.8 want: ^1.3.0
1368 silly fetch manifest escalade@^3.2.0
1369 silly packumentCache full:https://registry.npmjs.org/escalade cache-miss
1370 http fetch GET 200 https://registry.npmjs.org/escalade 110ms (cache revalidated)
1371 silly packumentCache full:https://registry.npmjs.org/escalade set size:33724 disposed:false
1372 silly placeDep ROOT path-key@3.1.1 OK for: cross-spawn@7.0.6 want: ^3.1.0
1373 silly placeDep ROOT shebang-command@2.0.0 OK for: cross-spawn@7.0.6 want: ^2.0.0
1374 silly placeDep ROOT which@2.0.2 OK for: cross-spawn@7.0.6 want: ^2.0.1
1375 silly fetch manifest shebang-regex@^3.0.0
1376 silly packumentCache full:https://registry.npmjs.org/shebang-regex cache-miss
1377 silly fetch manifest isexe@^2.0.0
1378 silly packumentCache full:https://registry.npmjs.org/isexe cache-miss
1379 http fetch GET 200 https://registry.npmjs.org/isexe 110ms (cache revalidated)
1380 silly packumentCache full:https://registry.npmjs.org/isexe set size:31756 disposed:false
1381 http fetch GET 200 https://registry.npmjs.org/shebang-regex 135ms (cache revalidated)
1382 silly packumentCache full:https://registry.npmjs.org/shebang-regex set size:9763 disposed:false
1383 silly placeDep ROOT ms@2.1.3 OK for: debug@4.4.3 want: ^2.1.3
1384 silly placeDep ROOT graceful-fs@4.2.11 OK for: enhanced-resolve@5.24.5 want: ^4.2.4
1385 silly placeDep ROOT tapable@2.3.3 OK for: enhanced-resolve@5.24.5 want: ^2.3.3
1386 silly placeDep ROOT @esbuild/aix-ppc64@0.25.12 OK for: esbuild@0.25.12 want: 0.25.12
1387 silly placeDep ROOT @esbuild/android-arm@0.25.12 OK for: esbuild@0.25.12 want: 0.25.12
1388 silly placeDep ROOT @esbuild/android-arm64@0.25.12 OK for: esbuild@0.25.12 want: 0.25.12
1389 silly placeDep ROOT @esbuild/android-x64@0.25.12 OK for: esbuild@0.25.12 want: 0.25.12
1390 silly placeDep ROOT @esbuild/darwin-arm64@0.25.12 OK for: esbuild@0.25.12 want: 0.25.12
1391 silly placeDep ROOT @esbuild/darwin-x64@0.25.12 OK for: esbuild@0.25.12 want: 0.25.12
1392 silly placeDep ROOT @esbuild/freebsd-arm64@0.25.12 OK for: esbuild@0.25.12 want: 0.25.12
1393 silly placeDep ROOT @esbuild/freebsd-x64@0.25.12 OK for: esbuild@0.25.12 want: 0.25.12
1394 silly placeDep ROOT @esbuild/linux-arm@0.25.12 OK for: esbuild@0.25.12 want: 0.25.12
1395 silly placeDep ROOT @esbuild/linux-arm64@0.25.12 OK for: esbuild@0.25.12 want: 0.25.12
1396 silly placeDep ROOT @esbuild/linux-ia32@0.25.12 OK for: esbuild@0.25.12 want: 0.25.12
1397 silly placeDep ROOT @esbuild/linux-loong64@0.25.12 OK for: esbuild@0.25.12 want: 0.25.12
1398 silly placeDep ROOT @esbuild/linux-mips64el@0.25.12 OK for: esbuild@0.25.12 want: 0.25.12
1399 silly placeDep ROOT @esbuild/linux-ppc64@0.25.12 OK for: esbuild@0.25.12 want: 0.25.12
1400 silly placeDep ROOT @esbuild/linux-riscv64@0.25.12 OK for: esbuild@0.25.12 want: 0.25.12
1401 silly placeDep ROOT @esbuild/linux-s390x@0.25.12 OK for: esbuild@0.25.12 want: 0.25.12
1402 silly placeDep ROOT @esbuild/linux-x64@0.25.12 OK for: esbuild@0.25.12 want: 0.25.12
1403 silly placeDep ROOT @esbuild/netbsd-arm64@0.25.12 OK for: esbuild@0.25.12 want: 0.25.12
1404 silly placeDep ROOT @esbuild/netbsd-x64@0.25.12 OK for: esbuild@0.25.12 want: 0.25.12
1405 silly placeDep ROOT @esbuild/openbsd-arm64@0.25.12 OK for: esbuild@0.25.12 want: 0.25.12
1406 silly placeDep ROOT @esbuild/openbsd-x64@0.25.12 OK for: esbuild@0.25.12 want: 0.25.12
1407 silly placeDep ROOT @esbuild/openharmony-arm64@0.25.12 OK for: esbuild@0.25.12 want: 0.25.12
1408 silly placeDep ROOT @esbuild/sunos-x64@0.25.12 OK for: esbuild@0.25.12 want: 0.25.12
1409 silly placeDep ROOT @esbuild/win32-arm64@0.25.12 OK for: esbuild@0.25.12 want: 0.25.12
1410 silly placeDep ROOT @esbuild/win32-ia32@0.25.12 OK for: esbuild@0.25.12 want: 0.25.12
1411 silly placeDep ROOT @esbuild/win32-x64@0.25.12 OK for: esbuild@0.25.12 want: 0.25.12
1412 silly placeDep ROOT accepts@1.3.8 OK for: express@4.22.2 want: ~1.3.8
1413 silly placeDep ROOT array-flatten@1.1.1 OK for: express@4.22.2 want: 1.1.1
1414 silly placeDep ROOT body-parser@1.20.6 OK for: express@4.22.2 want: ~1.20.5
1415 silly placeDep ROOT content-disposition@0.5.4 OK for: express@4.22.2 want: ~0.5.4
1416 silly placeDep ROOT content-type@1.0.5 OK for: express@4.22.2 want: ~1.0.4
1417 silly placeDep ROOT cookie@0.7.2 OK for: express@4.22.2 want: ~0.7.1
1418 silly placeDep ROOT cookie-signature@1.0.7 OK for: express@4.22.2 want: ~1.0.6
1419 silly placeDep node_modules/express debug@2.6.9 OK for: express@4.22.2 want: 2.6.9
1420 silly placeDep ROOT depd@2.0.0 OK for: express@4.22.2 want: 2.0.0
1421 silly placeDep ROOT encodeurl@2.0.0 OK for: express@4.22.2 want: ~2.0.0
1422 silly placeDep ROOT escape-html@1.0.3 OK for: express@4.22.2 want: ~1.0.3
1423 silly placeDep ROOT etag@1.8.1 OK for: express@4.22.2 want: ~1.8.1
1424 silly placeDep ROOT finalhandler@1.3.2 OK for: express@4.22.2 want: ~1.3.1
1425 silly placeDep ROOT fresh@0.5.2 OK for: express@4.22.2 want: ~0.5.2
1426 silly placeDep ROOT http-errors@2.0.1 OK for: express@4.22.2 want: ~2.0.0
1427 silly placeDep ROOT merge-descriptors@1.0.3 OK for: express@4.22.2 want: 1.0.3
1428 silly placeDep ROOT methods@1.1.2 OK for: express@4.22.2 want: ~1.1.2
1429 silly placeDep ROOT on-finished@2.4.1 OK for: express@4.22.2 want: ~2.4.1
1430 silly placeDep ROOT parseurl@1.3.3 OK for: express@4.22.2 want: ~1.3.3
1431 silly placeDep ROOT path-to-regexp@0.1.13 OK for: express@4.22.2 want: ~0.1.12
1432 silly placeDep ROOT proxy-addr@2.0.7 OK for: express@4.22.2 want: ~2.0.7
1433 silly placeDep ROOT qs@6.15.3 OK for: express@4.22.2 want: ~6.15.1
1434 silly placeDep ROOT range-parser@1.2.1 OK for: express@4.22.2 want: ~1.2.1
1435 silly placeDep ROOT safe-buffer@5.2.1 OK for: express@4.22.2 want: 5.2.1
1436 silly placeDep ROOT send@0.19.2 OK for: express@4.22.2 want: ~0.19.0
1437 silly placeDep ROOT serve-static@1.16.3 OK for: express@4.22.2 want: ~1.16.2
1438 silly placeDep ROOT setprototypeof@1.2.0 OK for: express@4.22.2 want: 1.2.0
1439 silly placeDep ROOT statuses@2.0.2 OK for: express@4.22.2 want: ~2.0.1
1440 silly placeDep ROOT type-is@1.6.18 OK for: express@4.22.2 want: ~1.6.18
1441 silly placeDep ROOT utils-merge@1.0.1 OK for: express@4.22.2 want: 1.0.1
1442 silly placeDep ROOT vary@1.1.2 OK for: express@4.22.2 want: ~1.1.2
1443 silly fetch manifest mime-types@~2.1.34
1444 silly packumentCache full:https://registry.npmjs.org/mime-types cache-miss
1445 silly fetch manifest negotiator@0.6.3
1446 silly packumentCache full:https://registry.npmjs.org/negotiator cache-miss
1447 silly fetch manifest bytes@~3.1.2
1448 silly packumentCache full:https://registry.npmjs.org/bytes cache-miss
1449 silly fetch manifest unpipe@~1.0.0
1450 silly packumentCache full:https://registry.npmjs.org/unpipe cache-miss
1451 silly fetch manifest destroy@~1.2.0
1452 silly packumentCache full:https://registry.npmjs.org/destroy cache-miss
1453 silly fetch manifest raw-body@~2.5.3
1454 silly packumentCache full:https://registry.npmjs.org/raw-body cache-miss
1455 silly fetch manifest iconv-lite@~0.4.24
1456 silly packumentCache full:https://registry.npmjs.org/iconv-lite cache-miss
1457 http fetch GET 200 https://registry.npmjs.org/bytes 154ms (cache revalidated)
1458 silly packumentCache full:https://registry.npmjs.org/bytes set size:37018 disposed:false
1459 silly fetch manifest http-errors@~2.0.1
1460 silly packumentCache full:https://registry.npmjs.org/http-errors cache-hit
1461 silly fetch manifest content-type@~1.0.5
1462 silly packumentCache full:https://registry.npmjs.org/content-type cache-hit
1463 silly fetch manifest ms@2.0.0
1464 silly packumentCache full:https://registry.npmjs.org/ms cache-hit
1465 silly fetch manifest unpipe@~1.0.0
1466 silly packumentCache full:https://registry.npmjs.org/unpipe cache-miss
1467 http fetch GET 200 https://registry.npmjs.org/mime-types 185ms (cache revalidated)
1468 silly packumentCache full:https://registry.npmjs.org/mime-types set size:139110 disposed:false
1469 silly fetch manifest statuses@~2.0.2
1470 silly packumentCache full:https://registry.npmjs.org/statuses cache-hit
1471 silly fetch manifest inherits@~2.0.4
1472 silly packumentCache full:https://registry.npmjs.org/inherits cache-miss
1473 http fetch GET 200 https://registry.npmjs.org/unpipe 224ms (cache revalidated)
1474 silly packumentCache full:https://registry.npmjs.org/unpipe set size:3609 disposed:false
1475 silly fetch manifest setprototypeof@~1.2.0
1476 silly packumentCache full:https://registry.npmjs.org/setprototypeof cache-hit
1477 silly fetch manifest toidentifier@~1.0.1
1478 silly packumentCache full:https://registry.npmjs.org/toidentifier cache-miss
1479 http fetch GET 200 https://registry.npmjs.org/negotiator 239ms (cache revalidated)
1480 silly packumentCache full:https://registry.npmjs.org/negotiator set size:56148 disposed:false
1481 silly fetch manifest ee-first@1.1.1
1482 silly packumentCache full:https://registry.npmjs.org/ee-first cache-miss
1483 http fetch GET 200 https://registry.npmjs.org/destroy 240ms (cache revalidated)
1484 silly packumentCache full:https://registry.npmjs.org/destroy set size:15738 disposed:false
1485 silly fetch manifest forwarded@0.2.0
1486 silly packumentCache full:https://registry.npmjs.org/forwarded cache-miss
1487 http fetch GET 200 https://registry.npmjs.org/iconv-lite 241ms (cache revalidated)
1488 silly packumentCache full:https://registry.npmjs.org/iconv-lite set size:126462 disposed:false
1489 silly fetch manifest ipaddr.js@1.9.1
1490 silly packumentCache full:https://registry.npmjs.org/ipaddr.js cache-miss
1491 http fetch GET 200 https://registry.npmjs.org/raw-body 263ms (cache revalidated)
1492 silly packumentCache full:https://registry.npmjs.org/raw-body set size:120042 disposed:false
1493 silly fetch manifest side-channel@^1.1.1
1494 silly packumentCache full:https://registry.npmjs.org/side-channel cache-miss
1495 http fetch GET 200 https://registry.npmjs.org/unpipe 172ms (cache revalidated)
1496 silly packumentCache full:https://registry.npmjs.org/unpipe set size:3609 disposed:false
1497 silly packumentCache full:https://registry.npmjs.org/unpipe dispose
1498 silly fetch manifest es-define-property@^1.0.1
1499 silly packumentCache full:https://registry.npmjs.org/es-define-property cache-miss
1500 http fetch GET 200 https://registry.npmjs.org/inherits 169ms (cache revalidated)
1501 silly packumentCache full:https://registry.npmjs.org/inherits set size:12925 disposed:false
1502 silly fetch manifest mime@1.6.0
1503 silly packumentCache full:https://registry.npmjs.org/mime cache-miss
1504 http fetch GET 200 https://registry.npmjs.org/ee-first 156ms (cache revalidated)
1505 silly packumentCache full:https://registry.npmjs.org/ee-first set size:15327 disposed:false
1506 silly fetch manifest destroy@1.2.0
1507 silly packumentCache full:https://registry.npmjs.org/destroy cache-hit
1508 silly fetch manifest mime-types@~2.1.24
1509 silly packumentCache full:https://registry.npmjs.org/mime-types cache-hit
1510 silly fetch manifest media-typer@0.3.0
1511 silly packumentCache full:https://registry.npmjs.org/media-typer cache-miss
1512 http fetch GET 200 https://registry.npmjs.org/toidentifier 179ms (cache revalidated)
1513 silly packumentCache full:https://registry.npmjs.org/toidentifier set size:12006 disposed:false
1514 http fetch GET 200 https://registry.npmjs.org/forwarded 167ms (cache revalidated)
1515 silly packumentCache full:https://registry.npmjs.org/forwarded set size:11229 disposed:false
1516 http fetch GET 200 https://registry.npmjs.org/ipaddr.js 154ms (cache revalidated)
1517 silly packumentCache full:https://registry.npmjs.org/ipaddr.js set size:84329 disposed:false
1518 http fetch GET 200 https://registry.npmjs.org/es-define-property 101ms (cache revalidated)
1519 silly packumentCache full:https://registry.npmjs.org/es-define-property set size:8542 disposed:false
1520 http fetch GET 200 https://registry.npmjs.org/mime 129ms (cache revalidated)
1521 silly packumentCache full:https://registry.npmjs.org/mime set size:119236 disposed:false
1522 http fetch GET 200 https://registry.npmjs.org/media-typer 117ms (cache revalidated)
1523 silly packumentCache full:https://registry.npmjs.org/media-typer set size:22074 disposed:false
1524 http fetch GET 200 https://registry.npmjs.org/side-channel 364ms (cache revalidated)
1525 silly packumentCache full:https://registry.npmjs.org/side-channel set size:27650 disposed:false
1526 silly placeDep ROOT mime-types@2.1.35 OK for: accepts@1.3.8 want: ~2.1.34
1527 silly placeDep ROOT negotiator@0.6.3 OK for: accepts@1.3.8 want: 0.6.3
1528 silly fetch manifest mime-db@1.52.0
1529 silly packumentCache full:https://registry.npmjs.org/mime-db cache-miss
1530 http fetch GET 200 https://registry.npmjs.org/mime-db 86ms (cache revalidated)
1531 silly packumentCache full:https://registry.npmjs.org/mime-db set size:164953 disposed:false
1532 silly placeDep ROOT bytes@3.1.2 OK for: body-parser@1.20.6 want: ~3.1.2
1533 silly placeDep node_modules/body-parser debug@2.6.9 OK for: body-parser@1.20.6 want: 2.6.9
1534 silly placeDep ROOT destroy@1.2.0 OK for: body-parser@1.20.6 want: ~1.2.0
1535 silly placeDep ROOT iconv-lite@0.4.24 OK for: body-parser@1.20.6 want: ~0.4.24
1536 silly placeDep ROOT raw-body@2.5.3 OK for: body-parser@1.20.6 want: ~2.5.3
1537 silly placeDep ROOT unpipe@1.0.0 OK for: body-parser@1.20.6 want: ~1.0.0
1538 silly fetch manifest safer-buffer@>= 2.1.2 < 3
1539 silly packumentCache full:https://registry.npmjs.org/safer-buffer cache-miss
1540 http fetch GET 200 https://registry.npmjs.org/safer-buffer 85ms (cache revalidated)
1541 silly packumentCache full:https://registry.npmjs.org/safer-buffer set size:18521 disposed:false
1542 silly placeDep node_modules/finalhandler debug@2.6.9 OK for: finalhandler@1.3.2 want: 2.6.9
1543 silly placeDep ROOT jsonfile@6.2.1 OK for: fs-extra@11.4.0 want: ^6.0.1
1544 silly placeDep ROOT universalify@2.0.1 OK for: fs-extra@11.4.0 want: ^2.0.0
1545 silly placeDep ROOT base64-js@1.5.1 OK for: google-auth-library@10.9.1 want: ^1.3.0
1546 silly placeDep ROOT ecdsa-sig-formatter@1.0.11 OK for: google-auth-library@10.9.1 want: ^1.0.11
1547 silly placeDep ROOT gaxios@7.3.1 OK for: google-auth-library@10.9.1 want: ^7.1.4
1548 silly placeDep ROOT gcp-metadata@8.1.2 OK for: google-auth-library@10.9.1 want: 8.1.2
1549 silly placeDep ROOT google-logging-utils@1.1.3 OK for: google-auth-library@10.9.1 want: 1.1.3
1550 silly placeDep ROOT jws@4.0.1 OK for: google-auth-library@10.9.1 want: ^4.0.0
1551 silly fetch manifest extend@^3.0.2
1552 silly packumentCache full:https://registry.npmjs.org/extend cache-miss
1553 silly fetch manifest node-fetch@^3.3.2
1554 silly packumentCache full:https://registry.npmjs.org/node-fetch cache-miss
1555 silly fetch manifest https-proxy-agent@^7.0.1
1556 silly packumentCache full:https://registry.npmjs.org/https-proxy-agent cache-miss
1557 silly fetch manifest json-bigint@^1.0.0
1558 silly packumentCache full:https://registry.npmjs.org/json-bigint cache-miss
1559 silly fetch manifest google-logging-utils@^1.0.0
1560 silly packumentCache full:https://registry.npmjs.org/google-logging-utils cache-hit
1561 silly fetch manifest jwa@^2.0.1
1562 silly packumentCache full:https://registry.npmjs.org/jwa cache-miss
1563 http fetch GET 200 https://registry.npmjs.org/jwa 107ms (cache revalidated)
1564 silly packumentCache full:https://registry.npmjs.org/jwa set size:39720 disposed:false
1565 http fetch GET 200 https://registry.npmjs.org/json-bigint 117ms (cache revalidated)
1566 silly packumentCache full:https://registry.npmjs.org/json-bigint set size:36963 disposed:false
1567 http fetch GET 200 https://registry.npmjs.org/https-proxy-agent 125ms (cache revalidated)
1568 silly packumentCache full:https://registry.npmjs.org/https-proxy-agent set size:83792 disposed:false
1569 http fetch GET 200 https://registry.npmjs.org/node-fetch 142ms (cache revalidated)
1570 silly packumentCache full:https://registry.npmjs.org/node-fetch set size:896010 disposed:false
1571 http fetch GET 200 https://registry.npmjs.org/extend 338ms (cache revalidated)
1572 silly packumentCache full:https://registry.npmjs.org/extend set size:25974 disposed:false
1573 silly placeDep ROOT extend@3.0.2 OK for: gaxios@7.3.1 want: ^3.0.2
1574 silly placeDep ROOT https-proxy-agent@7.0.6 OK for: gaxios@7.3.1 want: ^7.0.1
1575 silly placeDep ROOT node-fetch@3.3.2 OK for: gaxios@7.3.1 want: ^3.3.2
1576 silly fetch manifest agent-base@^7.1.2
1577 silly packumentCache full:https://registry.npmjs.org/agent-base cache-miss
1578 silly fetch manifest data-uri-to-buffer@^4.0.0
1579 silly packumentCache full:https://registry.npmjs.org/data-uri-to-buffer cache-miss
1580 silly fetch manifest fetch-blob@^3.1.4
1581 silly packumentCache full:https://registry.npmjs.org/fetch-blob cache-miss
1582 silly fetch manifest formdata-polyfill@^4.0.10
1583 silly packumentCache full:https://registry.npmjs.org/formdata-polyfill cache-miss
1584 http fetch GET 200 https://registry.npmjs.org/agent-base 87ms (cache revalidated)
1585 silly packumentCache full:https://registry.npmjs.org/agent-base set size:72085 disposed:false
1586 http fetch GET 200 https://registry.npmjs.org/data-uri-to-buffer 105ms (cache revalidated)
1587 silly packumentCache full:https://registry.npmjs.org/data-uri-to-buffer set size:48018 disposed:false
1588 http fetch GET 200 https://registry.npmjs.org/fetch-blob 113ms (cache revalidated)
1589 silly packumentCache full:https://registry.npmjs.org/fetch-blob set size:73704 disposed:false
1590 http fetch GET 200 https://registry.npmjs.org/formdata-polyfill 124ms (cache revalidated)
1591 silly packumentCache full:https://registry.npmjs.org/formdata-polyfill set size:94446 disposed:false
1592 silly placeDep ROOT json-bigint@1.0.0 OK for: gcp-metadata@8.1.2 want: ^1.0.0
1593 silly fetch manifest bignumber.js@^9.0.0
1594 silly packumentCache full:https://registry.npmjs.org/bignumber.js cache-miss
1595 http fetch GET 200 https://registry.npmjs.org/bignumber.js 88ms (cache revalidated)
1596 silly packumentCache full:https://registry.npmjs.org/bignumber.js set size:149332 disposed:false
1597 silly placeDep ROOT inherits@2.0.4 OK for: http-errors@2.0.1 want: ~2.0.4
1598 silly placeDep ROOT toidentifier@1.0.1 OK for: http-errors@2.0.1 want: ~1.0.1
1599 silly placeDep ROOT agent-base@7.1.4 OK for: https-proxy-agent@7.0.6 want: ^7.1.2
1600 silly placeDep ROOT safer-buffer@2.1.2 OK for: iconv-lite@0.4.24 want: >= 2.1.2 < 3
1601 silly placeDep ROOT bignumber.js@9.3.1 OK for: json-bigint@1.0.0 want: ^9.0.0
1602 silly placeDep ROOT lie@3.3.0 OK for: jszip@3.10.1 want: ~3.3.0
1603 silly placeDep ROOT pako@1.0.11 OK for: jszip@3.10.1 want: ~1.0.2
1604 silly placeDep ROOT readable-stream@2.3.8 OK for: jszip@3.10.1 want: ~2.3.6
1605 silly placeDep ROOT setimmediate@1.0.5 OK for: jszip@3.10.1 want: ^1.0.5
1606 silly fetch manifest immediate@~3.0.5
1607 silly packumentCache full:https://registry.npmjs.org/immediate cache-miss
1608 silly fetch manifest isarray@~1.0.0
1609 silly packumentCache full:https://registry.npmjs.org/isarray cache-miss
1610 silly fetch manifest safe-buffer@~5.1.1
1611 silly packumentCache full:https://registry.npmjs.org/safe-buffer cache-hit
1612 silly fetch manifest core-util-is@~1.0.0
1613 silly packumentCache full:https://registry.npmjs.org/core-util-is cache-miss
1614 silly fetch manifest string_decoder@~1.1.1
1615 silly packumentCache full:https://registry.npmjs.org/string_decoder cache-miss
1616 silly fetch manifest util-deprecate@~1.0.1
1617 silly packumentCache full:https://registry.npmjs.org/util-deprecate cache-miss
1618 silly fetch manifest process-nextick-args@~2.0.0
1619 silly packumentCache full:https://registry.npmjs.org/process-nextick-args cache-miss
1620 http fetch GET 200 https://registry.npmjs.org/string_decoder 190ms (cache revalidated)
1621 silly packumentCache full:https://registry.npmjs.org/string_decoder set size:28441 disposed:false
1622 http fetch GET 200 https://registry.npmjs.org/util-deprecate 196ms (cache revalidated)
1623 silly packumentCache full:https://registry.npmjs.org/util-deprecate set size:6674 disposed:false
1624 http fetch GET 200 https://registry.npmjs.org/process-nextick-args 199ms (cache revalidated)
1625 silly packumentCache full:https://registry.npmjs.org/process-nextick-args set size:15428 disposed:false
1626 http fetch GET 200 https://registry.npmjs.org/isarray 213ms (cache revalidated)
1627 silly packumentCache full:https://registry.npmjs.org/isarray set size:17392 disposed:false
1628 http fetch GET 200 https://registry.npmjs.org/immediate 219ms (cache revalidated)
1629 silly packumentCache full:https://registry.npmjs.org/immediate set size:66460 disposed:false
1630 http fetch GET 200 https://registry.npmjs.org/core-util-is 230ms (cache revalidated)
1631 silly packumentCache full:https://registry.npmjs.org/core-util-is set size:7163 disposed:false
1632 silly placeDep ROOT jwa@2.0.1 OK for: jws@4.0.1 want: ^2.0.1
1633 silly fetch manifest buffer-equal-constant-time@^1.0.1
1634 silly packumentCache full:https://registry.npmjs.org/buffer-equal-constant-time cache-miss
1635 http fetch GET 200 https://registry.npmjs.org/buffer-equal-constant-time 150ms (cache revalidated)
1636 silly packumentCache full:https://registry.npmjs.org/buffer-equal-constant-time set size:4390 disposed:false
1637 silly placeDep ROOT buffer-equal-constant-time@1.0.1 OK for: jwa@2.0.1 want: ^1.0.1
1638 silly placeDep ROOT immediate@3.0.6 OK for: lie@3.3.0 want: ~3.0.5
1639 silly placeDep ROOT detect-libc@2.1.2 OK for: lightningcss@1.32.0 want: ^2.0.3
1640 silly placeDep ROOT lightningcss-android-arm64@1.32.0 OK for: lightningcss@1.32.0 want: 1.32.0
1641 silly placeDep ROOT lightningcss-darwin-arm64@1.32.0 OK for: lightningcss@1.32.0 want: 1.32.0
1642 silly placeDep ROOT lightningcss-darwin-x64@1.32.0 OK for: lightningcss@1.32.0 want: 1.32.0
1643 silly placeDep ROOT lightningcss-freebsd-x64@1.32.0 OK for: lightningcss@1.32.0 want: 1.32.0
1644 silly placeDep ROOT lightningcss-linux-arm-gnueabihf@1.32.0 OK for: lightningcss@1.32.0 want: 1.32.0
1645 silly placeDep ROOT lightningcss-linux-arm64-gnu@1.32.0 OK for: lightningcss@1.32.0 want: 1.32.0
1646 silly placeDep ROOT lightningcss-linux-arm64-musl@1.32.0 OK for: lightningcss@1.32.0 want: 1.32.0
1647 silly placeDep ROOT lightningcss-linux-x64-gnu@1.32.0 OK for: lightningcss@1.32.0 want: 1.32.0
1648 silly placeDep ROOT lightningcss-linux-x64-musl@1.32.0 OK for: lightningcss@1.32.0 want: 1.32.0
1649 silly placeDep ROOT lightningcss-win32-arm64-msvc@1.32.0 OK for: lightningcss@1.32.0 want: 1.32.0
1650 silly placeDep ROOT lightningcss-win32-x64-msvc@1.32.0 OK for: lightningcss@1.32.0 want: 1.32.0
1651 silly placeDep ROOT yallist@3.1.1 OK for: lru-cache@5.1.1 want: ^3.0.2
1652 silly placeDep ROOT mime-db@1.52.0 OK for: mime-types@2.1.35 want: 1.52.0
1653 silly fetch manifest react@^18.0.0 || ^19.0.0
1654 silly packumentCache full:https://registry.npmjs.org/react cache-miss
1655 http cache https://registry.npmjs.org/react 93ms (cache hit)
1656 silly packumentCache full:https://registry.npmjs.org/react set size:6902730 disposed:false
1657 silly fetch manifest react-dom@^18.0.0 || ^19.0.0
1658 silly packumentCache full:https://registry.npmjs.org/react-dom cache-miss
1659 http cache https://registry.npmjs.org/react-dom 100ms (cache hit)
1660 silly packumentCache full:https://registry.npmjs.org/react-dom set size:9275431 disposed:false
1661 silly placeDep ROOT framer-motion@12.43.0 OK for: motion@12.43.0 want: ^12.43.0
1662 silly fetch manifest motion-dom@^12.43.0
1663 silly packumentCache full:https://registry.npmjs.org/motion-dom cache-miss
1664 silly fetch manifest motion-utils@^12.39.0
1665 silly packumentCache full:https://registry.npmjs.org/motion-utils cache-miss
1666 http fetch GET 200 https://registry.npmjs.org/motion-utils 101ms (cache revalidated)
1667 silly packumentCache full:https://registry.npmjs.org/motion-utils set size:68452 disposed:false
1668 http fetch GET 200 https://registry.npmjs.org/motion-dom 142ms (cache revalidated)
1669 silly packumentCache full:https://registry.npmjs.org/motion-dom set size:294352 disposed:false
1670 silly placeDep ROOT motion-dom@12.43.0 OK for: framer-motion@12.43.0 want: ^12.43.0
1671 silly placeDep ROOT motion-utils@12.39.0 OK for: framer-motion@12.43.0 want: ^12.39.0
1672 silly placeDep ROOT bplist-parser@0.3.2 OK for: native-run@2.0.3 want: ^0.3.2
1673 silly placeDep ROOT elementtree@0.1.7 OK for: native-run@2.0.3 want: ^0.1.7
1674 silly placeDep ROOT ini@4.1.3 OK for: native-run@2.0.3 want: ^4.1.1
1675 silly placeDep ROOT split2@4.2.0 OK for: native-run@2.0.3 want: ^4.2.0
1676 silly placeDep ROOT through2@4.0.2 OK for: native-run@2.0.3 want: ^4.0.2
1677 silly placeDep ROOT yauzl@2.10.0 OK for: native-run@2.0.3 want: ^2.10.0
1678 silly fetch manifest big-integer@1.6.x
1679 silly packumentCache full:https://registry.npmjs.org/big-integer cache-miss
1680 silly fetch manifest sax@1.1.4
1681 silly packumentCache full:https://registry.npmjs.org/sax cache-hit
1682 silly fetch manifest readable-stream@3
1683 silly packumentCache full:https://registry.npmjs.org/readable-stream cache-hit
1684 silly fetch manifest fd-slicer@~1.1.0
1685 silly packumentCache full:https://registry.npmjs.org/fd-slicer cache-miss
1686 silly fetch manifest buffer-crc32@~0.2.3
1687 silly packumentCache full:https://registry.npmjs.org/buffer-crc32 cache-miss
1688 http fetch GET 200 https://registry.npmjs.org/buffer-crc32 115ms (cache revalidated)
1689 silly packumentCache full:https://registry.npmjs.org/buffer-crc32 set size:58100 disposed:false
1690 http fetch GET 200 https://registry.npmjs.org/fd-slicer 128ms (cache revalidated)
1691 silly packumentCache full:https://registry.npmjs.org/fd-slicer set size:25525 disposed:false
1692 http fetch GET 200 https://registry.npmjs.org/big-integer 140ms (cache revalidated)
1693 silly packumentCache full:https://registry.npmjs.org/big-integer set size:205433 disposed:false
1694 silly placeDep ROOT big-integer@1.6.52 OK for: bplist-parser@0.3.2 want: 1.6.x
1695 silly placeDep ROOT sax@1.1.4 OK for: elementtree@0.1.7 want: 1.1.4
1696 silly placeDep ROOT data-uri-to-buffer@4.0.1 OK for: node-fetch@3.3.2 want: ^4.0.0
1697 silly placeDep ROOT fetch-blob@3.2.0 OK for: node-fetch@3.3.2 want: ^3.1.4
1698 silly placeDep ROOT formdata-polyfill@4.0.10 OK for: node-fetch@3.3.2 want: ^4.0.10
1699 silly fetch manifest node-domexception@^1.0.0
1700 silly packumentCache full:https://registry.npmjs.org/node-domexception cache-miss
1701 silly fetch manifest web-streams-polyfill@^3.0.3
1702 silly packumentCache full:https://registry.npmjs.org/web-streams-polyfill cache-miss
1703 http fetch GET 200 https://registry.npmjs.org/node-domexception 141ms (cache revalidated)
1704 silly packumentCache full:https://registry.npmjs.org/node-domexception set size:11516 disposed:false
1705 http fetch GET 200 https://registry.npmjs.org/web-streams-polyfill 148ms (cache revalidated)
1706 silly packumentCache full:https://registry.npmjs.org/web-streams-polyfill set size:140806 disposed:false
1707 silly placeDep ROOT node-domexception@1.0.0 OK for: fetch-blob@3.2.0 want: ^1.0.0
1708 silly placeDep ROOT web-streams-polyfill@3.3.3 OK for: fetch-blob@3.2.0 want: ^3.0.3
1709 silly placeDep ROOT ee-first@1.1.1 OK for: on-finished@2.4.1 want: 1.1.1
1710 silly placeDep ROOT define-lazy-prop@2.0.0 OK for: open@8.4.2 want: ^2.0.0
1711 silly placeDep ROOT is-docker@2.2.1 OK for: open@8.4.2 want: ^2.1.1
1712 silly placeDep ROOT is-wsl@2.2.0 OK for: open@8.4.2 want: ^2.2.0
1713 silly placeDep ROOT @types/retry@0.12.0 OK for: p-retry@4.6.2 want: 0.12.0
1714 silly placeDep ROOT retry@0.13.1 OK for: p-retry@4.6.2 want: ^0.13.1
1715 silly placeDep ROOT @xmldom/xmldom@0.9.11 OK for: plist@3.1.1 want: ^0.9.10
1716 silly placeDep ROOT xmlbuilder@15.1.1 OK for: plist@3.1.1 want: ^15.1.1
1717 silly placeDep ROOT nanoid@3.3.18 OK for: postcss@8.5.26 want: ^3.3.17
1718 silly placeDep node_modules/prompts kleur@3.0.3 OK for: prompts@2.4.2 want: ^3.0.3
1719 silly placeDep ROOT sisteransi@1.0.5 OK for: prompts@2.4.2 want: ^1.0.5
1720 silly placeDep ROOT @protobufjs/aspromise@1.1.2 OK for: protobufjs@7.6.5 want: ^1.1.2
1721 silly placeDep ROOT @protobufjs/base64@1.1.2 OK for: protobufjs@7.6.5 want: ^1.1.2
1722 silly placeDep ROOT @protobufjs/codegen@2.0.5 OK for: protobufjs@7.6.5 want: ^2.0.5
1723 silly placeDep ROOT @protobufjs/eventemitter@1.1.1 OK for: protobufjs@7.6.5 want: ^1.1.1
1724 silly placeDep ROOT @protobufjs/fetch@1.1.1 OK for: protobufjs@7.6.5 want: ^1.1.1
1725 silly placeDep ROOT @protobufjs/float@1.0.2 OK for: protobufjs@7.6.5 want: ^1.0.2
1726 silly placeDep ROOT @protobufjs/path@1.1.2 OK for: protobufjs@7.6.5 want: ^1.1.2
1727 silly placeDep ROOT @protobufjs/pool@1.1.0 OK for: protobufjs@7.6.5 want: ^1.1.0
1728 silly placeDep ROOT @protobufjs/utf8@1.1.2 OK for: protobufjs@7.6.5 want: ^1.1.1
1729 silly placeDep ROOT long@5.3.2 OK for: protobufjs@7.6.5 want: ^5.3.2
1730 silly placeDep ROOT forwarded@0.2.0 OK for: proxy-addr@2.0.7 want: 0.2.0
1731 silly placeDep ROOT ipaddr.js@1.9.1 OK for: proxy-addr@2.0.7 want: 1.9.1
1732 silly placeDep ROOT es-define-property@1.0.1 OK for: qs@6.15.3 want: ^1.0.1
1733 silly placeDep ROOT side-channel@1.1.1 OK for: qs@6.15.3 want: ^1.1.1
1734 silly fetch manifest es-errors@^1.3.0
1735 silly packumentCache full:https://registry.npmjs.org/es-errors cache-miss
1736 silly fetch manifest object-inspect@^1.13.4
1737 silly packumentCache full:https://registry.npmjs.org/object-inspect cache-miss
1738 silly fetch manifest side-channel-list@^1.0.1
1739 silly packumentCache full:https://registry.npmjs.org/side-channel-list cache-miss
1740 silly fetch manifest side-channel-map@^1.0.1
1741 silly packumentCache full:https://registry.npmjs.org/side-channel-map cache-miss
1742 silly fetch manifest side-channel-weakmap@^1.0.2
1743 silly packumentCache full:https://registry.npmjs.org/side-channel-weakmap cache-miss
1744 http fetch GET 200 https://registry.npmjs.org/side-channel-list 83ms (cache revalidated)
1745 silly packumentCache full:https://registry.npmjs.org/side-channel-list set size:9021 disposed:false
1746 http fetch GET 200 https://registry.npmjs.org/es-errors 106ms (cache revalidated)
1747 silly packumentCache full:https://registry.npmjs.org/es-errors set size:16918 disposed:false
1748 http fetch GET 200 https://registry.npmjs.org/object-inspect 110ms (cache revalidated)
1749 silly packumentCache full:https://registry.npmjs.org/object-inspect set size:101927 disposed:false
1750 http fetch GET 200 https://registry.npmjs.org/side-channel-weakmap 118ms (cache revalidated)
1751 silly packumentCache full:https://registry.npmjs.org/side-channel-weakmap set size:12620 disposed:false
1752 http fetch GET 200 https://registry.npmjs.org/side-channel-map 125ms (cache revalidated)
1753 silly packumentCache full:https://registry.npmjs.org/side-channel-map set size:9126 disposed:false
1754 silly placeDep ROOT scheduler@0.27.0 OK for: react-dom@19.2.8 want: ^0.27.0
1755 silly placeDep ROOT core-util-is@1.0.3 OK for: readable-stream@2.3.8 want: ~1.0.0
1756 silly placeDep ROOT isarray@1.0.0 OK for: readable-stream@2.3.8 want: ~1.0.0
1757 silly placeDep ROOT process-nextick-args@2.0.1 OK for: readable-stream@2.3.8 want: ~2.0.0
1758 silly placeDep node_modules/readable-stream safe-buffer@5.1.2 OK for: readable-stream@2.3.8 want: ~5.1.1
1759 silly placeDep ROOT string_decoder@1.1.1 OK for: readable-stream@2.3.8 want: ~1.1.1
1760 silly placeDep ROOT util-deprecate@1.0.2 OK for: readable-stream@2.3.8 want: ~1.0.1
1761 silly fetch manifest safe-buffer@~5.1.0
1762 silly packumentCache full:https://registry.npmjs.org/safe-buffer cache-hit
1763 silly placeDep ROOT glob@13.0.6 OK for: rimraf@6.1.3 want: ^13.0.3
1764 silly placeDep ROOT package-json-from-dist@1.0.1 OK for: rimraf@6.1.3 want: ^1.0.1
1765 silly fetch manifest minimatch@^10.2.2
1766 silly packumentCache full:https://registry.npmjs.org/minimatch cache-miss
1767 silly fetch manifest minipass@^7.1.3
1768 silly packumentCache full:https://registry.npmjs.org/minipass cache-hit
1769 silly fetch manifest path-scurry@^2.0.2
1770 silly packumentCache full:https://registry.npmjs.org/path-scurry cache-miss
1771 http fetch GET 200 https://registry.npmjs.org/path-scurry 94ms (cache revalidated)
1772 silly packumentCache full:https://registry.npmjs.org/path-scurry set size:117612 disposed:false
1773 http fetch GET 200 https://registry.npmjs.org/minimatch 118ms (cache revalidated)
1774 silly packumentCache full:https://registry.npmjs.org/minimatch set size:377924 disposed:false
1775 silly placeDep ROOT minimatch@10.2.6 OK for: glob@13.0.6 want: ^10.2.2
1776 silly placeDep ROOT minipass@7.1.3 OK for: glob@13.0.6 want: ^7.1.3
1777 silly placeDep ROOT path-scurry@2.0.2 OK for: glob@13.0.6 want: ^2.0.2
1778 silly fetch manifest brace-expansion@^5.0.8
1779 silly packumentCache full:https://registry.npmjs.org/brace-expansion cache-miss
1780 silly fetch manifest lru-cache@^11.0.0
1781 silly packumentCache full:https://registry.npmjs.org/lru-cache cache-hit
1782 http fetch GET 200 https://registry.npmjs.org/brace-expansion 81ms (cache revalidated)
1783 silly packumentCache full:https://registry.npmjs.org/brace-expansion set size:101024 disposed:false
1784 silly placeDep ROOT brace-expansion@5.0.9 OK for: minimatch@10.2.6 want: ^5.0.8
1785 silly fetch manifest balanced-match@^4.0.2
1786 silly packumentCache full:https://registry.npmjs.org/balanced-match cache-miss
1787 http fetch GET 200 https://registry.npmjs.org/balanced-match 88ms (cache revalidated)
1788 silly packumentCache full:https://registry.npmjs.org/balanced-match set size:39082 disposed:false
1789 silly placeDep ROOT balanced-match@4.0.4 OK for: brace-expansion@5.0.9 want: ^4.0.2
1790 silly placeDep node_modules/path-scurry lru-cache@11.5.2 OK for: path-scurry@2.0.2 want: ^11.0.0
1791 silly placeDep node_modules/send debug@2.6.9 OK for: send@0.19.2 want: 2.6.9
1792 silly placeDep ROOT mime@1.6.0 OK for: send@0.19.2 want: 1.6.0
1793 silly placeDep ROOT shebang-regex@3.0.0 OK for: shebang-command@2.0.0 want: ^3.0.0
1794 silly placeDep ROOT es-errors@1.3.0 OK for: side-channel@1.1.1 want: ^1.3.0
1795 silly placeDep ROOT object-inspect@1.13.4 OK for: side-channel@1.1.1 want: ^1.13.4
1796 silly placeDep ROOT side-channel-list@1.0.1 OK for: side-channel@1.1.1 want: ^1.0.1
1797 silly placeDep ROOT side-channel-map@1.0.1 OK for: side-channel@1.1.1 want: ^1.0.1
1798 silly placeDep ROOT side-channel-weakmap@1.0.2 OK for: side-channel@1.1.1 want: ^1.0.2
1799 silly fetch manifest call-bound@^1.0.2
1800 silly packumentCache full:https://registry.npmjs.org/call-bound cache-miss
1801 silly fetch manifest get-intrinsic@^1.2.5
1802 silly packumentCache full:https://registry.npmjs.org/get-intrinsic cache-miss
1803 silly fetch manifest call-bound@^1.0.2
1804 silly packumentCache full:https://registry.npmjs.org/call-bound cache-miss
1805 silly fetch manifest get-intrinsic@^1.2.5
1806 silly packumentCache full:https://registry.npmjs.org/get-intrinsic cache-miss
1807 http fetch GET 200 https://registry.npmjs.org/call-bound 148ms (cache revalidated)
1808 silly packumentCache full:https://registry.npmjs.org/call-bound set size:15317 disposed:false
1809 http fetch GET 200 https://registry.npmjs.org/get-intrinsic 156ms (cache revalidated)
1810 silly packumentCache full:https://registry.npmjs.org/get-intrinsic set size:60985 disposed:false
1811 http fetch GET 200 https://registry.npmjs.org/get-intrinsic 162ms (cache revalidated)
1812 silly packumentCache full:https://registry.npmjs.org/get-intrinsic set size:60985 disposed:false
1813 silly packumentCache full:https://registry.npmjs.org/get-intrinsic dispose
1814 http fetch GET 200 https://registry.npmjs.org/call-bound 186ms (cache revalidated)
1815 silly packumentCache full:https://registry.npmjs.org/call-bound set size:15317 disposed:false
1816 silly packumentCache full:https://registry.npmjs.org/call-bound dispose
1817 silly placeDep ROOT call-bound@1.0.4 OK for: side-channel-map@1.0.1 want: ^1.0.2
1818 silly placeDep ROOT get-intrinsic@1.3.0 OK for: side-channel-map@1.0.1 want: ^1.2.5
1819 silly fetch manifest call-bind-apply-helpers@^1.0.2
1820 silly packumentCache full:https://registry.npmjs.org/call-bind-apply-helpers cache-miss
1821 silly fetch manifest get-intrinsic@^1.3.0
1822 silly packumentCache full:https://registry.npmjs.org/get-intrinsic cache-hit
1823 silly fetch manifest gopd@^1.2.0
1824 silly packumentCache full:https://registry.npmjs.org/gopd cache-miss
1825 silly fetch manifest hasown@^2.0.2
1826 silly packumentCache full:https://registry.npmjs.org/hasown cache-miss
1827 silly fetch manifest get-proto@^1.0.1
1828 silly packumentCache full:https://registry.npmjs.org/get-proto cache-miss
1829 silly fetch manifest has-symbols@^1.1.0
1830 silly packumentCache full:https://registry.npmjs.org/has-symbols cache-miss
1831 silly fetch manifest function-bind@^1.1.2
1832 silly packumentCache full:https://registry.npmjs.org/function-bind cache-miss
1833 silly fetch manifest es-object-atoms@^1.1.1
1834 silly packumentCache full:https://registry.npmjs.org/es-object-atoms cache-miss
1835 http fetch GET 200 https://registry.npmjs.org/function-bind 207ms (cache revalidated)
1836 silly packumentCache full:https://registry.npmjs.org/function-bind set size:15733 disposed:false
1837 silly fetch manifest math-intrinsics@^1.1.0
1838 silly packumentCache full:https://registry.npmjs.org/math-intrinsics cache-miss
1839 http fetch GET 200 https://registry.npmjs.org/es-object-atoms 208ms (cache revalidated)
1840 silly packumentCache full:https://registry.npmjs.org/es-object-atoms set size:18278 disposed:false
1841 silly fetch manifest call-bind-apply-helpers@^1.0.2
1842 silly packumentCache full:https://registry.npmjs.org/call-bind-apply-helpers cache-miss
1843 http fetch GET 200 https://registry.npmjs.org/has-symbols 225ms (cache revalidated)
1844 silly packumentCache full:https://registry.npmjs.org/has-symbols set size:21550 disposed:false
1845 http fetch GET 200 https://registry.npmjs.org/hasown 233ms (cache revalidated)
1846 silly packumentCache full:https://registry.npmjs.org/hasown set size:18361 disposed:false
1847 http fetch GET 200 https://registry.npmjs.org/call-bind-apply-helpers 244ms (cache revalidated)
1848 silly packumentCache full:https://registry.npmjs.org/call-bind-apply-helpers set size:12744 disposed:false
1849 http fetch GET 200 https://registry.npmjs.org/get-proto 242ms (cache revalidated)
1850 silly packumentCache full:https://registry.npmjs.org/get-proto set size:8300 disposed:false
1851 http cache https://registry.npmjs.org/call-bind-apply-helpers 37ms (cache hit)
1852 silly packumentCache full:https://registry.npmjs.org/call-bind-apply-helpers set size:12744 disposed:false
1853 silly packumentCache full:https://registry.npmjs.org/call-bind-apply-helpers dispose
1854 http fetch GET 200 https://registry.npmjs.org/math-intrinsics 105ms (cache revalidated)
1855 silly packumentCache full:https://registry.npmjs.org/math-intrinsics set size:9265 disposed:false
1856 http fetch GET 200 https://registry.npmjs.org/gopd 428ms (cache revalidated)
1857 silly packumentCache full:https://registry.npmjs.org/gopd set size:11483 disposed:false
1858 silly placeDep ROOT call-bind-apply-helpers@1.0.2 OK for: call-bound@1.0.4 want: ^1.0.2
1859 silly placeDep ROOT function-bind@1.1.2 OK for: call-bind-apply-helpers@1.0.2 want: ^1.1.2
1860 silly placeDep ROOT es-object-atoms@1.1.2 OK for: get-intrinsic@1.3.0 want: ^1.1.1
1861 silly placeDep ROOT get-proto@1.0.1 OK for: get-intrinsic@1.3.0 want: ^1.0.1
1862 silly placeDep ROOT gopd@1.2.0 OK for: get-intrinsic@1.3.0 want: ^1.2.0
1863 silly placeDep ROOT has-symbols@1.1.0 OK for: get-intrinsic@1.3.0 want: ^1.1.0
1864 silly placeDep ROOT hasown@2.0.4 OK for: get-intrinsic@1.3.0 want: ^2.0.2
1865 silly placeDep ROOT math-intrinsics@1.1.0 OK for: get-intrinsic@1.3.0 want: ^1.1.0
1866 silly fetch manifest dunder-proto@^1.0.1
1867 silly packumentCache full:https://registry.npmjs.org/dunder-proto cache-miss
1868 http fetch GET 200 https://registry.npmjs.org/dunder-proto 77ms (cache revalidated)
1869 silly packumentCache full:https://registry.npmjs.org/dunder-proto set size:8256 disposed:false
1870 silly placeDep ROOT dunder-proto@1.0.1 OK for: get-proto@1.0.1 want: ^1.0.1
1871 silly placeDep ROOT ansi-styles@4.3.0 OK for: slice-ansi@4.0.0 want: ^4.0.0
1872 silly placeDep ROOT astral-regex@2.0.0 OK for: slice-ansi@4.0.0 want: ^2.0.0
1873 silly placeDep ROOT is-fullwidth-code-point@3.0.0 OK for: slice-ansi@4.0.0 want: ^3.0.0
1874 silly fetch manifest color-convert@^2.0.1
1875 silly packumentCache full:https://registry.npmjs.org/color-convert cache-miss
1876 http fetch GET 200 https://registry.npmjs.org/color-convert 76ms (cache revalidated)
1877 silly packumentCache full:https://registry.npmjs.org/color-convert set size:72663 disposed:false
1878 silly placeDep ROOT color-convert@2.0.1 OK for: ansi-styles@4.3.0 want: ^2.0.1
1879 silly fetch manifest color-name@~1.1.4
1880 silly packumentCache full:https://registry.npmjs.org/color-name cache-miss
1881 http fetch GET 200 https://registry.npmjs.org/color-name 233ms (cache revalidated)
1882 silly packumentCache full:https://registry.npmjs.org/color-name set size:20968 disposed:false
1883 silly placeDep ROOT color-name@1.1.4 OK for: color-convert@2.0.1 want: ~1.1.4
1884 silly placeDep node_modules/string_decoder safe-buffer@5.1.2 OK for: string_decoder@1.1.1 want: ~5.1.0
1885 silly placeDep ROOT emoji-regex@8.0.0 OK for: string-width@4.2.3 want: ^8.0.0
1886 silly placeDep ROOT ansi-regex@5.0.1 OK for: strip-ansi@6.0.1 want: ^5.0.1
1887 silly placeDep ROOT @isaacs/fs-minipass@4.0.1 OK for: tar@7.5.22 want: ^4.0.0
1888 silly placeDep ROOT chownr@3.0.0 OK for: tar@7.5.22 want: ^3.0.0
1889 silly placeDep ROOT minizlib@3.1.0 OK for: tar@7.5.22 want: ^3.1.0
1890 silly placeDep node_modules/tar yallist@5.0.0 OK for: tar@7.5.22 want: ^5.0.0
1891 silly placeDep node_modules/through2 readable-stream@3.6.2 OK for: through2@4.0.2 want: 3
1892 silly placeDep node_modules/tsx esbuild@0.28.2 OK for: tsx@4.23.12 want: ~0.28.0
1893 silly placeDep ROOT fsevents@2.3.3 OK for: tsx@4.23.12 want: ~2.3.3
1894 silly fetch manifest @esbuild/aix-ppc64@0.28.2
1895 silly packumentCache full:https://registry.npmjs.org/@esbuild%2faix-ppc64 cache-hit
1896 silly fetch manifest @esbuild/linux-arm@0.28.2
1897 silly packumentCache full:https://registry.npmjs.org/@esbuild%2flinux-arm cache-hit
1898 silly fetch manifest @esbuild/linux-x64@0.28.2
1899 silly packumentCache full:https://registry.npmjs.org/@esbuild%2flinux-x64 cache-hit
1900 silly fetch manifest @esbuild/sunos-x64@0.28.2
1901 silly packumentCache full:https://registry.npmjs.org/@esbuild%2fsunos-x64 cache-hit
1902 silly fetch manifest @esbuild/win32-x64@0.28.2
1903 silly packumentCache full:https://registry.npmjs.org/@esbuild%2fwin32-x64 cache-hit
1904 silly fetch manifest @esbuild/darwin-x64@0.28.2
1905 silly packumentCache full:https://registry.npmjs.org/@esbuild%2fdarwin-x64 cache-hit
1906 silly fetch manifest @esbuild/linux-ia32@0.28.2
1907 silly packumentCache full:https://registry.npmjs.org/@esbuild%2flinux-ia32 cache-hit
1908 silly fetch manifest @esbuild/netbsd-x64@0.28.2
1909 silly packumentCache full:https://registry.npmjs.org/@esbuild%2fnetbsd-x64 cache-hit
1910 silly fetch manifest @esbuild/win32-ia32@0.28.2
1911 silly packumentCache full:https://registry.npmjs.org/@esbuild%2fwin32-ia32 cache-hit
1912 silly fetch manifest @esbuild/android-arm@0.28.2
1913 silly packumentCache full:https://registry.npmjs.org/@esbuild%2fandroid-arm cache-hit
1914 silly fetch manifest @esbuild/android-x64@0.28.2
1915 silly packumentCache full:https://registry.npmjs.org/@esbuild%2fandroid-x64 cache-hit
1916 silly fetch manifest @esbuild/freebsd-x64@0.28.2
1917 silly packumentCache full:https://registry.npmjs.org/@esbuild%2ffreebsd-x64 cache-hit
1918 silly fetch manifest @esbuild/linux-arm64@0.28.2
1919 silly packumentCache full:https://registry.npmjs.org/@esbuild%2flinux-arm64 cache-hit
1920 silly fetch manifest @esbuild/linux-ppc64@0.28.2
1921 silly packumentCache full:https://registry.npmjs.org/@esbuild%2flinux-ppc64 cache-hit
1922 silly fetch manifest @esbuild/linux-s390x@0.28.2
1923 silly packumentCache full:https://registry.npmjs.org/@esbuild%2flinux-s390x cache-hit
1924 silly fetch manifest @esbuild/openbsd-x64@0.28.2
1925 silly packumentCache full:https://registry.npmjs.org/@esbuild%2fopenbsd-x64 cache-hit
1926 silly fetch manifest @esbuild/win32-arm64@0.28.2
1927 silly packumentCache full:https://registry.npmjs.org/@esbuild%2fwin32-arm64 cache-hit
1928 silly fetch manifest @esbuild/darwin-arm64@0.28.2
1929 silly packumentCache full:https://registry.npmjs.org/@esbuild%2fdarwin-arm64 cache-hit
1930 silly fetch manifest @esbuild/netbsd-arm64@0.28.2
1931 silly packumentCache full:https://registry.npmjs.org/@esbuild%2fnetbsd-arm64 cache-hit
1932 silly fetch manifest @esbuild/android-arm64@0.28.2
1933 silly packumentCache full:https://registry.npmjs.org/@esbuild%2fandroid-arm64 cache-hit
1934 silly fetch manifest @esbuild/freebsd-arm64@0.28.2
1935 silly packumentCache full:https://registry.npmjs.org/@esbuild%2ffreebsd-arm64 cache-hit
1936 silly fetch manifest @esbuild/linux-loong64@0.28.2
1937 silly packumentCache full:https://registry.npmjs.org/@esbuild%2flinux-loong64 cache-hit
1938 silly fetch manifest @esbuild/linux-riscv64@0.28.2
1939 silly packumentCache full:https://registry.npmjs.org/@esbuild%2flinux-riscv64 cache-hit
1940 silly fetch manifest @esbuild/openbsd-arm64@0.28.2
1941 silly packumentCache full:https://registry.npmjs.org/@esbuild%2fopenbsd-arm64 cache-hit
1942 silly fetch manifest @esbuild/linux-mips64el@0.28.2
1943 silly packumentCache full:https://registry.npmjs.org/@esbuild%2flinux-mips64el cache-hit
1944 silly fetch manifest @esbuild/openharmony-arm64@0.28.2
1945 silly packumentCache full:https://registry.npmjs.org/@esbuild%2fopenharmony-arm64 cache-hit
1946 silly placeDep ROOT media-typer@0.3.0 OK for: type-is@1.6.18 want: 0.3.0
1947 silly placeDep ROOT escalade@3.2.0 OK for: update-browserslist-db@1.3.1 want: ^3.2.0
1948 silly placeDep ROOT fdir@6.5.0 OK for: vite@6.4.3 want: ^6.4.4
1949 silly placeDep ROOT picomatch@4.0.5 OK for: vite@6.4.3 want: ^4.0.2
1950 silly placeDep ROOT rollup@4.62.5 OK for: vite@6.4.3 want: ^4.34.9
1951 silly placeDep ROOT tinyglobby@0.2.17 OK for: vite@6.4.3 want: ^0.2.13
1952 silly fetch manifest @types/estree@1.0.9
1953 silly packumentCache full:https://registry.npmjs.org/@types%2festree cache-miss
1954 silly fetch manifest @rollup/rollup-darwin-x64@4.62.5
1955 silly packumentCache full:https://registry.npmjs.org/@rollup%2frollup-darwin-x64 cache-miss
1956 silly fetch manifest @rollup/rollup-freebsd-x64@4.62.5
1957 silly packumentCache full:https://registry.npmjs.org/@rollup%2frollup-freebsd-x64 cache-miss
1958 silly fetch manifest @rollup/rollup-openbsd-x64@4.62.5
1959 silly packumentCache full:https://registry.npmjs.org/@rollup%2frollup-openbsd-x64 cache-miss
1960 silly fetch manifest @napi-rs/lzma-linux-x64-gnu@1.5.1
1961 silly packumentCache full:https://registry.npmjs.org/@napi-rs%2flzma-linux-x64-gnu cache-miss
1962 silly fetch manifest @rollup/rollup-darwin-arm64@4.62.5
1963 silly packumentCache full:https://registry.npmjs.org/@rollup%2frollup-darwin-arm64 cache-miss
1964 silly fetch manifest @rollup/rollup-android-arm64@4.62.5
1965 silly packumentCache full:https://registry.npmjs.org/@rollup%2frollup-android-arm64 cache-miss
1966 http fetch GET 200 https://registry.npmjs.org/@types%2festree 107ms (cache revalidated)
1967 silly packumentCache full:https://registry.npmjs.org/@types%2festree set size:76072 disposed:false
1968 silly fetch manifest @rollup/rollup-freebsd-arm64@4.62.5
1969 silly packumentCache full:https://registry.npmjs.org/@rollup%2frollup-freebsd-arm64 cache-miss
1970 http fetch GET 200 https://registry.npmjs.org/@rollup%2frollup-freebsd-x64 132ms (cache revalidated)
1971 silly packumentCache full:https://registry.npmjs.org/@rollup%2frollup-freebsd-x64 set size:200824 disposed:false
1972 silly fetch manifest @rollup/rollup-linux-x64-gnu@4.62.5
1973 silly packumentCache full:https://registry.npmjs.org/@rollup%2frollup-linux-x64-gnu cache-miss
1974 http fetch GET 200 https://registry.npmjs.org/@rollup%2frollup-darwin-x64 154ms (cache revalidated)
1975 silly packumentCache full:https://registry.npmjs.org/@rollup%2frollup-darwin-x64 set size:348164 disposed:false
1976 silly fetch manifest @rollup/rollup-win32-x64-gnu@4.62.5
1977 silly packumentCache full:https://registry.npmjs.org/@rollup%2frollup-win32-x64-gnu cache-miss
1978 http fetch GET 200 https://registry.npmjs.org/@rollup%2frollup-darwin-arm64 179ms (cache revalidated)
1979 silly packumentCache full:https://registry.npmjs.org/@rollup%2frollup-darwin-arm64 set size:353090 disposed:false
1980 silly fetch manifest @rollup/rollup-linux-x64-musl@4.62.5
1981 silly packumentCache full:https://registry.npmjs.org/@rollup%2frollup-linux-x64-musl cache-miss
1982 http fetch GET 200 https://registry.npmjs.org/@napi-rs%2flzma-linux-x64-gnu 200ms (cache revalidated)
1983 silly packumentCache full:https://registry.npmjs.org/@napi-rs%2flzma-linux-x64-gnu set size:31508 disposed:false
1984 silly fetch manifest @rollup/rollup-win32-x64-msvc@4.62.5
1985 silly packumentCache full:https://registry.npmjs.org/@rollup%2frollup-win32-x64-msvc cache-miss
1986 http fetch GET 200 https://registry.npmjs.org/@rollup%2frollup-android-arm64 210ms (cache revalidated)
1987 silly packumentCache full:https://registry.npmjs.org/@rollup%2frollup-android-arm64 set size:354655 disposed:false
1988 silly fetch manifest @rollup/rollup-linux-arm64-gnu@4.62.5
1989 silly packumentCache full:https://registry.npmjs.org/@rollup%2frollup-linux-arm64-gnu cache-miss
1990 http fetch GET 200 https://registry.npmjs.org/@rollup%2frollup-openbsd-x64 247ms (cache revalidated)
1991 silly packumentCache full:https://registry.npmjs.org/@rollup%2frollup-openbsd-x64 set size:45568 disposed:false
1992 silly fetch manifest @rollup/rollup-linux-ppc64-gnu@4.62.5
1993 silly packumentCache full:https://registry.npmjs.org/@rollup%2frollup-linux-ppc64-gnu cache-miss
1994 http fetch GET 200 https://registry.npmjs.org/@rollup%2frollup-freebsd-arm64 201ms (cache revalidated)
1995 silly packumentCache full:https://registry.npmjs.org/@rollup%2frollup-freebsd-arm64 set size:202859 disposed:false
1996 silly fetch manifest @rollup/rollup-linux-s390x-gnu@4.62.5
1997 silly packumentCache full:https://registry.npmjs.org/@rollup%2frollup-linux-s390x-gnu cache-miss
1998 http fetch GET 200 https://registry.npmjs.org/@rollup%2frollup-win32-x64-gnu 186ms (cache revalidated)
1999 silly packumentCache full:https://registry.npmjs.org/@rollup%2frollup-win32-x64-gnu set size:76269 disposed:false
2000 silly fetch manifest @rollup/rollup-win32-ia32-msvc@4.62.5
2001 silly packumentCache full:https://registry.npmjs.org/@rollup%2frollup-win32-ia32-msvc cache-miss
2002 http fetch GET 200 https://registry.npmjs.org/@rollup%2frollup-linux-x64-gnu 223ms (cache revalidated)
2003 silly packumentCache full:https://registry.npmjs.org/@rollup%2frollup-linux-x64-gnu set size:355540 disposed:false
2004 silly fetch manifest @rollup/rollup-android-arm-eabi@4.62.5
2005 silly packumentCache full:https://registry.npmjs.org/@rollup%2frollup-android-arm-eabi cache-miss
2006 http fetch GET 200 https://registry.npmjs.org/@rollup%2frollup-linux-x64-musl 194ms (cache revalidated)
2007 silly packumentCache full:https://registry.npmjs.org/@rollup%2frollup-linux-x64-musl set size:354936 disposed:false
2008 silly fetch manifest @rollup/rollup-linux-arm64-musl@4.62.5
2009 silly packumentCache full:https://registry.npmjs.org/@rollup%2frollup-linux-arm64-musl cache-miss
2010 http fetch GET 200 https://registry.npmjs.org/@rollup%2frollup-win32-x64-msvc 247ms (cache revalidated)
2011 silly packumentCache full:https://registry.npmjs.org/@rollup%2frollup-win32-x64-msvc set size:353235 disposed:false
2012 silly fetch manifest @rollup/rollup-linux-ppc64-musl@4.62.5
2013 silly packumentCache full:https://registry.npmjs.org/@rollup%2frollup-linux-ppc64-musl cache-miss
2014 http fetch GET 200 https://registry.npmjs.org/@rollup%2frollup-linux-arm64-gnu 264ms (cache revalidated)
2015 silly packumentCache full:https://registry.npmjs.org/@rollup%2frollup-linux-arm64-gnu set size:360527 disposed:false
2016 silly fetch manifest @rollup/rollup-win32-arm64-msvc@4.62.5
2017 silly packumentCache full:https://registry.npmjs.org/@rollup%2frollup-win32-arm64-msvc cache-miss
2018 http fetch GET 200 https://registry.npmjs.org/@rollup%2frollup-linux-ppc64-gnu 266ms (cache revalidated)
2019 silly packumentCache full:https://registry.npmjs.org/@rollup%2frollup-linux-ppc64-gnu set size:105213 disposed:false
2020 silly fetch manifest @rollup/rollup-linux-loong64-gnu@4.62.5
2021 silly packumentCache full:https://registry.npmjs.org/@rollup%2frollup-linux-loong64-gnu cache-miss
2022 http fetch GET 200 https://registry.npmjs.org/@rollup%2frollup-linux-s390x-gnu 244ms (cache revalidated)
2023 silly packumentCache full:https://registry.npmjs.org/@rollup%2frollup-linux-s390x-gnu set size:260377 disposed:false
2024 silly fetch manifest @rollup/rollup-linux-riscv64-gnu@4.62.5
2025 silly packumentCache full:https://registry.npmjs.org/@rollup%2frollup-linux-riscv64-gnu cache-miss
2026 http fetch GET 200 https://registry.npmjs.org/@rollup%2frollup-linux-ppc64-musl 187ms (cache revalidated)
2027 silly packumentCache full:https://registry.npmjs.org/@rollup%2frollup-linux-ppc64-musl set size:46786 disposed:false
2028 silly fetch manifest @rollup/rollup-openharmony-arm64@4.62.5
2029 silly packumentCache full:https://registry.npmjs.org/@rollup%2frollup-openharmony-arm64 cache-miss
2030 http fetch GET 200 https://registry.npmjs.org/@rollup%2frollup-android-arm-eabi 282ms (cache revalidated)
2031 silly packumentCache full:https://registry.npmjs.org/@rollup%2frollup-android-arm-eabi set size:358211 disposed:false
2032 silly fetch manifest @rollup/rollup-linux-loong64-musl@4.62.5
2033 silly packumentCache full:https://registry.npmjs.org/@rollup%2frollup-linux-loong64-musl cache-miss
2034 http fetch GET 200 https://registry.npmjs.org/@rollup%2frollup-linux-arm64-musl 280ms (cache revalidated)
2035 silly packumentCache full:https://registry.npmjs.org/@rollup%2frollup-linux-arm64-musl set size:315964 disposed:false
2036 silly fetch manifest @rollup/rollup-linux-riscv64-musl@4.62.5
2037 silly packumentCache full:https://registry.npmjs.org/@rollup%2frollup-linux-riscv64-musl cache-miss
2038 http fetch GET 200 https://registry.npmjs.org/@rollup%2frollup-win32-arm64-msvc 200ms (cache revalidated)
2039 silly packumentCache full:https://registry.npmjs.org/@rollup%2frollup-win32-arm64-msvc set size:358202 disposed:false
2040 silly fetch manifest @rollup/rollup-linux-arm-gnueabihf@4.62.5
2041 silly packumentCache full:https://registry.npmjs.org/@rollup%2frollup-linux-arm-gnueabihf cache-miss
2042 http fetch GET 200 https://registry.npmjs.org/@rollup%2frollup-win32-ia32-msvc 375ms (cache revalidated)
2043 silly packumentCache full:https://registry.npmjs.org/@rollup%2frollup-win32-ia32-msvc set size:356653 disposed:false
2044 silly fetch manifest @rollup/rollup-linux-arm-musleabihf@4.62.5
2045 silly packumentCache full:https://registry.npmjs.org/@rollup%2frollup-linux-arm-musleabihf cache-miss
2046 http fetch GET 200 https://registry.npmjs.org/@rollup%2frollup-linux-riscv64-gnu 198ms (cache revalidated)
2047 silly packumentCache full:https://registry.npmjs.org/@rollup%2frollup-linux-riscv64-gnu set size:286805 disposed:false
2048 http fetch GET 200 https://registry.npmjs.org/@rollup%2frollup-openharmony-arm64 265ms (cache revalidated)
2049 silly packumentCache full:https://registry.npmjs.org/@rollup%2frollup-openharmony-arm64 set size:85893 disposed:false
2050 http fetch GET 200 https://registry.npmjs.org/@rollup%2frollup-linux-loong64-musl 252ms (cache revalidated)
2051 silly packumentCache full:https://registry.npmjs.org/@rollup%2frollup-linux-loong64-musl set size:47173 disposed:false
2052 http fetch GET 200 https://registry.npmjs.org/@rollup%2frollup-linux-arm-musleabihf 192ms (cache revalidated)
2053 silly packumentCache full:https://registry.npmjs.org/@rollup%2frollup-linux-arm-musleabihf set size:258457 disposed:false
2054 http fetch GET 200 https://registry.npmjs.org/@rollup%2frollup-linux-arm-gnueabihf 233ms (cache revalidated)
2055 silly packumentCache full:https://registry.npmjs.org/@rollup%2frollup-linux-arm-gnueabihf set size:364234 disposed:false
2056 http fetch GET 200 https://registry.npmjs.org/@rollup%2frollup-linux-loong64-gnu 475ms (cache revalidated)
2057 silly packumentCache full:https://registry.npmjs.org/@rollup%2frollup-linux-loong64-gnu set size:85119 disposed:false
2058 http fetch GET 200 https://registry.npmjs.org/@rollup%2frollup-linux-riscv64-musl 388ms (cache revalidated)
2059 silly packumentCache full:https://registry.npmjs.org/@rollup%2frollup-linux-riscv64-musl set size:132838 disposed:false
2060 silly placeDep ROOT @napi-rs/lzma-linux-x64-gnu@1.5.1 OK for: rollup@4.62.5 want: 1.5.1
2061 silly placeDep ROOT @rollup/rollup-android-arm-eabi@4.62.5 OK for: rollup@4.62.5 want: 4.62.5
2062 silly placeDep ROOT @rollup/rollup-android-arm64@4.62.5 OK for: rollup@4.62.5 want: 4.62.5
2063 silly placeDep ROOT @rollup/rollup-darwin-arm64@4.62.5 OK for: rollup@4.62.5 want: 4.62.5
2064 silly placeDep ROOT @rollup/rollup-darwin-x64@4.62.5 OK for: rollup@4.62.5 want: 4.62.5
2065 silly placeDep ROOT @rollup/rollup-freebsd-arm64@4.62.5 OK for: rollup@4.62.5 want: 4.62.5
2066 silly placeDep ROOT @rollup/rollup-freebsd-x64@4.62.5 OK for: rollup@4.62.5 want: 4.62.5
2067 silly placeDep ROOT @rollup/rollup-linux-arm-gnueabihf@4.62.5 OK for: rollup@4.62.5 want: 4.62.5
2068 silly placeDep ROOT @rollup/rollup-linux-arm-musleabihf@4.62.5 OK for: rollup@4.62.5 want: 4.62.5
2069 silly placeDep ROOT @rollup/rollup-linux-arm64-gnu@4.62.5 OK for: rollup@4.62.5 want: 4.62.5
2070 silly placeDep ROOT @rollup/rollup-linux-arm64-musl@4.62.5 OK for: rollup@4.62.5 want: 4.62.5
2071 silly placeDep ROOT @rollup/rollup-linux-loong64-gnu@4.62.5 OK for: rollup@4.62.5 want: 4.62.5
2072 silly placeDep ROOT @rollup/rollup-linux-loong64-musl@4.62.5 OK for: rollup@4.62.5 want: 4.62.5
2073 silly placeDep ROOT @rollup/rollup-linux-ppc64-gnu@4.62.5 OK for: rollup@4.62.5 want: 4.62.5
2074 silly placeDep ROOT @rollup/rollup-linux-ppc64-musl@4.62.5 OK for: rollup@4.62.5 want: 4.62.5
2075 silly placeDep ROOT @rollup/rollup-linux-riscv64-gnu@4.62.5 OK for: rollup@4.62.5 want: 4.62.5
2076 silly placeDep ROOT @rollup/rollup-linux-riscv64-musl@4.62.5 OK for: rollup@4.62.5 want: 4.62.5
2077 silly placeDep ROOT @rollup/rollup-linux-s390x-gnu@4.62.5 OK for: rollup@4.62.5 want: 4.62.5
2078 silly placeDep ROOT @rollup/rollup-linux-x64-gnu@4.62.5 OK for: rollup@4.62.5 want: 4.62.5
2079 silly placeDep ROOT @rollup/rollup-linux-x64-musl@4.62.5 OK for: rollup@4.62.5 want: 4.62.5
2080 silly placeDep ROOT @rollup/rollup-openbsd-x64@4.62.5 OK for: rollup@4.62.5 want: 4.62.5
2081 silly placeDep ROOT @rollup/rollup-openharmony-arm64@4.62.5 OK for: rollup@4.62.5 want: 4.62.5
2082 silly placeDep ROOT @rollup/rollup-win32-arm64-msvc@4.62.5 OK for: rollup@4.62.5 want: 4.62.5
2083 silly placeDep ROOT @rollup/rollup-win32-ia32-msvc@4.62.5 OK for: rollup@4.62.5 want: 4.62.5
2084 silly placeDep ROOT @rollup/rollup-win32-x64-gnu@4.62.5 OK for: rollup@4.62.5 want: 4.62.5
2085 silly placeDep ROOT @rollup/rollup-win32-x64-msvc@4.62.5 OK for: rollup@4.62.5 want: 4.62.5
2086 silly placeDep ROOT @types/estree@1.0.9 OK for: rollup@4.62.5 want: 1.0.9
2087 silly placeDep ROOT isexe@2.0.0 OK for: which@2.0.2 want: ^2.0.0
2088 silly placeDep ROOT simple-plist@1.3.1 OK for: xcode@3.0.1 want: ^1.1.0
2089 silly placeDep ROOT uuid@7.0.3 OK for: xcode@3.0.1 want: ^7.0.3
2090 silly fetch manifest bplist-creator@0.1.0
2091 silly packumentCache full:https://registry.npmjs.org/bplist-creator cache-miss
2092 silly fetch manifest bplist-parser@0.3.1
2093 silly packumentCache full:https://registry.npmjs.org/bplist-parser cache-hit
2094 http fetch GET 200 https://registry.npmjs.org/bplist-creator 108ms (cache revalidated)
2095 silly packumentCache full:https://registry.npmjs.org/bplist-creator set size:18748 disposed:false
2096 silly placeDep ROOT bplist-creator@0.1.0 OK for: simple-plist@1.3.1 want: 0.1.0
2097 silly placeDep node_modules/simple-plist bplist-parser@0.3.1 OK for: simple-plist@1.3.1 want: 0.3.1
2098 silly fetch manifest stream-buffers@2.2.x
2099 silly packumentCache full:https://registry.npmjs.org/stream-buffers cache-miss
2100 http fetch GET 200 https://registry.npmjs.org/stream-buffers 79ms (cache revalidated)
2101 silly packumentCache full:https://registry.npmjs.org/stream-buffers set size:32945 disposed:false
2102 silly placeDep ROOT stream-buffers@2.2.0 OK for: bplist-creator@0.1.0 want: 2.2.x
2103 silly placeDep node_modules/xml2js xmlbuilder@11.0.1 OK for: xml2js@0.6.2 want: ~11.0.0
2104 silly placeDep ROOT buffer-crc32@0.2.13 OK for: yauzl@2.10.0 want: ~0.2.3
2105 silly placeDep ROOT fd-slicer@1.1.0 OK for: yauzl@2.10.0 want: ~1.1.0
2106 silly fetch manifest pend@~1.2.0
2107 silly packumentCache full:https://registry.npmjs.org/pend cache-miss
2108 http fetch GET 200 https://registry.npmjs.org/pend 113ms (cache revalidated)
2109 silly packumentCache full:https://registry.npmjs.org/pend set size:8066 disposed:false
2110 silly placeDep ROOT pend@1.2.0 OK for: fd-slicer@1.1.0 want: ~1.2.0
2111 silly placeDep ROOT at-least-node@1.0.0 OK for: fs-extra@9.1.0 want: ^1.0.0
2112 silly placeDep ROOT @types/mime@1.3.5 OK for: @types/send@0.17.6 want: ^1
2113 silly placeDep node_modules/body-parser ms@2.0.0 OK for: debug@2.6.9 want: 2.0.0
2114 silly placeDep node_modules/express ms@2.0.0 OK for: debug@2.6.9 want: 2.0.0
2115 silly placeDep node_modules/finalhandler ms@2.0.0 OK for: debug@2.6.9 want: 2.0.0
2116 silly placeDep node_modules/send/node_modules/debug ms@2.0.0 OK for: debug@2.6.9 want: 2.0.0
2117 silly placeDep node_modules/tsx @esbuild/aix-ppc64@0.28.2 OK for: esbuild@0.28.2 want: 0.28.2
2118 silly placeDep node_modules/tsx @esbuild/android-arm@0.28.2 OK for: esbuild@0.28.2 want: 0.28.2
2119 silly placeDep node_modules/tsx @esbuild/android-arm64@0.28.2 OK for: esbuild@0.28.2 want: 0.28.2
2120 silly placeDep node_modules/tsx @esbuild/android-x64@0.28.2 OK for: esbuild@0.28.2 want: 0.28.2
2121 silly placeDep node_modules/tsx @esbuild/darwin-arm64@0.28.2 OK for: esbuild@0.28.2 want: 0.28.2
2122 silly placeDep node_modules/tsx @esbuild/darwin-x64@0.28.2 OK for: esbuild@0.28.2 want: 0.28.2
2123 silly placeDep node_modules/tsx @esbuild/freebsd-arm64@0.28.2 OK for: esbuild@0.28.2 want: 0.28.2
2124 silly placeDep node_modules/tsx @esbuild/freebsd-x64@0.28.2 OK for: esbuild@0.28.2 want: 0.28.2
2125 silly placeDep node_modules/tsx @esbuild/linux-arm@0.28.2 OK for: esbuild@0.28.2 want: 0.28.2
2126 silly placeDep node_modules/tsx @esbuild/linux-arm64@0.28.2 OK for: esbuild@0.28.2 want: 0.28.2
2127 silly placeDep node_modules/tsx @esbuild/linux-ia32@0.28.2 OK for: esbuild@0.28.2 want: 0.28.2
2128 silly placeDep node_modules/tsx @esbuild/linux-loong64@0.28.2 OK for: esbuild@0.28.2 want: 0.28.2
2129 silly placeDep node_modules/tsx @esbuild/linux-mips64el@0.28.2 OK for: esbuild@0.28.2 want: 0.28.2
2130 silly placeDep node_modules/tsx @esbuild/linux-ppc64@0.28.2 OK for: esbuild@0.28.2 want: 0.28.2
2131 silly placeDep node_modules/tsx @esbuild/linux-riscv64@0.28.2 OK for: esbuild@0.28.2 want: 0.28.2
2132 silly placeDep node_modules/tsx @esbuild/linux-s390x@0.28.2 OK for: esbuild@0.28.2 want: 0.28.2
2133 silly placeDep node_modules/tsx @esbuild/linux-x64@0.28.2 OK for: esbuild@0.28.2 want: 0.28.2
2134 silly placeDep node_modules/tsx @esbuild/netbsd-arm64@0.28.2 OK for: esbuild@0.28.2 want: 0.28.2
2135 silly placeDep node_modules/tsx @esbuild/netbsd-x64@0.28.2 OK for: esbuild@0.28.2 want: 0.28.2
2136 silly placeDep node_modules/tsx @esbuild/openbsd-arm64@0.28.2 OK for: esbuild@0.28.2 want: 0.28.2
2137 silly placeDep node_modules/tsx @esbuild/openbsd-x64@0.28.2 OK for: esbuild@0.28.2 want: 0.28.2
2138 silly placeDep node_modules/tsx @esbuild/openharmony-arm64@0.28.2 OK for: esbuild@0.28.2 want: 0.28.2
2139 silly placeDep node_modules/tsx @esbuild/sunos-x64@0.28.2 OK for: esbuild@0.28.2 want: 0.28.2
2140 silly placeDep node_modules/tsx @esbuild/win32-arm64@0.28.2 OK for: esbuild@0.28.2 want: 0.28.2
2141 silly placeDep node_modules/tsx @esbuild/win32-ia32@0.28.2 OK for: esbuild@0.28.2 want: 0.28.2
2142 silly placeDep node_modules/tsx @esbuild/win32-x64@0.28.2 OK for: esbuild@0.28.2 want: 0.28.2
2143 silly reify moves {}
2144 silly audit bulk request {
2144 silly audit   '@capacitor/android': [ '8.5.0' ],
2144 silly audit   '@capacitor/cli': [ '8.5.0' ],
2144 silly audit   '@capacitor/core': [ '8.5.0' ],
2144 silly audit   '@google/genai': [ '2.18.0' ],
2144 silly audit   '@tailwindcss/vite': [ '4.3.3' ],
2144 silly audit   vite: [ '6.4.3' ],
2144 silly audit   '@types/express': [ '4.17.25' ],
2144 silly audit   '@types/node': [ '22.20.1' ],
2144 silly audit   '@vitejs/plugin-react': [ '5.2.0' ],
2144 silly audit   autoprefixer: [ '10.5.4' ],
2144 silly audit   postcss: [ '8.5.26' ],
2144 silly audit   dotenv: [ '17.4.2' ],
2144 silly audit   esbuild: [ '0.25.12', '0.28.2' ],
2144 silly audit   express: [ '4.22.2' ],
2144 silly audit   jszip: [ '3.10.1' ],
2144 silly audit   'lucide-react': [ '0.546.0' ],
2144 silly audit   react: [ '19.2.8' ],
2144 silly audit   motion: [ '12.43.0' ],
2144 silly audit   'react-dom': [ '19.2.8' ],
2144 silly audit   tailwindcss: [ '4.3.3' ],
2144 silly audit   tsx: [ '4.23.12' ],
2144 silly audit   typescript: [ '5.8.3' ],
2144 silly audit   '@ionic/cli-framework-output': [ '2.2.8' ],
2144 silly audit   '@ionic/utils-subprocess': [ '3.0.1' ],
2144 silly audit   '@ionic/utils-terminal': [ '2.3.5' ],
2144 silly audit   commander: [ '12.1.0' ],
2144 silly audit   debug: [ '4.4.3', '2.6.9' ],
2144 silly audit   'env-paths': [ '2.2.1' ],
2144 silly audit   'fs-extra': [ '11.4.0', '9.1.0' ],
2144 silly audit   kleur: [ '4.1.5', '3.0.3' ],
2144 silly audit   'native-run': [ '2.0.3' ],
2144 silly audit   open: [ '8.4.2' ],
2144 silly audit   plist: [ '3.1.1' ],
2144 silly audit   prompts: [ '2.4.2' ],
2144 silly audit   rimraf: [ '6.1.3' ],
2144 silly audit   semver: [ '7.8.5', '6.3.1' ],
2144 silly audit   tar: [ '7.5.22' ],
2144 silly audit   tslib: [ '2.8.1' ],
2144 silly audit   xcode: [ '3.0.1' ],
2144 silly audit   xml2js: [ '0.6.2' ],
2144 silly audit   'google-auth-library': [ '10.9.1' ],
2144 silly audit   'p-retry': [ '4.6.2' ],
2144 silly audit   protobufjs: [ '7.6.5' ],
2144 silly audit   ws: [ '8.21.3' ],
2144 silly audit   '@ionic/utils-array': [ '2.1.6' ],
2144 silly audit   '@ionic/utils-fs': [ '3.1.7' ],
2144 silly audit   '@ionic/utils-process': [ '2.1.12' ],
2144 silly audit   '@ionic/utils-stream': [ '3.1.7' ],
2144 silly audit   'cross-spawn': [ '7.0.6' ],
2144 silly audit   '@types/fs-extra': [ '8.1.5' ],
2144 silly audit   '@ionic/utils-object': [ '2.1.6' ],
2144 silly audit   'signal-exit': [ '3.0.7' ],
2144 silly audit   'tree-kill': [ '1.2.2' ],
2144 silly audit   '@types/slice-ansi': [ '4.0.0' ],
2144 silly audit   'slice-ansi': [ '4.0.0' ],
2144 silly audit   'string-width': [ '4.2.3' ],
2144 silly audit   'strip-ansi': [ '6.0.1' ],
2144 silly audit   untildify: [ '4.0.0' ],
2144 silly audit   'wrap-ansi': [ '7.0.0' ],
2144 silly audit   '@tailwindcss/node': [ '4.3.3' ],
2144 silly audit   '@tailwindcss/oxide': [ '4.3.3' ],
2144 silly audit   '@jridgewell/remapping': [ '2.3.5' ],
2144 silly audit   'enhanced-resolve': [ '5.24.5' ],
2144 silly audit   jiti: [ '2.7.0' ],
2144 silly audit   lightningcss: [ '1.32.0' ],
2144 silly audit   'magic-string': [ '0.30.21' ],
2144 silly audit   'source-map-js': [ '1.2.1' ],
2144 silly audit   '@jridgewell/gen-mapping': [ '0.3.13' ],
2144 silly audit   '@jridgewell/trace-mapping': [ '0.3.31' ],
2144 silly audit   '@jridgewell/sourcemap-codec': [ '1.5.5' ],
2144 silly audit   '@jridgewell/resolve-uri': [ '3.1.2' ],
2144 silly audit   '@tailwindcss/oxide-android-arm64': [ '4.3.3' ],
2144 silly audit   '@tailwindcss/oxide-darwin-arm64': [ '4.3.3' ],
2144 silly audit   '@tailwindcss/oxide-darwin-x64': [ '4.3.3' ],
2144 silly audit   '@tailwindcss/oxide-freebsd-x64': [ '4.3.3' ],
2144 silly audit   '@tailwindcss/oxide-linux-arm-gnueabihf': [ '4.3.3' ],
2144 silly audit   '@tailwindcss/oxide-linux-arm64-gnu': [ '4.3.3' ],
2144 silly audit   '@tailwindcss/oxide-linux-arm64-musl': [ '4.3.3' ],
2144 silly audit   '@tailwindcss/oxide-linux-x64-gnu': [ '4.3.3' ],
2144 silly audit   '@tailwindcss/oxide-linux-x64-musl': [ '4.3.3' ],
2144 silly audit   '@tailwindcss/oxide-wasm32-wasi': [ '4.3.3' ],
2144 silly audit   '@tailwindcss/oxide-win32-arm64-msvc': [ '4.3.3' ],
2144 silly audit   '@tailwindcss/oxide-win32-x64-msvc': [ '4.3.3' ],
2144 silly audit   '@types/body-parser': [ '1.19.6' ],
2144 silly audit   '@types/express-serve-static-core': [ '4.19.9' ],
2144 silly audit   '@types/qs': [ '6.15.1' ],
2144 silly audit   '@types/serve-static': [ '1.15.10' ],
2144 silly audit   '@types/connect': [ '3.4.38' ],
2144 silly audit   '@types/range-parser': [ '1.2.7' ],
2144 silly audit   '@types/send': [ '1.2.1', '0.17.6' ],
2144 silly audit   'undici-types': [ '6.21.0' ],
2144 silly audit   '@types/http-errors': [ '2.0.5' ],
2144 silly audit   '@babel/core': [ '7.29.7' ],
2144 silly audit   '@babel/plugin-transform-react-jsx-self': [ '7.29.7' ],
2144 silly audit   '@babel/plugin-transform-react-jsx-source': [ '7.29.7' ],
2144 silly audit   '@rolldown/pluginutils': [ '1.0.0-rc.3' ],
2144 silly audit   '@types/babel__core': [ '7.20.5' ],
2144 silly audit   'react-refresh': [ '0.18.0' ],
2144 silly audit   '@babel/code-frame': [ '7.29.7' ],
2144 silly audit   '@babel/generator': [ '7.29.8' ],
2144 silly audit   '@babel/helper-compilation-targets': [ '7.29.7' ],
2144 silly audit   '@babel/helper-module-transforms': [ '7.29.7' ],
2144 silly audit   '@babel/helpers': [ '7.29.7' ],
2144 silly audit   '@babel/parser': [ '7.29.8' ],
2144 silly audit   '@babel/template': [ '7.29.7' ],
2144 silly audit   '@babel/traverse': [ '7.29.8' ],
2144 silly audit   '@babel/types': [ '7.29.8' ],
2144 silly audit   'convert-source-map': [ '2.0.0' ],
2144 silly audit   gensync: [ '1.0.0-beta.2' ],
2144 silly audit   json5: [ '2.2.3' ],
2144 silly audit   '@babel/helper-validator-identifier': [ '7.29.7' ],
2144 silly audit   'js-tokens': [ '4.0.0' ],
2144 silly audit   picocolors: [ '1.1.1' ],
2144 silly audit   jsesc: [ '3.1.0' ],
2144 silly audit   '@babel/compat-data': [ '7.29.7' ],
2144 silly audit   '@babel/helper-validator-option': [ '7.29.7' ],
2144 silly audit   browserslist: [ '4.28.8' ],
2144 silly audit   'lru-cache': [ '5.1.1', '11.5.2' ],
2144 silly audit   '@babel/helper-module-imports': [ '7.29.7' ],
2144 silly audit   '@babel/helper-plugin-utils': [ '7.29.7' ],
2144 silly audit   '@babel/helper-globals': [ '7.29.7' ],
2144 silly audit   '@babel/helper-string-parser': [ '7.29.7' ],
2144 silly audit   '@types/babel__generator': [ '7.27.0' ],
2144 silly audit   '@types/babel__template': [ '7.4.4' ],
2144 silly audit   '@types/babel__traverse': [ '7.28.0' ],
2144 silly audit   'caniuse-lite': [ '1.0.30001809' ],
2144 silly audit   'fraction.js': [ '5.3.4' ],
2144 silly audit   'postcss-value-parser': [ '4.2.0' ],
2144 silly audit   'baseline-browser-mapping': [ '2.11.16' ],
2144 silly audit   'electron-to-chromium': [ '1.5.412' ],
2144 silly audit   'node-releases': [ '2.0.53' ],
2144 silly audit   'update-browserslist-db': [ '1.3.1' ],
2144 silly audit   'path-key': [ '3.1.1' ],
2144 silly audit   'shebang-command': [ '2.0.0' ],
2144 silly audit   which: [ '2.0.2' ],
2144 silly audit   ms: [ '2.1.3', '2.0.0' ],
2144 silly audit   'graceful-fs': [ '4.2.11' ],
2144 silly audit   tapable: [ '2.3.3' ],
2144 silly audit   '@esbuild/aix-ppc64': [ '0.25.12', '0.28.2' ],
2144 silly audit   '@esbuild/android-arm': [ '0.25.12', '0.28.2' ],
2144 silly audit   '@esbuild/android-arm64': [ '0.25.12', '0.28.2' ],
2144 silly audit   '@esbuild/android-x64': [ '0.25.12', '0.28.2' ],
2144 silly audit   '@esbuild/darwin-arm64': [ '0.25.12', '0.28.2' ],
2144 silly audit   '@esbuild/darwin-x64': [ '0.25.12', '0.28.2' ],
2144 silly audit   '@esbuild/freebsd-arm64': [ '0.25.12', '0.28.2' ],
2144 silly audit   '@esbuild/freebsd-x64': [ '0.25.12', '0.28.2' ],
2144 silly audit   '@esbuild/linux-arm': [ '0.25.12', '0.28.2' ],
2144 silly audit   '@esbuild/linux-arm64': [ '0.25.12', '0.28.2' ],
2144 silly audit   '@esbuild/linux-ia32': [ '0.25.12', '0.28.2' ],
2144 silly audit   '@esbuild/linux-loong64': [ '0.25.12', '0.28.2' ],
2144 silly audit   '@esbuild/linux-mips64el': [ '0.25.12', '0.28.2' ],
2144 silly audit   '@esbuild/linux-ppc64': [ '0.25.12', '0.28.2' ],
2144 silly audit   '@esbuild/linux-riscv64': [ '0.25.12', '0.28.2' ],
2144 silly audit   '@esbuild/linux-s390x': [ '0.25.12', '0.28.2' ],
2144 silly audit   '@esbuild/linux-x64': [ '0.25.12', '0.28.2' ],
2144 silly audit   '@esbuild/netbsd-arm64': [ '0.25.12', '0.28.2' ],
2144 silly audit   '@esbuild/netbsd-x64': [ '0.25.12', '0.28.2' ],
2144 silly audit   '@esbuild/openbsd-arm64': [ '0.25.12', '0.28.2' ],
2144 silly audit   '@esbuild/openbsd-x64': [ '0.25.12', '0.28.2' ],
2144 silly audit   '@esbuild/openharmony-arm64': [ '0.25.12', '0.28.2' ],
2144 silly audit   '@esbuild/sunos-x64': [ '0.25.12', '0.28.2' ],
2144 silly audit   '@esbuild/win32-arm64': [ '0.25.12', '0.28.2' ],
2144 silly audit   '@esbuild/win32-ia32': [ '0.25.12', '0.28.2' ],
2144 silly audit   '@esbuild/win32-x64': [ '0.25.12', '0.28.2' ],
2144 silly audit   accepts: [ '1.3.8' ],
2144 silly audit   'array-flatten': [ '1.1.1' ],
2144 silly audit   'body-parser': [ '1.20.6' ],
2144 silly audit   'content-disposition': [ '0.5.4' ],
2144 silly audit   'content-type': [ '1.0.5' ],
2144 silly audit   cookie: [ '0.7.2' ],
2144 silly audit   'cookie-signature': [ '1.0.7' ],
2144 silly audit   depd: [ '2.0.0' ],
2144 silly audit   encodeurl: [ '2.0.0' ],
2144 silly audit   'escape-html': [ '1.0.3' ],
2144 silly audit   etag: [ '1.8.1' ],
2144 silly audit   finalhandler: [ '1.3.2' ],
2144 silly audit   fresh: [ '0.5.2' ],
2144 silly audit   'http-errors': [ '2.0.1' ],
2144 silly audit   'merge-descriptors': [ '1.0.3' ],
2144 silly audit   methods: [ '1.1.2' ],
2144 silly audit   'on-finished': [ '2.4.1' ],
2144 silly audit   parseurl: [ '1.3.3' ],
2144 silly audit   'path-to-regexp': [ '0.1.13' ],
2144 silly audit   'proxy-addr': [ '2.0.7' ],
2144 silly audit   qs: [ '6.15.3' ],
2144 silly audit   'range-parser': [ '1.2.1' ],
2144 silly audit   'safe-buffer': [ '5.2.1', '5.1.2' ],
2144 silly audit   send: [ '0.19.2' ],
2144 silly audit   'serve-static': [ '1.16.3' ],
2144 silly audit   setprototypeof: [ '1.2.0' ],
2144 silly audit   statuses: [ '2.0.2' ],
2144 silly audit   'type-is': [ '1.6.18' ],
2144 silly audit   'utils-merge': [ '1.0.1' ],
2144 silly audit   vary: [ '1.1.2' ],
2144 silly audit   'mime-types': [ '2.1.35' ],
2144 silly audit   negotiator: [ '0.6.3' ],
2144 silly audit   bytes: [ '3.1.2' ],
2144 silly audit   destroy: [ '1.2.0' ],
2144 silly audit   'iconv-lite': [ '0.4.24' ],
2144 silly audit   'raw-body': [ '2.5.3' ],
2144 silly audit   unpipe: [ '1.0.0' ],
2144 silly audit   jsonfile: [ '6.2.1' ],
2144 silly audit   universalify: [ '2.0.1' ],
2144 silly audit   'base64-js': [ '1.5.1' ],
2144 silly audit   'ecdsa-sig-formatter': [ '1.0.11' ],
2144 silly audit   gaxios: [ '7.3.1' ],
2144 silly audit   'gcp-metadata': [ '8.1.2' ],
2144 silly audit   'google-logging-utils': [ '1.1.3' ],
2144 silly audit   jws: [ '4.0.1' ],
2144 silly audit   extend: [ '3.0.2' ],
2144 silly audit   'https-proxy-agent': [ '7.0.6' ],
2144 silly audit   'node-fetch': [ '3.3.2' ],
2144 silly audit   'json-bigint': [ '1.0.0' ],
2144 silly audit   inherits: [ '2.0.4' ],
2144 silly audit   toidentifier: [ '1.0.1' ],
2144 silly audit   'agent-base': [ '7.1.4' ],
2144 silly audit   'safer-buffer': [ '2.1.2' ],
2144 silly audit   'bignumber.js': [ '9.3.1' ],
2144 silly audit   lie: [ '3.3.0' ],
2144 silly audit   pako: [ '1.0.11' ],
2144 silly audit   'readable-stream': [ '2.3.8', '3.6.2' ],
2144 silly audit   setimmediate: [ '1.0.5' ],
2144 silly audit   jwa: [ '2.0.1' ],
2144 silly audit   'buffer-equal-constant-time': [ '1.0.1' ],
2144 silly audit   immediate: [ '3.0.6' ],
2144 silly audit   'detect-libc': [ '2.1.2' ],
2144 silly audit   'lightningcss-android-arm64': [ '1.32.0' ],
2144 silly audit   'lightningcss-darwin-arm64': [ '1.32.0' ],
2144 silly audit   'lightningcss-darwin-x64': [ '1.32.0' ],
2144 silly audit   'lightningcss-freebsd-x64': [ '1.32.0' ],
2144 silly audit   'lightningcss-linux-arm-gnueabihf': [ '1.32.0' ],
2144 silly audit   'lightningcss-linux-arm64-gnu': [ '1.32.0' ],
2144 silly audit   'lightningcss-linux-arm64-musl': [ '1.32.0' ],
2144 silly audit   'lightningcss-linux-x64-gnu': [ '1.32.0' ],
2144 silly audit   'lightningcss-linux-x64-musl': [ '1.32.0' ],
2144 silly audit   'lightningcss-win32-arm64-msvc': [ '1.32.0' ],
2144 silly audit   'lightningcss-win32-x64-msvc': [ '1.32.0' ],
2144 silly audit   yallist: [ '3.1.1', '5.0.0' ],
2144 silly audit   'mime-db': [ '1.52.0' ],
2144 silly audit   'framer-motion': [ '12.43.0' ],
2144 silly audit   'motion-dom': [ '12.43.0' ],
2144 silly audit   'motion-utils': [ '12.39.0' ],
2144 silly audit   'bplist-parser': [ '0.3.2', '0.3.1' ],
2144 silly audit   elementtree: [ '0.1.7' ],
2144 silly audit   ini: [ '4.1.3' ],
2144 silly audit   split2: [ '4.2.0' ],
2144 silly audit   through2: [ '4.0.2' ],
2144 silly audit   yauzl: [ '2.10.0' ],
2144 silly audit   'big-integer': [ '1.6.52' ],
2144 silly audit   sax: [ '1.1.4' ],
2144 silly audit   'data-uri-to-buffer': [ '4.0.1' ],
2144 silly audit   'fetch-blob': [ '3.2.0' ],
2144 silly audit   'formdata-polyfill': [ '4.0.10' ],
2144 silly audit   'node-domexception': [ '1.0.0' ],
2144 silly audit   'web-streams-polyfill': [ '3.3.3' ],
2144 silly audit   'ee-first': [ '1.1.1' ],
2144 silly audit   'define-lazy-prop': [ '2.0.0' ],
2144 silly audit   'is-docker': [ '2.2.1' ],
2144 silly audit   'is-wsl': [ '2.2.0' ],
2144 silly audit   '@types/retry': [ '0.12.0' ],
2144 silly audit   retry: [ '0.13.1' ],
2144 silly audit   '@xmldom/xmldom': [ '0.9.11' ],
2144 silly audit   xmlbuilder: [ '15.1.1', '11.0.1' ],
2144 silly audit   nanoid: [ '3.3.18' ],
2144 silly audit   sisteransi: [ '1.0.5' ],
2144 silly audit   '@protobufjs/aspromise': [ '1.1.2' ],
2144 silly audit   '@protobufjs/base64': [ '1.1.2' ],
2144 silly audit   '@protobufjs/codegen': [ '2.0.5' ],
2144 silly audit   '@protobufjs/eventemitter': [ '1.1.1' ],
2144 silly audit   '@protobufjs/fetch': [ '1.1.1' ],
2144 silly audit   '@protobufjs/float': [ '1.0.2' ],
2144 silly audit   '@protobufjs/path': [ '1.1.2' ],
2144 silly audit   '@protobufjs/pool': [ '1.1.0' ],
2144 silly audit   '@protobufjs/utf8': [ '1.1.2' ],
2144 silly audit   long: [ '5.3.2' ],
2144 silly audit   forwarded: [ '0.2.0' ],
2144 silly audit   'ipaddr.js': [ '1.9.1' ],
2144 silly audit   'es-define-property': [ '1.0.1' ],
2144 silly audit   'side-channel': [ '1.1.1' ],
2144 silly audit   scheduler: [ '0.27.0' ],
2144 silly audit   'core-util-is': [ '1.0.3' ],
2144 silly audit   isarray: [ '1.0.0' ],
2144 silly audit   'process-nextick-args': [ '2.0.1' ],
2144 silly audit   string_decoder: [ '1.1.1' ],
2144 silly audit   'util-deprecate': [ '1.0.2' ],
2144 silly audit   glob: [ '13.0.6' ],
2144 silly audit   'package-json-from-dist': [ '1.0.1' ],
2144 silly audit   minimatch: [ '10.2.6' ],
2144 silly audit   minipass: [ '7.1.3' ],
2144 silly audit   'path-scurry': [ '2.0.2' ],
2144 silly audit   'brace-expansion': [ '5.0.9' ],
2144 silly audit   'balanced-match': [ '4.0.4' ],
2144 silly audit   mime: [ '1.6.0' ],
2144 silly audit   'shebang-regex': [ '3.0.0' ],
2144 silly audit   'es-errors': [ '1.3.0' ],
2144 silly audit   'object-inspect': [ '1.13.4' ],
2144 silly audit   'side-channel-list': [ '1.0.1' ],
2144 silly audit   'side-channel-map': [ '1.0.1' ],
2144 silly audit   'side-channel-weakmap': [ '1.0.2' ],
2144 silly audit   'call-bound': [ '1.0.4' ],
2144 silly audit   'get-intrinsic': [ '1.3.0' ],
2144 silly audit   'call-bind-apply-helpers': [ '1.0.2' ],
2144 silly audit   'function-bind': [ '1.1.2' ],
2144 silly audit   'es-object-atoms': [ '1.1.2' ],
2144 silly audit   'get-proto': [ '1.0.1' ],
2144 silly audit   gopd: [ '1.2.0' ],
2144 silly audit   'has-symbols': [ '1.1.0' ],
2144 silly audit   hasown: [ '2.0.4' ],
2144 silly audit   'math-intrinsics': [ '1.1.0' ],
2144 silly audit   'dunder-proto': [ '1.0.1' ],
2144 silly audit   'ansi-styles': [ '4.3.0' ],
2144 silly audit   'astral-regex': [ '2.0.0' ],
2144 silly audit   'is-fullwidth-code-point': [ '3.0.0' ],
2144 silly audit   'color-convert': [ '2.0.1' ],
2144 silly audit   'color-name': [ '1.1.4' ],
2144 silly audit   'emoji-regex': [ '8.0.0' ],
2144 silly audit   'ansi-regex': [ '5.0.1' ],
2144 silly audit   '@isaacs/fs-minipass': [ '4.0.1' ],
2144 silly audit   chownr: [ '3.0.0' ],
2144 silly audit   minizlib: [ '3.1.0' ],
2144 silly audit   fsevents: [ '2.3.3' ],
2144 silly audit   'media-typer': [ '0.3.0' ],
2144 silly audit   escalade: [ '3.2.0' ],
2144 silly audit   fdir: [ '6.5.0' ],
2144 silly audit   picomatch: [ '4.0.5' ],
2144 silly audit   rollup: [ '4.62.5' ],
2144 silly audit   tinyglobby: [ '0.2.17' ],
2144 silly audit   '@napi-rs/lzma-linux-x64-gnu': [ '1.5.1' ],
2144 silly audit   '@rollup/rollup-android-arm-eabi': [ '4.62.5' ],
2144 silly audit   '@rollup/rollup-android-arm64': [ '4.62.5' ],
2144 silly audit   '@rollup/rollup-darwin-arm64': [ '4.62.5' ],
2144 silly audit   '@rollup/rollup-darwin-x64': [ '4.62.5' ],
2144 silly audit   '@rollup/rollup-freebsd-arm64': [ '4.62.5' ],
2144 silly audit   '@rollup/rollup-freebsd-x64': [ '4.62.5' ],
2144 silly audit   '@rollup/rollup-linux-arm-gnueabihf': [ '4.62.5' ],
2144 silly audit   '@rollup/rollup-linux-arm-musleabihf': [ '4.62.5' ],
2144 silly audit   '@rollup/rollup-linux-arm64-gnu': [ '4.62.5' ],
2144 silly audit   '@rollup/rollup-linux-arm64-musl': [ '4.62.5' ],
2144 silly audit   '@rollup/rollup-linux-loong64-gnu': [ '4.62.5' ],
2144 silly audit   '@rollup/rollup-linux-loong64-musl': [ '4.62.5' ],
2144 silly audit   '@rollup/rollup-linux-ppc64-gnu': [ '4.62.5' ],
2144 silly audit   '@rollup/rollup-linux-ppc64-musl': [ '4.62.5' ],
2144 silly audit   '@rollup/rollup-linux-riscv64-gnu': [ '4.62.5' ],
2144 silly audit   '@rollup/rollup-linux-riscv64-musl': [ '4.62.5' ],
2144 silly audit   '@rollup/rollup-linux-s390x-gnu': [ '4.62.5' ],
2144 silly audit   '@rollup/rollup-linux-x64-gnu': [ '4.62.5' ],
2144 silly audit   '@rollup/rollup-linux-x64-musl': [ '4.62.5' ],
2144 silly audit   '@rollup/rollup-openbsd-x64': [ '4.62.5' ],
2144 silly audit   '@rollup/rollup-openharmony-arm64': [ '4.62.5' ],
2144 silly audit   '@rollup/rollup-win32-arm64-msvc': [ '4.62.5' ],
2144 silly audit   '@rollup/rollup-win32-ia32-msvc': [ '4.62.5' ],
2144 silly audit   '@rollup/rollup-win32-x64-gnu': [ '4.62.5' ],
2144 silly audit   '@rollup/rollup-win32-x64-msvc': [ '4.62.5' ],
2144 silly audit   '@types/estree': [ '1.0.9' ],
2144 silly audit   isexe: [ '2.0.0' ],
2144 silly audit   'simple-plist': [ '1.3.1' ],
2144 silly audit   uuid: [ '7.0.3' ],
2144 silly audit   'bplist-creator': [ '0.1.0' ],
2144 silly audit   'stream-buffers': [ '2.2.0' ],
2144 silly audit   'buffer-crc32': [ '0.2.13' ],
2144 silly audit   'fd-slicer': [ '1.1.0' ],
2144 silly audit   pend: [ '1.2.0' ],
2144 silly audit   'at-least-node': [ '1.0.0' ],
2144 silly audit   '@types/mime': [ '1.3.5' ]
2144 silly audit }
2145 http cache @types/mime@https://registry.npmjs.org/@types/mime/-/mime-1.3.5.tgz 0ms (cache hit)
2146 http cache at-least-node@https://registry.npmjs.org/at-least-node/-/at-least-node-1.0.0.tgz 0ms (cache hit)
2147 http cache pend@https://registry.npmjs.org/pend/-/pend-1.2.0.tgz 0ms (cache hit)
2148 http cache fd-slicer@https://registry.npmjs.org/fd-slicer/-/fd-slicer-1.1.0.tgz 0ms (cache hit)
2149 http cache stream-buffers@https://registry.npmjs.org/stream-buffers/-/stream-buffers-2.2.0.tgz 0ms (cache hit)
2150 http cache bplist-creator@https://registry.npmjs.org/bplist-creator/-/bplist-creator-0.1.0.tgz 0ms (cache hit)
2151 http cache buffer-crc32@https://registry.npmjs.org/buffer-crc32/-/buffer-crc32-0.2.13.tgz 0ms (cache hit)
2152 http cache simple-plist@https://registry.npmjs.org/simple-plist/-/simple-plist-1.3.1.tgz 0ms (cache hit)
2153 http cache @types/estree@https://registry.npmjs.org/@types/estree/-/estree-1.0.9.tgz 0ms (cache hit)
2154 http cache isexe@https://registry.npmjs.org/isexe/-/isexe-2.0.0.tgz 0ms (cache hit)
2155 http cache @rollup/rollup-android-arm64@https://registry.npmjs.org/@rollup/rollup-android-arm64/-/rollup-android-arm64-4.62.5.tgz 0ms (cache hit)
2156 http cache uuid@https://registry.npmjs.org/uuid/-/uuid-7.0.3.tgz 0ms (cache hit)
2157 http cache tinyglobby@https://registry.npmjs.org/tinyglobby/-/tinyglobby-0.2.17.tgz 0ms (cache hit)
2158 http cache rollup@https://registry.npmjs.org/rollup/-/rollup-4.62.5.tgz 1ms (cache hit)
2159 http cache picomatch@https://registry.npmjs.org/picomatch/-/picomatch-4.0.5.tgz 0ms (cache hit)
2160 http cache fdir@https://registry.npmjs.org/fdir/-/fdir-6.5.0.tgz 0ms (cache hit)
2161 http cache escalade@https://registry.npmjs.org/escalade/-/escalade-3.2.0.tgz 0ms (cache hit)
2162 http cache minizlib@https://registry.npmjs.org/minizlib/-/minizlib-3.1.0.tgz 0ms (cache hit)
2163 http cache media-typer@https://registry.npmjs.org/media-typer/-/media-typer-0.3.0.tgz 0ms (cache hit)
2164 http cache chownr@https://registry.npmjs.org/chownr/-/chownr-3.0.0.tgz 0ms (cache hit)
2165 http cache @isaacs/fs-minipass@https://registry.npmjs.org/@isaacs/fs-minipass/-/fs-minipass-4.0.1.tgz 0ms (cache hit)
2166 http cache ansi-regex@https://registry.npmjs.org/ansi-regex/-/ansi-regex-5.0.1.tgz 0ms (cache hit)
2167 http cache emoji-regex@https://registry.npmjs.org/emoji-regex/-/emoji-regex-8.0.0.tgz 0ms (cache hit)
2168 http cache color-name@https://registry.npmjs.org/color-name/-/color-name-1.1.4.tgz 1ms (cache hit)
2169 http cache color-convert@https://registry.npmjs.org/color-convert/-/color-convert-2.0.1.tgz 0ms (cache hit)
2170 http cache is-fullwidth-code-point@https://registry.npmjs.org/is-fullwidth-code-point/-/is-fullwidth-code-point-3.0.0.tgz 0ms (cache hit)
2171 http cache astral-regex@https://registry.npmjs.org/astral-regex/-/astral-regex-2.0.0.tgz 0ms (cache hit)
2172 http cache ansi-styles@https://registry.npmjs.org/ansi-styles/-/ansi-styles-4.3.0.tgz 0ms (cache hit)
2173 http cache dunder-proto@https://registry.npmjs.org/dunder-proto/-/dunder-proto-1.0.1.tgz 0ms (cache hit)
2174 http cache math-intrinsics@https://registry.npmjs.org/math-intrinsics/-/math-intrinsics-1.1.0.tgz 0ms (cache hit)
2175 http cache hasown@https://registry.npmjs.org/hasown/-/hasown-2.0.4.tgz 0ms (cache hit)
2176 http cache has-symbols@https://registry.npmjs.org/has-symbols/-/has-symbols-1.1.0.tgz 0ms (cache hit)
2177 http cache gopd@https://registry.npmjs.org/gopd/-/gopd-1.2.0.tgz 0ms (cache hit)
2178 http cache get-proto@https://registry.npmjs.org/get-proto/-/get-proto-1.0.1.tgz 1ms (cache hit)
2179 http cache es-object-atoms@https://registry.npmjs.org/es-object-atoms/-/es-object-atoms-1.1.2.tgz 0ms (cache hit)
2180 http cache function-bind@https://registry.npmjs.org/function-bind/-/function-bind-1.1.2.tgz 0ms (cache hit)
2181 http cache call-bind-apply-helpers@https://registry.npmjs.org/call-bind-apply-helpers/-/call-bind-apply-helpers-1.0.2.tgz 0ms (cache hit)
2182 http cache get-intrinsic@https://registry.npmjs.org/get-intrinsic/-/get-intrinsic-1.3.0.tgz 0ms (cache hit)
2183 http cache call-bound@https://registry.npmjs.org/call-bound/-/call-bound-1.0.4.tgz 0ms (cache hit)
2184 http cache side-channel-weakmap@https://registry.npmjs.org/side-channel-weakmap/-/side-channel-weakmap-1.0.2.tgz 1ms (cache hit)
2185 http cache side-channel-map@https://registry.npmjs.org/side-channel-map/-/side-channel-map-1.0.1.tgz 0ms (cache hit)
2186 http cache side-channel-list@https://registry.npmjs.org/side-channel-list/-/side-channel-list-1.0.1.tgz 0ms (cache hit)
2187 http cache object-inspect@https://registry.npmjs.org/object-inspect/-/object-inspect-1.13.4.tgz 0ms (cache hit)
2188 http cache es-errors@https://registry.npmjs.org/es-errors/-/es-errors-1.3.0.tgz 0ms (cache hit)
2189 http cache mime@https://registry.npmjs.org/mime/-/mime-1.6.0.tgz 0ms (cache hit)
2190 http cache shebang-regex@https://registry.npmjs.org/shebang-regex/-/shebang-regex-3.0.0.tgz 0ms (cache hit)
2191 http cache balanced-match@https://registry.npmjs.org/balanced-match/-/balanced-match-4.0.4.tgz 0ms (cache hit)
2192 http cache brace-expansion@https://registry.npmjs.org/brace-expansion/-/brace-expansion-5.0.9.tgz 0ms (cache hit)
2193 http cache path-scurry@https://registry.npmjs.org/path-scurry/-/path-scurry-2.0.2.tgz 0ms (cache hit)
2194 http cache minipass@https://registry.npmjs.org/minipass/-/minipass-7.1.3.tgz 0ms (cache hit)
2195 http cache minimatch@https://registry.npmjs.org/minimatch/-/minimatch-10.2.6.tgz 0ms (cache hit)
2196 http cache package-json-from-dist@https://registry.npmjs.org/package-json-from-dist/-/package-json-from-dist-1.0.1.tgz 0ms (cache hit)
2197 http cache glob@https://registry.npmjs.org/glob/-/glob-13.0.6.tgz 0ms (cache hit)
2198 http cache util-deprecate@https://registry.npmjs.org/util-deprecate/-/util-deprecate-1.0.2.tgz 0ms (cache hit)
2199 http cache string_decoder@https://registry.npmjs.org/string_decoder/-/string_decoder-1.1.1.tgz 0ms (cache hit)
2200 http cache process-nextick-args@https://registry.npmjs.org/process-nextick-args/-/process-nextick-args-2.0.1.tgz 0ms (cache hit)
2201 http cache core-util-is@https://registry.npmjs.org/core-util-is/-/core-util-is-1.0.3.tgz 0ms (cache hit)
2202 http cache isarray@https://registry.npmjs.org/isarray/-/isarray-1.0.0.tgz 0ms (cache hit)
2203 http cache scheduler@https://registry.npmjs.org/scheduler/-/scheduler-0.27.0.tgz 0ms (cache hit)
2204 http cache side-channel@https://registry.npmjs.org/side-channel/-/side-channel-1.1.1.tgz 0ms (cache hit)
2205 http cache es-define-property@https://registry.npmjs.org/es-define-property/-/es-define-property-1.0.1.tgz 0ms (cache hit)
2206 http cache ipaddr.js@https://registry.npmjs.org/ipaddr.js/-/ipaddr.js-1.9.1.tgz 0ms (cache hit)
2207 http cache forwarded@https://registry.npmjs.org/forwarded/-/forwarded-0.2.0.tgz 0ms (cache hit)
2208 http cache long@https://registry.npmjs.org/long/-/long-5.3.2.tgz 0ms (cache hit)
2209 http cache @protobufjs/pool@https://registry.npmjs.org/@protobufjs/pool/-/pool-1.1.0.tgz 0ms (cache hit)
2210 http cache @protobufjs/utf8@https://registry.npmjs.org/@protobufjs/utf8/-/utf8-1.1.2.tgz 0ms (cache hit)
2211 http cache @protobufjs/path@https://registry.npmjs.org/@protobufjs/path/-/path-1.1.2.tgz 0ms (cache hit)
2212 http cache @protobufjs/float@https://registry.npmjs.org/@protobufjs/float/-/float-1.0.2.tgz 0ms (cache hit)
2213 http cache @protobufjs/fetch@https://registry.npmjs.org/@protobufjs/fetch/-/fetch-1.1.1.tgz 0ms (cache hit)
2214 http cache @protobufjs/eventemitter@https://registry.npmjs.org/@protobufjs/eventemitter/-/eventemitter-1.1.1.tgz 0ms (cache hit)
2215 http cache @protobufjs/codegen@https://registry.npmjs.org/@protobufjs/codegen/-/codegen-2.0.5.tgz 1ms (cache hit)
2216 http cache @protobufjs/base64@https://registry.npmjs.org/@protobufjs/base64/-/base64-1.1.2.tgz 0ms (cache hit)
2217 http cache sisteransi@https://registry.npmjs.org/sisteransi/-/sisteransi-1.0.5.tgz 0ms (cache hit)
2218 http cache @protobufjs/aspromise@https://registry.npmjs.org/@protobufjs/aspromise/-/aspromise-1.1.2.tgz 0ms (cache hit)
2219 http cache nanoid@https://registry.npmjs.org/nanoid/-/nanoid-3.3.18.tgz 0ms (cache hit)
2220 http cache xmlbuilder@https://registry.npmjs.org/xmlbuilder/-/xmlbuilder-15.1.1.tgz 0ms (cache hit)
2221 http cache retry@https://registry.npmjs.org/retry/-/retry-0.13.1.tgz 0ms (cache hit)
2222 http cache @xmldom/xmldom@https://registry.npmjs.org/@xmldom/xmldom/-/xmldom-0.9.11.tgz 0ms (cache hit)
2223 http cache @types/retry@https://registry.npmjs.org/@types/retry/-/retry-0.12.0.tgz 0ms (cache hit)
2224 http cache is-wsl@https://registry.npmjs.org/is-wsl/-/is-wsl-2.2.0.tgz 0ms (cache hit)
2225 http cache is-docker@https://registry.npmjs.org/is-docker/-/is-docker-2.2.1.tgz 0ms (cache hit)
2226 http cache define-lazy-prop@https://registry.npmjs.org/define-lazy-prop/-/define-lazy-prop-2.0.0.tgz 0ms (cache hit)
2227 http cache node-domexception@https://registry.npmjs.org/node-domexception/-/node-domexception-1.0.0.tgz 0ms (cache hit)
2228 http cache formdata-polyfill@https://registry.npmjs.org/formdata-polyfill/-/formdata-polyfill-4.0.10.tgz 0ms (cache hit)
2229 http cache fetch-blob@https://registry.npmjs.org/fetch-blob/-/fetch-blob-3.2.0.tgz 1ms (cache hit)
2230 http cache data-uri-to-buffer@https://registry.npmjs.org/data-uri-to-buffer/-/data-uri-to-buffer-4.0.1.tgz 0ms (cache hit)
2231 http cache sax@https://registry.npmjs.org/sax/-/sax-1.1.4.tgz 0ms (cache hit)
2232 http cache big-integer@https://registry.npmjs.org/big-integer/-/big-integer-1.6.52.tgz 0ms (cache hit)
2233 http cache yauzl@https://registry.npmjs.org/yauzl/-/yauzl-2.10.0.tgz 0ms (cache hit)
2234 http cache through2@https://registry.npmjs.org/through2/-/through2-4.0.2.tgz 0ms (cache hit)
2235 http cache ee-first@https://registry.npmjs.org/ee-first/-/ee-first-1.1.1.tgz 0ms (cache hit)
2236 http cache split2@https://registry.npmjs.org/split2/-/split2-4.2.0.tgz 0ms (cache hit)
2237 http cache ini@https://registry.npmjs.org/ini/-/ini-4.1.3.tgz 0ms (cache hit)
2238 http cache elementtree@https://registry.npmjs.org/elementtree/-/elementtree-0.1.7.tgz 0ms (cache hit)
2239 http cache bplist-parser@https://registry.npmjs.org/bplist-parser/-/bplist-parser-0.3.2.tgz 0ms (cache hit)
2240 http cache motion-utils@https://registry.npmjs.org/motion-utils/-/motion-utils-12.39.0.tgz 0ms (cache hit)
2241 http cache motion-dom@https://registry.npmjs.org/motion-dom/-/motion-dom-12.43.0.tgz 1ms (cache hit)
2242 http cache mime-db@https://registry.npmjs.org/mime-db/-/mime-db-1.52.0.tgz 1ms (cache hit)
2243 http cache yallist@https://registry.npmjs.org/yallist/-/yallist-3.1.1.tgz 0ms (cache hit)
2244 http cache framer-motion@https://registry.npmjs.org/framer-motion/-/framer-motion-12.43.0.tgz 0ms (cache hit)
2245 http cache lightningcss-android-arm64@https://registry.npmjs.org/lightningcss-android-arm64/-/lightningcss-android-arm64-1.32.0.tgz 0ms (cache hit)
2246 http cache web-streams-polyfill@https://registry.npmjs.org/web-streams-polyfill/-/web-streams-polyfill-3.3.3.tgz 0ms (cache hit)
2247 http cache detect-libc@https://registry.npmjs.org/detect-libc/-/detect-libc-2.1.2.tgz 0ms (cache hit)
2248 http cache immediate@https://registry.npmjs.org/immediate/-/immediate-3.0.6.tgz 0ms (cache hit)
2249 http cache jwa@https://registry.npmjs.org/jwa/-/jwa-2.0.1.tgz 0ms (cache hit)
2250 http cache buffer-equal-constant-time@https://registry.npmjs.org/buffer-equal-constant-time/-/buffer-equal-constant-time-1.0.1.tgz 0ms (cache hit)
2251 http cache readable-stream@https://registry.npmjs.org/readable-stream/-/readable-stream-2.3.8.tgz 0ms (cache hit)
2252 http cache setimmediate@https://registry.npmjs.org/setimmediate/-/setimmediate-1.0.5.tgz 0ms (cache hit)
2253 http cache pako@https://registry.npmjs.org/pako/-/pako-1.0.11.tgz 0ms (cache hit)
2254 http cache lie@https://registry.npmjs.org/lie/-/lie-3.3.0.tgz 0ms (cache hit)
2255 http cache bignumber.js@https://registry.npmjs.org/bignumber.js/-/bignumber.js-9.3.1.tgz 0ms (cache hit)
2256 http cache safer-buffer@https://registry.npmjs.org/safer-buffer/-/safer-buffer-2.1.2.tgz 0ms (cache hit)
2257 http cache agent-base@https://registry.npmjs.org/agent-base/-/agent-base-7.1.4.tgz 0ms (cache hit)
2258 http cache toidentifier@https://registry.npmjs.org/toidentifier/-/toidentifier-1.0.1.tgz 1ms (cache hit)
2259 http cache inherits@https://registry.npmjs.org/inherits/-/inherits-2.0.4.tgz 0ms (cache hit)
2260 http cache json-bigint@https://registry.npmjs.org/json-bigint/-/json-bigint-1.0.0.tgz 0ms (cache hit)
2261 http cache node-fetch@https://registry.npmjs.org/node-fetch/-/node-fetch-3.3.2.tgz 0ms (cache hit)
2262 http cache https-proxy-agent@https://registry.npmjs.org/https-proxy-agent/-/https-proxy-agent-7.0.6.tgz 0ms (cache hit)
2263 http cache extend@https://registry.npmjs.org/extend/-/extend-3.0.2.tgz 1ms (cache hit)
2264 http cache jws@https://registry.npmjs.org/jws/-/jws-4.0.1.tgz 0ms (cache hit)
2265 http cache google-logging-utils@https://registry.npmjs.org/google-logging-utils/-/google-logging-utils-1.1.3.tgz 0ms (cache hit)
2266 http cache gcp-metadata@https://registry.npmjs.org/gcp-metadata/-/gcp-metadata-8.1.2.tgz 0ms (cache hit)
2267 http cache gaxios@https://registry.npmjs.org/gaxios/-/gaxios-7.3.1.tgz 0ms (cache hit)
2268 http cache base64-js@https://registry.npmjs.org/base64-js/-/base64-js-1.5.1.tgz 0ms (cache hit)
2269 http cache ecdsa-sig-formatter@https://registry.npmjs.org/ecdsa-sig-formatter/-/ecdsa-sig-formatter-1.0.11.tgz 0ms (cache hit)
2270 http cache universalify@https://registry.npmjs.org/universalify/-/universalify-2.0.1.tgz 0ms (cache hit)
2271 http cache jsonfile@https://registry.npmjs.org/jsonfile/-/jsonfile-6.2.1.tgz 0ms (cache hit)
2272 http cache unpipe@https://registry.npmjs.org/unpipe/-/unpipe-1.0.0.tgz 0ms (cache hit)
2273 http cache raw-body@https://registry.npmjs.org/raw-body/-/raw-body-2.5.3.tgz 0ms (cache hit)
2274 http cache iconv-lite@https://registry.npmjs.org/iconv-lite/-/iconv-lite-0.4.24.tgz 0ms (cache hit)
2275 http cache destroy@https://registry.npmjs.org/destroy/-/destroy-1.2.0.tgz 1ms (cache hit)
2276 http cache bytes@https://registry.npmjs.org/bytes/-/bytes-3.1.2.tgz 0ms (cache hit)
2277 http cache negotiator@https://registry.npmjs.org/negotiator/-/negotiator-0.6.3.tgz 0ms (cache hit)
2278 http cache mime-types@https://registry.npmjs.org/mime-types/-/mime-types-2.1.35.tgz 0ms (cache hit)
2279 http cache vary@https://registry.npmjs.org/vary/-/vary-1.1.2.tgz 0ms (cache hit)
2280 http cache utils-merge@https://registry.npmjs.org/utils-merge/-/utils-merge-1.0.1.tgz 0ms (cache hit)
2281 http cache type-is@https://registry.npmjs.org/type-is/-/type-is-1.6.18.tgz 0ms (cache hit)
2282 http cache statuses@https://registry.npmjs.org/statuses/-/statuses-2.0.2.tgz 0ms (cache hit)
2283 http cache setprototypeof@https://registry.npmjs.org/setprototypeof/-/setprototypeof-1.2.0.tgz 0ms (cache hit)
2284 http cache serve-static@https://registry.npmjs.org/serve-static/-/serve-static-1.16.3.tgz 0ms (cache hit)
2285 http cache send@https://registry.npmjs.org/send/-/send-0.19.2.tgz 0ms (cache hit)
2286 http cache safe-buffer@https://registry.npmjs.org/safe-buffer/-/safe-buffer-5.2.1.tgz 0ms (cache hit)
2287 http cache range-parser@https://registry.npmjs.org/range-parser/-/range-parser-1.2.1.tgz 0ms (cache hit)
2288 http cache qs@https://registry.npmjs.org/qs/-/qs-6.15.3.tgz 0ms (cache hit)
2289 http cache proxy-addr@https://registry.npmjs.org/proxy-addr/-/proxy-addr-2.0.7.tgz 0ms (cache hit)
2290 http cache path-to-regexp@https://registry.npmjs.org/path-to-regexp/-/path-to-regexp-0.1.13.tgz 0ms (cache hit)
2291 http cache parseurl@https://registry.npmjs.org/parseurl/-/parseurl-1.3.3.tgz 0ms (cache hit)
2292 http cache on-finished@https://registry.npmjs.org/on-finished/-/on-finished-2.4.1.tgz 1ms (cache hit)
2293 http cache methods@https://registry.npmjs.org/methods/-/methods-1.1.2.tgz 0ms (cache hit)
2294 http cache http-errors@https://registry.npmjs.org/http-errors/-/http-errors-2.0.1.tgz 0ms (cache hit)
2295 http cache merge-descriptors@https://registry.npmjs.org/merge-descriptors/-/merge-descriptors-1.0.3.tgz 0ms (cache hit)
2296 http cache fresh@https://registry.npmjs.org/fresh/-/fresh-0.5.2.tgz 0ms (cache hit)
2297 http cache finalhandler@https://registry.npmjs.org/finalhandler/-/finalhandler-1.3.2.tgz 0ms (cache hit)
2298 http cache etag@https://registry.npmjs.org/etag/-/etag-1.8.1.tgz 0ms (cache hit)
2299 http cache escape-html@https://registry.npmjs.org/escape-html/-/escape-html-1.0.3.tgz 0ms (cache hit)
2300 http cache encodeurl@https://registry.npmjs.org/encodeurl/-/encodeurl-2.0.0.tgz 0ms (cache hit)
2301 http cache depd@https://registry.npmjs.org/depd/-/depd-2.0.0.tgz 0ms (cache hit)
2302 http cache cookie-signature@https://registry.npmjs.org/cookie-signature/-/cookie-signature-1.0.7.tgz 0ms (cache hit)
2303 http cache cookie@https://registry.npmjs.org/cookie/-/cookie-0.7.2.tgz 0ms (cache hit)
2304 http cache content-type@https://registry.npmjs.org/content-type/-/content-type-1.0.5.tgz 0ms (cache hit)
2305 http cache content-disposition@https://registry.npmjs.org/content-disposition/-/content-disposition-0.5.4.tgz 0ms (cache hit)
2306 http cache array-flatten@https://registry.npmjs.org/array-flatten/-/array-flatten-1.1.1.tgz 0ms (cache hit)
2307 http cache body-parser@https://registry.npmjs.org/body-parser/-/body-parser-1.20.6.tgz 0ms (cache hit)
2308 http cache accepts@https://registry.npmjs.org/accepts/-/accepts-1.3.8.tgz 0ms (cache hit)
2309 http cache @esbuild/android-arm64@https://registry.npmjs.org/@esbuild/android-arm64/-/android-arm64-0.25.12.tgz 0ms (cache hit)
2310 http cache tapable@https://registry.npmjs.org/tapable/-/tapable-2.3.3.tgz 0ms (cache hit)
2311 http cache graceful-fs@https://registry.npmjs.org/graceful-fs/-/graceful-fs-4.2.11.tgz 0ms (cache hit)
2312 http cache ms@https://registry.npmjs.org/ms/-/ms-2.1.3.tgz 0ms (cache hit)
2313 http cache which@https://registry.npmjs.org/which/-/which-2.0.2.tgz 0ms (cache hit)
2314 http cache shebang-command@https://registry.npmjs.org/shebang-command/-/shebang-command-2.0.0.tgz 0ms (cache hit)
2315 http cache path-key@https://registry.npmjs.org/path-key/-/path-key-3.1.1.tgz 0ms (cache hit)
2316 http cache update-browserslist-db@https://registry.npmjs.org/update-browserslist-db/-/update-browserslist-db-1.3.1.tgz 1ms (cache hit)
2317 http cache node-releases@https://registry.npmjs.org/node-releases/-/node-releases-2.0.53.tgz 0ms (cache hit)
2318 http cache electron-to-chromium@https://registry.npmjs.org/electron-to-chromium/-/electron-to-chromium-1.5.412.tgz 0ms (cache hit)
2319 http cache baseline-browser-mapping@https://registry.npmjs.org/baseline-browser-mapping/-/baseline-browser-mapping-2.11.16.tgz 0ms (cache hit)
2320 http cache postcss-value-parser@https://registry.npmjs.org/postcss-value-parser/-/postcss-value-parser-4.2.0.tgz 0ms (cache hit)
2321 http cache fraction.js@https://registry.npmjs.org/fraction.js/-/fraction.js-5.3.4.tgz 0ms (cache hit)
2322 http cache caniuse-lite@https://registry.npmjs.org/caniuse-lite/-/caniuse-lite-1.0.30001809.tgz 0ms (cache hit)
2323 http cache @types/babel__traverse@https://registry.npmjs.org/@types/babel__traverse/-/babel__traverse-7.28.0.tgz 0ms (cache hit)
2324 http cache @types/babel__template@https://registry.npmjs.org/@types/babel__template/-/babel__template-7.4.4.tgz 0ms (cache hit)
2325 http cache @types/babel__generator@https://registry.npmjs.org/@types/babel__generator/-/babel__generator-7.27.0.tgz 0ms (cache hit)
2326 http cache @babel/helper-string-parser@https://registry.npmjs.org/@babel/helper-string-parser/-/helper-string-parser-7.29.7.tgz 0ms (cache hit)
2327 http cache @babel/helper-globals@https://registry.npmjs.org/@babel/helper-globals/-/helper-globals-7.29.7.tgz 0ms (cache hit)
2328 http cache @babel/helper-plugin-utils@https://registry.npmjs.org/@babel/helper-plugin-utils/-/helper-plugin-utils-7.29.7.tgz 0ms (cache hit)
2329 http cache @babel/helper-module-imports@https://registry.npmjs.org/@babel/helper-module-imports/-/helper-module-imports-7.29.7.tgz 0ms (cache hit)
2330 http cache lru-cache@https://registry.npmjs.org/lru-cache/-/lru-cache-5.1.1.tgz 0ms (cache hit)
2331 http cache browserslist@https://registry.npmjs.org/browserslist/-/browserslist-4.28.8.tgz 0ms (cache hit)
2332 http cache @babel/helper-validator-option@https://registry.npmjs.org/@babel/helper-validator-option/-/helper-validator-option-7.29.7.tgz 0ms (cache hit)
2333 http cache @babel/compat-data@https://registry.npmjs.org/@babel/compat-data/-/compat-data-7.29.7.tgz 0ms (cache hit)
2334 http cache jsesc@https://registry.npmjs.org/jsesc/-/jsesc-3.1.0.tgz 0ms (cache hit)
2335 http cache picocolors@https://registry.npmjs.org/picocolors/-/picocolors-1.1.1.tgz 0ms (cache hit)
2336 http cache js-tokens@https://registry.npmjs.org/js-tokens/-/js-tokens-4.0.0.tgz 0ms (cache hit)
2337 http cache json5@https://registry.npmjs.org/json5/-/json5-2.2.3.tgz 0ms (cache hit)
2338 http cache @babel/helper-validator-identifier@https://registry.npmjs.org/@babel/helper-validator-identifier/-/helper-validator-identifier-7.29.7.tgz 0ms (cache hit)
2339 http cache gensync@https://registry.npmjs.org/gensync/-/gensync-1.0.0-beta.2.tgz 0ms (cache hit)
2340 http cache convert-source-map@https://registry.npmjs.org/convert-source-map/-/convert-source-map-2.0.0.tgz 0ms (cache hit)
2341 http cache @babel/types@https://registry.npmjs.org/@babel/types/-/types-7.29.8.tgz 0ms (cache hit)
2342 http cache @babel/traverse@https://registry.npmjs.org/@babel/traverse/-/traverse-7.29.8.tgz 0ms (cache hit)
2343 http cache @babel/template@https://registry.npmjs.org/@babel/template/-/template-7.29.7.tgz 0ms (cache hit)
2344 http cache @babel/parser@https://registry.npmjs.org/@babel/parser/-/parser-7.29.8.tgz 1ms (cache hit)
2345 http cache @babel/helpers@https://registry.npmjs.org/@babel/helpers/-/helpers-7.29.7.tgz 0ms (cache hit)
2346 http cache @babel/helper-module-transforms@https://registry.npmjs.org/@babel/helper-module-transforms/-/helper-module-transforms-7.29.7.tgz 0ms (cache hit)
2347 http cache @babel/helper-compilation-targets@https://registry.npmjs.org/@babel/helper-compilation-targets/-/helper-compilation-targets-7.29.7.tgz 0ms (cache hit)
2348 http cache @babel/generator@https://registry.npmjs.org/@babel/generator/-/generator-7.29.8.tgz 0ms (cache hit)
2349 http cache @babel/code-frame@https://registry.npmjs.org/@babel/code-frame/-/code-frame-7.29.7.tgz 1ms (cache hit)
2350 http cache react-refresh@https://registry.npmjs.org/react-refresh/-/react-refresh-0.18.0.tgz 0ms (cache hit)
2351 http cache @types/babel__core@https://registry.npmjs.org/@types/babel__core/-/babel__core-7.20.5.tgz 0ms (cache hit)
2352 http cache @rolldown/pluginutils@https://registry.npmjs.org/@rolldown/pluginutils/-/pluginutils-1.0.0-rc.3.tgz 0ms (cache hit)
2353 http cache @babel/plugin-transform-react-jsx-source@https://registry.npmjs.org/@babel/plugin-transform-react-jsx-source/-/plugin-transform-react-jsx-source-7.29.7.tgz 0ms (cache hit)
2354 http cache @babel/plugin-transform-react-jsx-self@https://registry.npmjs.org/@babel/plugin-transform-react-jsx-self/-/plugin-transform-react-jsx-self-7.29.7.tgz 0ms (cache hit)
2355 http cache @babel/core@https://registry.npmjs.org/@babel/core/-/core-7.29.7.tgz 0ms (cache hit)
2356 http cache @types/http-errors@https://registry.npmjs.org/@types/http-errors/-/http-errors-2.0.5.tgz 0ms (cache hit)
2357 http cache undici-types@https://registry.npmjs.org/undici-types/-/undici-types-6.21.0.tgz 0ms (cache hit)
2358 http cache @types/send@https://registry.npmjs.org/@types/send/-/send-1.2.1.tgz 0ms (cache hit)
2359 http cache @types/range-parser@https://registry.npmjs.org/@types/range-parser/-/range-parser-1.2.7.tgz 0ms (cache hit)
2360 http cache @types/connect@https://registry.npmjs.org/@types/connect/-/connect-3.4.38.tgz 0ms (cache hit)
2361 http cache @types/serve-static@https://registry.npmjs.org/@types/serve-static/-/serve-static-1.15.10.tgz 0ms (cache hit)
2362 http cache @types/qs@https://registry.npmjs.org/@types/qs/-/qs-6.15.1.tgz 0ms (cache hit)
2363 http cache @types/express-serve-static-core@https://registry.npmjs.org/@types/express-serve-static-core/-/express-serve-static-core-4.19.9.tgz 0ms (cache hit)
2364 http cache @types/body-parser@https://registry.npmjs.org/@types/body-parser/-/body-parser-1.19.6.tgz 0ms (cache hit)
2365 http cache @tailwindcss/oxide-android-arm64@https://registry.npmjs.org/@tailwindcss/oxide-android-arm64/-/oxide-android-arm64-4.3.3.tgz 0ms (cache hit)
2366 http cache @jridgewell/resolve-uri@https://registry.npmjs.org/@jridgewell/resolve-uri/-/resolve-uri-3.1.2.tgz 0ms (cache hit)
2367 http cache @jridgewell/sourcemap-codec@https://registry.npmjs.org/@jridgewell/sourcemap-codec/-/sourcemap-codec-1.5.5.tgz 0ms (cache hit)
2368 http cache @jridgewell/trace-mapping@https://registry.npmjs.org/@jridgewell/trace-mapping/-/trace-mapping-0.3.31.tgz 0ms (cache hit)
2369 http cache @jridgewell/gen-mapping@https://registry.npmjs.org/@jridgewell/gen-mapping/-/gen-mapping-0.3.13.tgz 0ms (cache hit)
2370 http cache source-map-js@https://registry.npmjs.org/source-map-js/-/source-map-js-1.2.1.tgz 0ms (cache hit)
2371 http cache magic-string@https://registry.npmjs.org/magic-string/-/magic-string-0.30.21.tgz 0ms (cache hit)
2372 http cache lightningcss@https://registry.npmjs.org/lightningcss/-/lightningcss-1.32.0.tgz 0ms (cache hit)
2373 http cache jiti@https://registry.npmjs.org/jiti/-/jiti-2.7.0.tgz 0ms (cache hit)
2374 http cache enhanced-resolve@https://registry.npmjs.org/enhanced-resolve/-/enhanced-resolve-5.24.5.tgz 0ms (cache hit)
2375 http cache @jridgewell/remapping@https://registry.npmjs.org/@jridgewell/remapping/-/remapping-2.3.5.tgz 0ms (cache hit)
2376 http cache @tailwindcss/oxide@https://registry.npmjs.org/@tailwindcss/oxide/-/oxide-4.3.3.tgz 0ms (cache hit)
2377 http cache @tailwindcss/node@https://registry.npmjs.org/@tailwindcss/node/-/node-4.3.3.tgz 0ms (cache hit)
2378 http cache wrap-ansi@https://registry.npmjs.org/wrap-ansi/-/wrap-ansi-7.0.0.tgz 0ms (cache hit)
2379 http cache untildify@https://registry.npmjs.org/untildify/-/untildify-4.0.0.tgz 0ms (cache hit)
2380 http cache strip-ansi@https://registry.npmjs.org/strip-ansi/-/strip-ansi-6.0.1.tgz 0ms (cache hit)
2381 http cache slice-ansi@https://registry.npmjs.org/slice-ansi/-/slice-ansi-4.0.0.tgz 0ms (cache hit)
2382 http cache string-width@https://registry.npmjs.org/string-width/-/string-width-4.2.3.tgz 0ms (cache hit)
2383 http cache @types/slice-ansi@https://registry.npmjs.org/@types/slice-ansi/-/slice-ansi-4.0.0.tgz 0ms (cache hit)
2384 http cache tree-kill@https://registry.npmjs.org/tree-kill/-/tree-kill-1.2.2.tgz 0ms (cache hit)
2385 http cache signal-exit@https://registry.npmjs.org/signal-exit/-/signal-exit-3.0.7.tgz 0ms (cache hit)
2386 http cache @types/fs-extra@https://registry.npmjs.org/@types/fs-extra/-/fs-extra-8.1.5.tgz 0ms (cache hit)
2387 http cache cross-spawn@https://registry.npmjs.org/cross-spawn/-/cross-spawn-7.0.6.tgz 0ms (cache hit)
2388 http cache @ionic/utils-object@https://registry.npmjs.org/@ionic/utils-object/-/utils-object-2.1.6.tgz 0ms (cache hit)
2389 http cache @ionic/utils-stream@https://registry.npmjs.org/@ionic/utils-stream/-/utils-stream-3.1.7.tgz 0ms (cache hit)
2390 http cache @ionic/utils-process@https://registry.npmjs.org/@ionic/utils-process/-/utils-process-2.1.12.tgz 0ms (cache hit)
2391 http cache @ionic/utils-fs@https://registry.npmjs.org/@ionic/utils-fs/-/utils-fs-3.1.7.tgz 0ms (cache hit)
2392 http cache @ionic/utils-array@https://registry.npmjs.org/@ionic/utils-array/-/utils-array-2.1.6.tgz 0ms (cache hit)
2393 http cache ws@https://registry.npmjs.org/ws/-/ws-8.21.3.tgz 0ms (cache hit)
2394 http cache protobufjs@https://registry.npmjs.org/protobufjs/-/protobufjs-7.6.5.tgz 0ms (cache hit)
2395 http cache p-retry@https://registry.npmjs.org/p-retry/-/p-retry-4.6.2.tgz 0ms (cache hit)
2396 http cache google-auth-library@https://registry.npmjs.org/google-auth-library/-/google-auth-library-10.9.1.tgz 0ms (cache hit)
2397 http cache xml2js@https://registry.npmjs.org/xml2js/-/xml2js-0.6.2.tgz 0ms (cache hit)
2398 http cache xcode@https://registry.npmjs.org/xcode/-/xcode-3.0.1.tgz 0ms (cache hit)
2399 http cache tslib@https://registry.npmjs.org/tslib/-/tslib-2.8.1.tgz 0ms (cache hit)
2400 http cache tar@https://registry.npmjs.org/tar/-/tar-7.5.22.tgz 0ms (cache hit)
2401 http cache semver@https://registry.npmjs.org/semver/-/semver-7.8.5.tgz 0ms (cache hit)
2402 http cache rimraf@https://registry.npmjs.org/rimraf/-/rimraf-6.1.3.tgz 0ms (cache hit)
2403 http cache prompts@https://registry.npmjs.org/prompts/-/prompts-2.4.2.tgz 0ms (cache hit)
2404 http cache plist@https://registry.npmjs.org/plist/-/plist-3.1.1.tgz 0ms (cache hit)
2405 http cache open@https://registry.npmjs.org/open/-/open-8.4.2.tgz 0ms (cache hit)
2406 http cache native-run@https://registry.npmjs.org/native-run/-/native-run-2.0.3.tgz 0ms (cache hit)
2407 http cache kleur@https://registry.npmjs.org/kleur/-/kleur-4.1.5.tgz 0ms (cache hit)
2408 http cache fs-extra@https://registry.npmjs.org/fs-extra/-/fs-extra-11.4.0.tgz 0ms (cache hit)
2409 http cache env-paths@https://registry.npmjs.org/env-paths/-/env-paths-2.2.1.tgz 0ms (cache hit)
2410 http cache debug@https://registry.npmjs.org/debug/-/debug-4.4.3.tgz 0ms (cache hit)
2411 http cache commander@https://registry.npmjs.org/commander/-/commander-12.1.0.tgz 0ms (cache hit)
2412 http cache @ionic/utils-terminal@https://registry.npmjs.org/@ionic/utils-terminal/-/utils-terminal-2.3.5.tgz 0ms (cache hit)
2413 http cache @ionic/utils-subprocess@https://registry.npmjs.org/@ionic/utils-subprocess/-/utils-subprocess-3.0.1.tgz 0ms (cache hit)
2414 http cache @ionic/cli-framework-output@https://registry.npmjs.org/@ionic/cli-framework-output/-/cli-framework-output-2.2.8.tgz 0ms (cache hit)
2415 http cache typescript@https://registry.npmjs.org/typescript/-/typescript-5.8.3.tgz 0ms (cache hit)
2416 http cache tsx@https://registry.npmjs.org/tsx/-/tsx-4.23.12.tgz 0ms (cache hit)
2417 http cache tailwindcss@https://registry.npmjs.org/tailwindcss/-/tailwindcss-4.3.3.tgz 0ms (cache hit)
2418 http cache react-dom@https://registry.npmjs.org/react-dom/-/react-dom-19.2.8.tgz 0ms (cache hit)
2419 http cache motion@https://registry.npmjs.org/motion/-/motion-12.43.0.tgz 0ms (cache hit)
2420 http cache react@https://registry.npmjs.org/react/-/react-19.2.8.tgz 0ms (cache hit)
2421 http cache lucide-react@https://registry.npmjs.org/lucide-react/-/lucide-react-0.546.0.tgz 0ms (cache hit)
2422 http cache jszip@https://registry.npmjs.org/jszip/-/jszip-3.10.1.tgz 0ms (cache hit)
2423 http cache express@https://registry.npmjs.org/express/-/express-4.22.2.tgz 0ms (cache hit)
2424 http cache esbuild@https://registry.npmjs.org/esbuild/-/esbuild-0.25.12.tgz 0ms (cache hit)
2425 http cache dotenv@https://registry.npmjs.org/dotenv/-/dotenv-17.4.2.tgz 0ms (cache hit)
2426 http cache postcss@https://registry.npmjs.org/postcss/-/postcss-8.5.26.tgz 0ms (cache hit)
2427 http cache autoprefixer@https://registry.npmjs.org/autoprefixer/-/autoprefixer-10.5.4.tgz 0ms (cache hit)
2428 http cache @vitejs/plugin-react@https://registry.npmjs.org/@vitejs/plugin-react/-/plugin-react-5.2.0.tgz 0ms (cache hit)
2429 http cache @types/node@https://registry.npmjs.org/@types/node/-/node-22.20.1.tgz 0ms (cache hit)
2430 http cache @types/express@https://registry.npmjs.org/@types/express/-/express-4.17.25.tgz 0ms (cache hit)
2431 http cache vite@https://registry.npmjs.org/vite/-/vite-6.4.3.tgz 0ms (cache hit)
2432 http cache @tailwindcss/vite@https://registry.npmjs.org/@tailwindcss/vite/-/vite-4.3.3.tgz 0ms (cache hit)
2433 http cache @google/genai@https://registry.npmjs.org/@google/genai/-/genai-2.18.0.tgz 1ms (cache hit)
2434 http cache @capacitor/core@https://registry.npmjs.org/@capacitor/core/-/core-8.5.0.tgz 0ms (cache hit)
2435 http cache @capacitor/cli@https://registry.npmjs.org/@capacitor/cli/-/cli-8.5.0.tgz 0ms (cache hit)
2436 http cache @capacitor/android@https://registry.npmjs.org/@capacitor/android/-/android-8.5.0.tgz 0ms (cache hit)
2437 http cache bplist-parser@https://registry.npmjs.org/bplist-parser/-/bplist-parser-0.3.1.tgz 1ms (cache hit)
2438 http cache lru-cache@https://registry.npmjs.org/lru-cache/-/lru-cache-11.5.2.tgz 0ms (cache hit)
2439 http cache safe-buffer@https://registry.npmjs.org/safe-buffer/-/safe-buffer-5.1.2.tgz 0ms (cache hit)
2440 http cache readable-stream@https://registry.npmjs.org/readable-stream/-/readable-stream-3.6.2.tgz 0ms (cache hit)
2441 http cache safe-buffer@https://registry.npmjs.org/safe-buffer/-/safe-buffer-5.1.2.tgz 0ms (cache hit)
2442 http cache debug@https://registry.npmjs.org/debug/-/debug-2.6.9.tgz 0ms (cache hit)
2443 http cache ms@https://registry.npmjs.org/ms/-/ms-2.0.0.tgz 0ms (cache hit)
2444 http cache ms@https://registry.npmjs.org/ms/-/ms-2.0.0.tgz 0ms (cache hit)
2445 http cache debug@https://registry.npmjs.org/debug/-/debug-2.6.9.tgz 0ms (cache hit)
2446 http cache ms@https://registry.npmjs.org/ms/-/ms-2.0.0.tgz 0ms (cache hit)
2447 http cache debug@https://registry.npmjs.org/debug/-/debug-2.6.9.tgz 0ms (cache hit)
2448 http cache semver@https://registry.npmjs.org/semver/-/semver-6.3.1.tgz 0ms (cache hit)
2449 http cache semver@https://registry.npmjs.org/semver/-/semver-6.3.1.tgz 0ms (cache hit)
2450 http cache @types/send@https://registry.npmjs.org/@types/send/-/send-0.17.6.tgz 0ms (cache hit)
2451 http cache fs-extra@https://registry.npmjs.org/fs-extra/-/fs-extra-9.1.0.tgz 0ms (cache hit)
2452 http cache xmlbuilder@https://registry.npmjs.org/xmlbuilder/-/xmlbuilder-11.0.1.tgz 0ms (cache hit)
2453 http cache yallist@https://registry.npmjs.org/yallist/-/yallist-5.0.0.tgz 1ms (cache hit)
2454 http cache kleur@https://registry.npmjs.org/kleur/-/kleur-3.0.3.tgz 0ms (cache hit)
2455 http cache @esbuild/android-arm64@https://registry.npmjs.org/@esbuild/android-arm64/-/android-arm64-0.28.2.tgz 0ms (cache hit)
2456 http cache esbuild@https://registry.npmjs.org/esbuild/-/esbuild-0.28.2.tgz 0ms (cache hit)
2457 http cache ms@https://registry.npmjs.org/ms/-/ms-2.0.0.tgz 0ms (cache hit)
2458 http cache debug@https://registry.npmjs.org/debug/-/debug-2.6.9.tgz 0ms (cache hit)
2459 http fetch POST 200 https://registry.npmjs.org/-/npm/v1/security/advisories/bulk 1852ms
2460 silly audit report {
2460 silly audit report   uuid: [
2460 silly audit report     {
2460 silly audit report       id: 1119441,
2460 silly audit report       url: 'https://github.com/advisories/GHSA-w5hq-g745-h8pq',
2460 silly audit report       title: 'uuid: Missing buffer bounds check in v3/v5/v6 when buf is provided',
2460 silly audit report       severity: 'moderate',
2460 silly audit report       vulnerable_versions: '<11.1.1',
2460 silly audit report       cwe: [Array],
2460 silly audit report       cvss: [Object]
2460 silly audit report     }
2460 silly audit report   ]
2460 silly audit report }
2461 silly packumentCache corgi:https://registry.npmjs.org/uuid cache-miss
2462 http fetch GET 200 https://registry.npmjs.org/uuid 4346ms (cache revalidated)
2463 silly packumentCache corgi:https://registry.npmjs.org/uuid set size:84321 disposed:false
2464 silly packumentCache corgi:https://registry.npmjs.org/xcode cache-miss
2465 http fetch GET 200 https://registry.npmjs.org/xcode 805ms (cache revalidated)
2466 silly packumentCache corgi:https://registry.npmjs.org/xcode set size:1850340 disposed:false
2467 silly packumentCache corgi:https://registry.npmjs.org/@capacitor%2fcli cache-miss
2468 http fetch GET 200 https://registry.npmjs.org/@capacitor%2fcli 531ms (cache revalidated)
2469 silly packumentCache corgi:https://registry.npmjs.org/@capacitor%2fcli set size:2448363 disposed:false
2470 warn deprecated node-domexception@1.0.0: Use your platform's native DOMException instead
2471 warn deprecated uuid@7.0.3: uuid@10 and below is no longer supported.  For ESM codebases, update to uuid@latest.  For CommonJS codebases, use uuid@11 (but be aware this version will likely be deprecated in 2028).
2472 info run @google/genai@2.18.0 preinstall node_modules/@google/genai echo 'preinstall: no-op'
2473 info run @google/genai@2.18.0 preinstall { code: 0, signal: null }
2474 info run esbuild@0.25.12 postinstall node_modules/esbuild node install.js
2475 info run protobufjs@7.6.5 postinstall node_modules/protobufjs node scripts/postinstall
2476 info run esbuild@0.28.2 postinstall node_modules/tsx/node_modules/esbuild node install.js
2477 info run protobufjs@7.6.5 postinstall { code: 0, signal: null }
2478 info run esbuild@0.25.12 postinstall { code: 0, signal: null }
2479 info run esbuild@0.28.2 postinstall { code: 0, signal: null }
2480 silly ADD node_modules/@types/mime
2481 silly ADD node_modules/at-least-node
2482 silly ADD node_modules/pend
2483 silly ADD node_modules/fd-slicer
2484 silly ADD node_modules/buffer-crc32
2485 silly ADD node_modules/stream-buffers
2486 silly ADD node_modules/bplist-creator
2487 silly ADD node_modules/uuid
2488 silly ADD node_modules/simple-plist
2489 silly ADD node_modules/simple-plist/node_modules/bplist-parser
2490 silly ADD node_modules/isexe
2491 silly ADD node_modules/@types/estree
2492 silly ADD node_modules/@rollup/rollup-android-arm64
2493 silly ADD node_modules/tinyglobby
2494 silly ADD node_modules/rollup
2495 silly ADD node_modules/picomatch
2496 silly ADD node_modules/fdir
2497 silly ADD node_modules/escalade
2498 silly ADD node_modules/media-typer
2499 silly ADD node_modules/minizlib
2500 silly ADD node_modules/chownr
2501 silly ADD node_modules/@isaacs/fs-minipass
2502 silly ADD node_modules/ansi-regex
2503 silly ADD node_modules/emoji-regex
2504 silly ADD node_modules/color-name
2505 silly ADD node_modules/color-convert
2506 silly ADD node_modules/is-fullwidth-code-point
2507 silly ADD node_modules/astral-regex
2508 silly ADD node_modules/ansi-styles
2509 silly ADD node_modules/dunder-proto
2510 silly ADD node_modules/math-intrinsics
2511 silly ADD node_modules/hasown
2512 silly ADD node_modules/has-symbols
2513 silly ADD node_modules/gopd
2514 silly ADD node_modules/get-proto
2515 silly ADD node_modules/es-object-atoms
2516 silly ADD node_modules/function-bind
2517 silly ADD node_modules/call-bind-apply-helpers
2518 silly ADD node_modules/get-intrinsic
2519 silly ADD node_modules/call-bound
2520 silly ADD node_modules/side-channel-weakmap
2521 silly ADD node_modules/side-channel-map
2522 silly ADD node_modules/side-channel-list
2523 silly ADD node_modules/object-inspect
2524 silly ADD node_modules/es-errors
2525 silly ADD node_modules/shebang-regex
2526 silly ADD node_modules/mime
2527 silly ADD node_modules/balanced-match
2528 silly ADD node_modules/brace-expansion
2529 silly ADD node_modules/path-scurry
2530 silly ADD node_modules/path-scurry/node_modules/lru-cache
2531 silly ADD node_modules/minipass
2532 silly ADD node_modules/minimatch
2533 silly ADD node_modules/package-json-from-dist
2534 silly ADD node_modules/glob
2535 silly ADD node_modules/util-deprecate
2536 silly ADD node_modules/string_decoder
2537 silly ADD node_modules/string_decoder/node_modules/safe-buffer
2538 silly ADD node_modules/process-nextick-args
2539 silly ADD node_modules/isarray
2540 silly ADD node_modules/core-util-is
2541 silly ADD node_modules/scheduler
2542 silly ADD node_modules/side-channel
2543 silly ADD node_modules/es-define-property
2544 silly ADD node_modules/ipaddr.js
2545 silly ADD node_modules/forwarded
2546 silly ADD node_modules/long
2547 silly ADD node_modules/@protobufjs/utf8
2548 silly ADD node_modules/@protobufjs/pool
2549 silly ADD node_modules/@protobufjs/path
2550 silly ADD node_modules/@protobufjs/float
2551 silly ADD node_modules/@protobufjs/fetch
2552 silly ADD node_modules/@protobufjs/eventemitter
2553 silly ADD node_modules/@protobufjs/codegen
2554 silly ADD node_modules/@protobufjs/base64
2555 silly ADD node_modules/@protobufjs/aspromise
2556 silly ADD node_modules/sisteransi
2557 silly ADD node_modules/nanoid
2558 silly ADD node_modules/xmlbuilder
2559 silly ADD node_modules/@xmldom/xmldom
2560 silly ADD node_modules/retry
2561 silly ADD node_modules/@types/retry
2562 silly ADD node_modules/is-wsl
2563 silly ADD node_modules/is-docker
2564 silly ADD node_modules/define-lazy-prop
2565 silly ADD node_modules/ee-first
2566 silly ADD node_modules/web-streams-polyfill
2567 silly ADD node_modules/node-domexception
2568 silly ADD node_modules/formdata-polyfill
2569 silly ADD node_modules/fetch-blob
2570 silly ADD node_modules/data-uri-to-buffer
2571 silly ADD node_modules/sax
2572 silly ADD node_modules/big-integer
2573 silly ADD node_modules/yauzl
2574 silly ADD node_modules/through2
2575 silly ADD node_modules/through2/node_modules/readable-stream
2576 silly ADD node_modules/split2
2577 silly ADD node_modules/ini
2578 silly ADD node_modules/elementtree
2579 silly ADD node_modules/bplist-parser
2580 silly ADD node_modules/motion-utils
2581 silly ADD node_modules/motion-dom
2582 silly ADD node_modules/framer-motion
2583 silly ADD node_modules/mime-db
2584 silly ADD node_modules/yallist
2585 silly ADD node_modules/lightningcss-android-arm64
2586 silly ADD node_modules/detect-libc
2587 silly ADD node_modules/immediate
2588 silly ADD node_modules/buffer-equal-constant-time
2589 silly ADD node_modules/jwa
2590 silly ADD node_modules/setimmediate
2591 silly ADD node_modules/readable-stream
2592 silly ADD node_modules/readable-stream/node_modules/safe-buffer
2593 silly ADD node_modules/pako
2594 silly ADD node_modules/lie
2595 silly ADD node_modules/bignumber.js
2596 silly ADD node_modules/safer-buffer
2597 silly ADD node_modules/agent-base
2598 silly ADD node_modules/toidentifier
2599 silly ADD node_modules/inherits
2600 silly ADD node_modules/json-bigint
2601 silly ADD node_modules/node-fetch
2602 silly ADD node_modules/https-proxy-agent
2603 silly ADD node_modules/extend
2604 silly ADD node_modules/jws
2605 silly ADD node_modules/google-logging-utils
2606 silly ADD node_modules/gcp-metadata
2607 silly ADD node_modules/gaxios
2608 silly ADD node_modules/ecdsa-sig-formatter
2609 silly ADD node_modules/base64-js
2610 silly ADD node_modules/universalify
2611 silly ADD node_modules/jsonfile
2612 silly ADD node_modules/unpipe
2613 silly ADD node_modules/raw-body
2614 silly ADD node_modules/iconv-lite
2615 silly ADD node_modules/destroy
2616 silly ADD node_modules/bytes
2617 silly ADD node_modules/negotiator
2618 silly ADD node_modules/mime-types
2619 silly ADD node_modules/vary
2620 silly ADD node_modules/utils-merge
2621 silly ADD node_modules/type-is
2622 silly ADD node_modules/statuses
2623 silly ADD node_modules/setprototypeof
2624 silly ADD node_modules/serve-static
2625 silly ADD node_modules/send
2626 silly ADD node_modules/send/node_modules/debug
2627 silly ADD node_modules/send/node_modules/debug/node_modules/ms
2628 silly ADD node_modules/safe-buffer
2629 silly ADD node_modules/range-parser
2630 silly ADD node_modules/qs
2631 silly ADD node_modules/proxy-addr
2632 silly ADD node_modules/path-to-regexp
2633 silly ADD node_modules/parseurl
2634 silly ADD node_modules/on-finished
2635 silly ADD node_modules/methods
2636 silly ADD node_modules/merge-descriptors
2637 silly ADD node_modules/http-errors
2638 silly ADD node_modules/fresh
2639 silly ADD node_modules/finalhandler
2640 silly ADD node_modules/finalhandler/node_modules/ms
2641 silly ADD node_modules/finalhandler/node_modules/debug
2642 silly ADD node_modules/etag
2643 silly ADD node_modules/escape-html
2644 silly ADD node_modules/encodeurl
2645 silly ADD node_modules/depd
2646 silly ADD node_modules/cookie-signature
2647 silly ADD node_modules/cookie
2648 silly ADD node_modules/content-type
2649 silly ADD node_modules/content-disposition
2650 silly ADD node_modules/body-parser
2651 silly ADD node_modules/body-parser/node_modules/ms
2652 silly ADD node_modules/body-parser/node_modules/debug
2653 silly ADD node_modules/array-flatten
2654 silly ADD node_modules/accepts
2655 silly ADD node_modules/@esbuild/android-arm64
2656 silly ADD node_modules/tapable
2657 silly ADD node_modules/graceful-fs
2658 silly ADD node_modules/ms
2659 silly ADD node_modules/which
2660 silly ADD node_modules/shebang-command
2661 silly ADD node_modules/path-key
2662 silly ADD node_modules/update-browserslist-db
2663 silly ADD node_modules/node-releases
2664 silly ADD node_modules/electron-to-chromium
2665 silly ADD node_modules/baseline-browser-mapping
2666 silly ADD node_modules/postcss-value-parser
2667 silly ADD node_modules/fraction.js
2668 silly ADD node_modules/caniuse-lite
2669 silly ADD node_modules/@types/babel__traverse
2670 silly ADD node_modules/@types/babel__template
2671 silly ADD node_modules/@types/babel__generator
2672 silly ADD node_modules/@babel/helper-string-parser
2673 silly ADD node_modules/@babel/helper-globals
2674 silly ADD node_modules/@babel/helper-plugin-utils
2675 silly ADD node_modules/@babel/helper-module-imports
2676 silly ADD node_modules/lru-cache
2677 silly ADD node_modules/browserslist
2678 silly ADD node_modules/@babel/helper-validator-option
2679 silly ADD node_modules/@babel/compat-data
2680 silly ADD node_modules/jsesc
2681 silly ADD node_modules/picocolors
2682 silly ADD node_modules/js-tokens
2683 silly ADD node_modules/@babel/helper-validator-identifier
2684 silly ADD node_modules/json5
2685 silly ADD node_modules/gensync
2686 silly ADD node_modules/convert-source-map
2687 silly ADD node_modules/@babel/types
2688 silly ADD node_modules/@babel/traverse
2689 silly ADD node_modules/@babel/template
2690 silly ADD node_modules/@babel/parser
2691 silly ADD node_modules/@babel/helpers
2692 silly ADD node_modules/@babel/helper-module-transforms
2693 silly ADD node_modules/@babel/helper-compilation-targets
2694 silly ADD node_modules/@babel/helper-compilation-targets/node_modules/semver
2695 silly ADD node_modules/@babel/generator
2696 silly ADD node_modules/@babel/code-frame
2697 silly ADD node_modules/react-refresh
2698 silly ADD node_modules/@types/babel__core
2699 silly ADD node_modules/@rolldown/pluginutils
2700 silly ADD node_modules/@babel/plugin-transform-react-jsx-source
2701 silly ADD node_modules/@babel/plugin-transform-react-jsx-self
2702 silly ADD node_modules/@babel/core
2703 silly ADD node_modules/@babel/core/node_modules/semver
2704 silly ADD node_modules/@types/http-errors
2705 silly ADD node_modules/undici-types
2706 silly ADD node_modules/@types/send
2707 silly ADD node_modules/@types/range-parser
2708 silly ADD node_modules/@types/connect
2709 silly ADD node_modules/@types/serve-static
2710 silly ADD node_modules/@types/serve-static/node_modules/@types/send
2711 silly ADD node_modules/@types/qs
2712 silly ADD node_modules/@types/express-serve-static-core
2713 silly ADD node_modules/@types/body-parser
2714 silly ADD node_modules/@tailwindcss/oxide-android-arm64
2715 silly ADD node_modules/@jridgewell/resolve-uri
2716 silly ADD node_modules/@jridgewell/sourcemap-codec
2717 silly ADD node_modules/@jridgewell/trace-mapping
2718 silly ADD node_modules/@jridgewell/gen-mapping
2719 silly ADD node_modules/source-map-js
2720 silly ADD node_modules/magic-string
2721 silly ADD node_modules/lightningcss
2722 silly ADD node_modules/jiti
2723 silly ADD node_modules/enhanced-resolve
2724 silly ADD node_modules/@jridgewell/remapping
2725 silly ADD node_modules/@tailwindcss/oxide
2726 silly ADD node_modules/@tailwindcss/node
2727 silly ADD node_modules/wrap-ansi
2728 silly ADD node_modules/untildify
2729 silly ADD node_modules/strip-ansi
2730 silly ADD node_modules/string-width
2731 silly ADD node_modules/slice-ansi
2732 silly ADD node_modules/@types/slice-ansi
2733 silly ADD node_modules/tree-kill
2734 silly ADD node_modules/signal-exit
2735 silly ADD node_modules/@ionic/utils-object
2736 silly ADD node_modules/@types/fs-extra
2737 silly ADD node_modules/cross-spawn
2738 silly ADD node_modules/@ionic/utils-stream
2739 silly ADD node_modules/@ionic/utils-process
2740 silly ADD node_modules/@ionic/utils-fs
2741 silly ADD node_modules/@ionic/utils-fs/node_modules/fs-extra
2742 silly ADD node_modules/@ionic/utils-array
2743 silly ADD node_modules/ws
2744 silly ADD node_modules/protobufjs
2745 silly ADD node_modules/p-retry
2746 silly ADD node_modules/google-auth-library
2747 silly ADD node_modules/xml2js
2748 silly ADD node_modules/xml2js/node_modules/xmlbuilder
2749 silly ADD node_modules/xcode
2750 silly ADD node_modules/tslib
2751 silly ADD node_modules/tar
2752 silly ADD node_modules/tar/node_modules/yallist
2753 silly ADD node_modules/semver
2754 silly ADD node_modules/rimraf
2755 silly ADD node_modules/prompts
2756 silly ADD node_modules/prompts/node_modules/kleur
2757 silly ADD node_modules/plist
2758 silly ADD node_modules/open
2759 silly ADD node_modules/native-run
2760 silly ADD node_modules/kleur
2761 silly ADD node_modules/fs-extra
2762 silly ADD node_modules/env-paths
2763 silly ADD node_modules/debug
2764 silly ADD node_modules/commander
2765 silly ADD node_modules/@ionic/utils-terminal
2766 silly ADD node_modules/@ionic/utils-subprocess
2767 silly ADD node_modules/@ionic/cli-framework-output
2768 silly ADD node_modules/typescript
2769 silly ADD node_modules/tsx
2770 silly ADD node_modules/tsx/node_modules/@esbuild/android-arm64
2771 silly ADD node_modules/tsx/node_modules/esbuild
2772 silly ADD node_modules/tailwindcss
2773 silly ADD node_modules/react-dom
2774 silly ADD node_modules/motion
2775 silly ADD node_modules/react
2776 silly ADD node_modules/lucide-react
2777 silly ADD node_modules/jszip
2778 silly ADD node_modules/express
2779 silly ADD node_modules/express/node_modules/ms
2780 silly ADD node_modules/express/node_modules/debug
2781 silly ADD node_modules/esbuild
2782 silly ADD node_modules/dotenv
2783 silly ADD node_modules/postcss
2784 silly ADD node_modules/autoprefixer
2785 silly ADD node_modules/@vitejs/plugin-react
2786 silly ADD node_modules/@types/node
2787 silly ADD node_modules/@types/express
2788 silly ADD node_modules/vite
2789 silly ADD node_modules/@tailwindcss/vite
2790 silly ADD node_modules/@google/genai
2791 silly ADD node_modules/@capacitor/core
2792 silly ADD node_modules/@capacitor/cli
2793 silly ADD node_modules/@capacitor/android
2794 warn allow-scripts 4 packages have install scripts not yet covered by allowScripts:
2794 warn allow-scripts   @google/genai@2.18.0 (preinstall: echo 'preinstall: no-op')
2794 warn allow-scripts   esbuild@0.25.12 (postinstall: node install.js)
2794 warn allow-scripts   protobufjs@7.6.5 (postinstall: node scripts/postinstall)
2794 warn allow-scripts   esbuild@0.28.2 (postinstall: node install.js)
2794 warn allow-scripts
2794 warn allow-scripts Run `npm approve-scripts --allow-scripts-pending` to review, or `npm approve-scripts <pkg>` to allow.
2795 verbose cwd /data/data/com.termux/files/home/sanna-ai
2796 verbose os Linux 6.6.102-android15-8-gfc6ca2efaeea-ab14475363-4k
2797 verbose node v26.3.1
2798 verbose npm  v11.17.0
2799 verbose exit 0
2800 info ok
