0 verbose cli /data/data/com.termux/files/usr/bin/node /data/data/com.termux/files/usr/bin/npm
1 info using npm@11.17.0
2 info using node@v26.3.1
3 silly config load:file:/data/data/com.termux/files/usr/lib/node_modules/npm/npmrc
4 silly config load:file:/data/data/com.termux/files/home/llama.cpp/build/tools/ui/ui-src/.npmrc
5 silly config load:file:/data/data/com.termux/files/home/.npmrc
6 silly config load:file:/data/data/com.termux/files/usr/etc/npmrc
7 verbose title npm ci
8 verbose argv "ci"
9 verbose logfile logs-max:10 dir:/data/data/com.termux/files/home/.npm/_logs/2026-08-21T23_29_34_392Z-
10 verbose logfile /data/data/com.termux/files/home/.npm/_logs/2026-08-21T23_29_34_392Z-debug-0.log
11 silly logfile done cleaning log files
12 silly packumentCache heap:827588608 maxSize:206897152 maxEntrySize:103448576
13 silly packumentCache heap:827588608 maxSize:206897152 maxEntrySize:103448576
14 silly idealTree buildDeps
15 silly reify moves {}
16 silly audit bulk request {
16 silly audit   '@adobe/css-tools': [ '4.5.0' ],
16 silly audit   '@ampproject/remapping': [ '2.3.0' ],
16 silly audit   '@antfu/install-pkg': [ '1.1.0' ],
16 silly audit   '@apideck/better-ajv-errors': [ '0.3.7' ],
16 silly audit   '@babel/code-frame': [ '7.29.7' ],
16 silly audit   '@babel/compat-data': [ '7.29.7' ],
16 silly audit   '@babel/core': [ '7.29.7' ],
16 silly audit   semver: [ '6.3.1', '7.8.5' ],
16 silly audit   '@babel/generator': [ '7.29.7' ],
16 silly audit   '@babel/helper-annotate-as-pure': [ '7.29.7' ],
16 silly audit   '@babel/helper-compilation-targets': [ '7.29.7' ],
16 silly audit   'lru-cache': [ '5.1.1', '11.5.1' ],
16 silly audit   '@babel/helper-create-class-features-plugin': [ '7.29.7' ],
16 silly audit   '@babel/helper-create-regexp-features-plugin': [ '7.29.7' ],
16 silly audit   '@babel/helper-define-polyfill-provider': [ '0.6.8' ],
16 silly audit   '@babel/helper-globals': [ '7.29.7' ],
16 silly audit   '@babel/helper-member-expression-to-functions': [ '7.29.7' ],
16 silly audit   '@babel/helper-module-imports': [ '7.29.7' ],
16 silly audit   '@babel/helper-module-transforms': [ '7.29.7' ],
16 silly audit   '@babel/helper-optimise-call-expression': [ '7.29.7' ],
16 silly audit   '@babel/helper-plugin-utils': [ '7.29.7' ],
16 silly audit   '@babel/helper-remap-async-to-generator': [ '7.29.7' ],
16 silly audit   '@babel/helper-replace-supers': [ '7.29.7' ],
16 silly audit   '@babel/helper-skip-transparent-expression-wrappers': [ '7.29.7' ],
16 silly audit   '@babel/helper-string-parser': [ '7.29.7' ],
16 silly audit   '@babel/helper-validator-identifier': [ '7.29.7' ],
16 silly audit   '@babel/helper-validator-option': [ '7.29.7' ],
16 silly audit   '@babel/helper-wrap-function': [ '7.29.7' ],
16 silly audit   '@babel/helpers': [ '7.29.7' ],
16 silly audit   '@babel/parser': [ '7.29.7' ],
16 silly audit   '@babel/plugin-bugfix-firefox-class-in-computed-class-key': [ '7.29.7' ],
16 silly audit   '@babel/plugin-bugfix-safari-class-field-initializer-scope': [ '7.29.7' ],
16 silly audit   '@babel/plugin-bugfix-safari-id-destructuring-collision-in-function-expression': [ '7.29.7' ],
16 silly audit   '@babel/plugin-bugfix-safari-rest-destructuring-rhs-array': [ '7.29.7' ],
16 silly audit   '@babel/plugin-bugfix-v8-spread-parameters-in-optional-chaining': [ '7.29.7' ],
16 silly audit   '@babel/plugin-bugfix-v8-static-class-fields-redefine-readonly': [ '7.29.7' ],
16 silly audit   '@babel/plugin-proposal-private-property-in-object': [ '7.21.0-placeholder-for-preset-env.2' ],
16 silly audit   '@babel/plugin-syntax-import-assertions': [ '7.29.7' ],
16 silly audit   '@babel/plugin-syntax-import-attributes': [ '7.29.7' ],
16 silly audit   '@babel/plugin-syntax-unicode-sets-regex': [ '7.18.6' ],
16 silly audit   '@babel/plugin-transform-arrow-functions': [ '7.29.7' ],
16 silly audit   '@babel/plugin-transform-async-generator-functions': [ '7.29.7' ],
16 silly audit   '@babel/plugin-transform-async-to-generator': [ '7.29.7' ],
16 silly audit   '@babel/plugin-transform-block-scoped-functions': [ '7.29.7' ],
16 silly audit   '@babel/plugin-transform-block-scoping': [ '7.29.7' ],
16 silly audit   '@babel/plugin-transform-class-properties': [ '7.29.7' ],
16 silly audit   '@babel/plugin-transform-class-static-block': [ '7.29.7' ],
16 silly audit   '@babel/plugin-transform-classes': [ '7.29.7' ],
16 silly audit   '@babel/plugin-transform-computed-properties': [ '7.29.7' ],
16 silly audit   '@babel/plugin-transform-destructuring': [ '7.29.7' ],
16 silly audit   '@babel/plugin-transform-dotall-regex': [ '7.29.7' ],
16 silly audit   '@babel/plugin-transform-duplicate-keys': [ '7.29.7' ],
16 silly audit   '@babel/plugin-transform-duplicate-named-capturing-groups-regex': [ '7.29.7' ],
16 silly audit   '@babel/plugin-transform-dynamic-import': [ '7.29.7' ],
16 silly audit   '@babel/plugin-transform-explicit-resource-management': [ '7.29.7' ],
16 silly audit   '@babel/plugin-transform-exponentiation-operator': [ '7.29.7' ],
16 silly audit   '@babel/plugin-transform-export-namespace-from': [ '7.29.7' ],
16 silly audit   '@babel/plugin-transform-for-of': [ '7.29.7' ],
16 silly audit   '@babel/plugin-transform-function-name': [ '7.29.7' ],
16 silly audit   '@babel/plugin-transform-json-strings': [ '7.29.7' ],
16 silly audit   '@babel/plugin-transform-literals': [ '7.29.7' ],
16 silly audit   '@babel/plugin-transform-logical-assignment-operators': [ '7.29.7' ],
16 silly audit   '@babel/plugin-transform-member-expression-literals': [ '7.29.7' ],
16 silly audit   '@babel/plugin-transform-modules-amd': [ '7.29.7' ],
16 silly audit   '@babel/plugin-transform-modules-commonjs': [ '7.29.7' ],
16 silly audit   '@babel/plugin-transform-modules-systemjs': [ '7.29.7' ],
16 silly audit   '@babel/plugin-transform-modules-umd': [ '7.29.7' ],
16 silly audit   '@babel/plugin-transform-named-capturing-groups-regex': [ '7.29.7' ],
16 silly audit   '@babel/plugin-transform-new-target': [ '7.29.7' ],
16 silly audit   '@babel/plugin-transform-nullish-coalescing-operator': [ '7.29.7' ],
16 silly audit   '@babel/plugin-transform-numeric-separator': [ '7.29.7' ],
16 silly audit   '@babel/plugin-transform-object-rest-spread': [ '7.29.7' ],
16 silly audit   '@babel/plugin-transform-object-super': [ '7.29.7' ],
16 silly audit   '@babel/plugin-transform-optional-catch-binding': [ '7.29.7' ],
16 silly audit   '@babel/plugin-transform-optional-chaining': [ '7.29.7' ],
16 silly audit   '@babel/plugin-transform-parameters': [ '7.29.7' ],
16 silly audit   '@babel/plugin-transform-private-methods': [ '7.29.7' ],
16 silly audit   '@babel/plugin-transform-private-property-in-object': [ '7.29.7' ],
16 silly audit   '@babel/plugin-transform-property-literals': [ '7.29.7' ],
16 silly audit   '@babel/plugin-transform-regenerator': [ '7.29.7' ],
16 silly audit   '@babel/plugin-transform-regexp-modifiers': [ '7.29.7' ],
16 silly audit   '@babel/plugin-transform-reserved-words': [ '7.29.7' ],
16 silly audit   '@babel/plugin-transform-shorthand-properties': [ '7.29.7' ],
16 silly audit   '@babel/plugin-transform-spread': [ '7.29.7' ],
16 silly audit   '@babel/plugin-transform-sticky-regex': [ '7.29.7' ],
16 silly audit   '@babel/plugin-transform-template-literals': [ '7.29.7' ],
16 silly audit   '@babel/plugin-transform-typeof-symbol': [ '7.29.7' ],
16 silly audit   '@babel/plugin-transform-unicode-escapes': [ '7.29.7' ],
16 silly audit   '@babel/plugin-transform-unicode-property-regex': [ '7.29.7' ],
16 silly audit   '@babel/plugin-transform-unicode-regex': [ '7.29.7' ],
16 silly audit   '@babel/plugin-transform-unicode-sets-regex': [ '7.29.7' ],
16 silly audit   '@babel/preset-env': [ '7.29.7' ],
16 silly audit   '@babel/preset-modules': [ '0.1.6-no-external-plugins' ],
16 silly audit   '@babel/runtime': [ '7.29.7' ],
16 silly audit   '@babel/template': [ '7.29.7' ],
16 silly audit   '@babel/traverse': [ '7.29.7' ],
16 silly audit   '@babel/types': [ '7.29.7' ],
16 silly audit   '@bcoe/v8-coverage': [ '1.0.2' ],
16 silly audit   '@blazediff/core': [ '1.9.1' ],
16 silly audit   '@braintree/sanitize-url': [ '7.1.2' ],
16 silly audit   '@canvas/image-data': [ '1.1.0' ],
16 silly audit   '@chevrotain/types': [ '11.1.2' ],
16 silly audit   '@chromatic-com/storybook': [ '5.2.1' ],
16 silly audit   '@emnapi/core': [ '1.9.2', '1.10.0' ],
16 silly audit   '@emnapi/runtime': [ '1.10.0', '1.11.3', '1.9.2' ],
16 silly audit   '@emnapi/wasi-threads': [ '1.2.1' ],
16 silly audit   '@esbuild/aix-ppc64': [ '0.28.1' ],
16 silly audit   '@esbuild/android-arm': [ '0.28.1' ],
16 silly audit   '@esbuild/android-arm64': [ '0.28.1' ],
16 silly audit   '@esbuild/android-x64': [ '0.28.1' ],
16 silly audit   '@esbuild/darwin-arm64': [ '0.28.1' ],
16 silly audit   '@esbuild/darwin-x64': [ '0.28.1' ],
16 silly audit   '@esbuild/freebsd-arm64': [ '0.28.1' ],
16 silly audit   '@esbuild/freebsd-x64': [ '0.28.1' ],
16 silly audit   '@esbuild/linux-arm': [ '0.28.1' ],
16 silly audit   '@esbuild/linux-arm64': [ '0.28.1' ],
16 silly audit   '@esbuild/linux-ia32': [ '0.28.1' ],
16 silly audit   '@esbuild/linux-loong64': [ '0.28.1' ],
16 silly audit   '@esbuild/linux-mips64el': [ '0.28.1' ],
16 silly audit   '@esbuild/linux-ppc64': [ '0.28.1' ],
16 silly audit   '@esbuild/linux-riscv64': [ '0.28.1' ],
16 silly audit   '@esbuild/linux-s390x': [ '0.28.1' ],
16 silly audit   '@esbuild/linux-x64': [ '0.28.1' ],
16 silly audit   '@esbuild/netbsd-arm64': [ '0.28.1' ],
16 silly audit   '@esbuild/netbsd-x64': [ '0.28.1' ],
16 silly audit   '@esbuild/openbsd-arm64': [ '0.28.1' ],
16 silly audit   '@esbuild/openbsd-x64': [ '0.28.1' ],
16 silly audit   '@esbuild/openharmony-arm64': [ '0.28.1' ],
16 silly audit   '@esbuild/sunos-x64': [ '0.28.1' ],
16 silly audit   '@esbuild/win32-arm64': [ '0.28.1' ],
16 silly audit   '@esbuild/win32-ia32': [ '0.28.1' ],
16 silly audit   '@esbuild/win32-x64': [ '0.28.1' ],
16 silly audit   '@eslint-community/eslint-utils': [ '4.9.1' ],
16 silly audit   'eslint-visitor-keys': [ '3.4.3', '5.0.1', '4.2.1' ],
16 silly audit   '@eslint-community/regexpp': [ '4.12.2' ],
16 silly audit   '@eslint/compat': [ '1.4.1' ],
16 silly audit   '@eslint/config-array': [ '0.21.2' ],
16 silly audit   '@eslint/config-helpers': [ '0.4.2' ],
16 silly audit   '@eslint/core': [ '0.17.0' ],
16 silly audit   '@eslint/eslintrc': [ '3.3.5' ],
16 silly audit   ajv: [ '6.15.0', '8.20.0' ],
16 silly audit   globals: [ '14.0.0', '16.5.0' ],
16 silly audit   'json-schema-traverse': [ '0.4.1', '1.0.0' ],
16 silly audit   '@eslint/js': [ '9.39.2', '9.39.4' ],
16 silly audit   '@eslint/object-schema': [ '2.1.7' ],
16 silly audit   '@eslint/plugin-kit': [ '0.4.1' ],
16 silly audit   '@floating-ui/core': [ '1.7.5' ],
16 silly audit   '@floating-ui/dom': [ '1.7.6' ],
16 silly audit   '@floating-ui/utils': [ '0.2.11' ],
16 silly audit   '@hono/node-server': [ '2.1.0' ],
16 silly audit   '@humanfs/core': [ '0.19.2' ],
16 silly audit   '@humanfs/node': [ '0.16.8' ],
16 silly audit   '@humanfs/types': [ '0.15.0' ],
16 silly audit   '@humanwhocodes/module-importer': [ '1.0.1' ],
16 silly audit   '@humanwhocodes/retry': [ '0.4.3' ],
16 silly audit   '@iconify/types': [ '2.0.0' ],
16 silly audit   '@iconify/utils': [ '3.1.3' ],
16 silly audit   '@img/colour': [ '1.1.0' ],
16 silly audit   '@img/sharp-darwin-arm64': [ '0.35.3' ],
16 silly audit   '@img/sharp-darwin-x64': [ '0.35.3' ],
16 silly audit   '@img/sharp-freebsd-wasm32': [ '0.35.3' ],
16 silly audit   '@img/sharp-libvips-darwin-arm64': [ '1.3.2' ],
16 silly audit   '@img/sharp-libvips-darwin-x64': [ '1.3.2' ],
16 silly audit   '@img/sharp-libvips-linux-arm': [ '1.3.2' ],
16 silly audit   '@img/sharp-libvips-linux-arm64': [ '1.3.2' ],
16 silly audit   '@img/sharp-libvips-linux-ppc64': [ '1.3.2' ],
16 silly audit   '@img/sharp-libvips-linux-riscv64': [ '1.3.2' ],
16 silly audit   '@img/sharp-libvips-linux-s390x': [ '1.3.2' ],
16 silly audit   '@img/sharp-libvips-linux-x64': [ '1.3.2' ],
16 silly audit   '@img/sharp-libvips-linuxmusl-arm64': [ '1.3.2' ],
16 silly audit   '@img/sharp-libvips-linuxmusl-x64': [ '1.3.2' ],
16 silly audit   '@img/sharp-linux-arm': [ '0.35.3' ],
16 silly audit   '@img/sharp-linux-arm64': [ '0.35.3' ],
16 silly audit   '@img/sharp-linux-ppc64': [ '0.35.3' ],
16 silly audit   '@img/sharp-linux-riscv64': [ '0.35.3' ],
16 silly audit   '@img/sharp-linux-s390x': [ '0.35.3' ],
16 silly audit   '@img/sharp-linux-x64': [ '0.35.3' ],
16 silly audit   '@img/sharp-linuxmusl-arm64': [ '0.35.3' ],
16 silly audit   '@img/sharp-linuxmusl-x64': [ '0.35.3' ],
16 silly audit   '@img/sharp-wasm32': [ '0.35.3' ],
16 silly audit   '@img/sharp-webcontainers-wasm32': [ '0.35.3' ],
16 silly audit   '@img/sharp-win32-arm64': [ '0.35.3' ],
16 silly audit   '@img/sharp-win32-ia32': [ '0.35.3' ],
16 silly audit   '@img/sharp-win32-x64': [ '0.35.3' ],
16 silly audit   '@internationalized/date': [ '3.12.2' ],
16 silly audit   '@isaacs/fs-minipass': [ '4.0.1' ],
16 silly audit   '@jridgewell/gen-mapping': [ '0.3.13' ],
16 silly audit   '@jridgewell/remapping': [ '2.3.5' ],
16 silly audit   '@jridgewell/resolve-uri': [ '3.1.2' ],
16 silly audit   '@jridgewell/source-map': [ '0.3.11' ],
16 silly audit   '@jridgewell/sourcemap-codec': [ '1.5.5' ],
16 silly audit   '@jridgewell/trace-mapping': [ '0.3.31' ],
16 silly audit   '@lucide/svelte': [ '1.25.0' ],
16 silly audit   '@mdx-js/react': [ '3.1.1' ],
16 silly audit   '@mermaid-js/parser': [ '1.1.1' ],
16 silly audit   '@modelcontextprotocol/sdk': [ '1.30.0' ],
16 silly audit   '@napi-rs/canvas': [ '0.1.100' ],
16 silly audit   '@napi-rs/canvas-android-arm64': [ '0.1.100' ],
16 silly audit   '@napi-rs/canvas-darwin-arm64': [ '0.1.100' ],
16 silly audit   '@napi-rs/canvas-darwin-x64': [ '0.1.100' ],
16 silly audit   '@napi-rs/canvas-linux-arm-gnueabihf': [ '0.1.100' ],
16 silly audit   '@napi-rs/canvas-linux-arm64-gnu': [ '0.1.100' ],
16 silly audit   '@napi-rs/canvas-linux-arm64-musl': [ '0.1.100' ],
16 silly audit   '@napi-rs/canvas-linux-riscv64-gnu': [ '0.1.100' ],
16 silly audit   '@napi-rs/canvas-linux-x64-gnu': [ '0.1.100' ],
16 silly audit   '@napi-rs/canvas-linux-x64-musl': [ '0.1.100' ],
16 silly audit   '@napi-rs/canvas-win32-arm64-msvc': [ '0.1.100' ],
16 silly audit   '@napi-rs/canvas-win32-x64-msvc': [ '0.1.100' ],
16 silly audit   '@napi-rs/wasm-runtime': [ '1.1.4' ],
16 silly audit   '@neoconfetti/react': [ '1.0.0' ],
16 silly audit   '@oxc-parser/binding-android-arm-eabi': [ '0.127.0' ],
16 silly audit   '@oxc-parser/binding-android-arm64': [ '0.127.0' ],
16 silly audit   '@oxc-parser/binding-darwin-arm64': [ '0.127.0' ],
16 silly audit   '@oxc-parser/binding-darwin-x64': [ '0.127.0' ],
16 silly audit   '@oxc-parser/binding-freebsd-x64': [ '0.127.0' ],
16 silly audit   '@oxc-parser/binding-linux-arm-gnueabihf': [ '0.127.0' ],
16 silly audit   '@oxc-parser/binding-linux-arm-musleabihf': [ '0.127.0' ],
16 silly audit   '@oxc-parser/binding-linux-arm64-gnu': [ '0.127.0' ],
16 silly audit   '@oxc-parser/binding-linux-arm64-musl': [ '0.127.0' ],
16 silly audit   '@oxc-parser/binding-linux-ppc64-gnu': [ '0.127.0' ],
16 silly audit   '@oxc-parser/binding-linux-riscv64-gnu': [ '0.127.0' ],
16 silly audit   '@oxc-parser/binding-linux-riscv64-musl': [ '0.127.0' ],
16 silly audit   '@oxc-parser/binding-linux-s390x-gnu': [ '0.127.0' ],
16 silly audit   '@oxc-parser/binding-linux-x64-gnu': [ '0.127.0' ],
16 silly audit   '@oxc-parser/binding-linux-x64-musl': [ '0.127.0' ],
16 silly audit   '@oxc-parser/binding-openharmony-arm64': [ '0.127.0' ],
16 silly audit   '@oxc-parser/binding-wasm32-wasi': [ '0.127.0' ],
16 silly audit   '@oxc-parser/binding-win32-arm64-msvc': [ '0.127.0' ],
16 silly audit   '@oxc-parser/binding-win32-ia32-msvc': [ '0.127.0' ],
16 silly audit   '@oxc-parser/binding-win32-x64-msvc': [ '0.127.0' ],
16 silly audit   '@oxc-project/types': [ '0.127.0' ],
16 silly audit   '@oxc-resolver/binding-android-arm-eabi': [ '11.20.0' ],
16 silly audit   '@oxc-resolver/binding-android-arm64': [ '11.20.0' ],
16 silly audit   '@oxc-resolver/binding-darwin-arm64': [ '11.20.0' ],
16 silly audit   '@oxc-resolver/binding-darwin-x64': [ '11.20.0' ],
16 silly audit   '@oxc-resolver/binding-freebsd-x64': [ '11.20.0' ],
16 silly audit   '@oxc-resolver/binding-linux-arm-gnueabihf': [ '11.20.0' ],
16 silly audit   '@oxc-resolver/binding-linux-arm-musleabihf': [ '11.20.0' ],
16 silly audit   '@oxc-resolver/binding-linux-arm64-gnu': [ '11.20.0' ],
16 silly audit   '@oxc-resolver/binding-linux-arm64-musl': [ '11.20.0' ],
16 silly audit   '@oxc-resolver/binding-linux-ppc64-gnu': [ '11.20.0' ],
16 silly audit   '@oxc-resolver/binding-linux-riscv64-gnu': [ '11.20.0' ],
16 silly audit   '@oxc-resolver/binding-linux-riscv64-musl': [ '11.20.0' ],
16 silly audit   '@oxc-resolver/binding-linux-s390x-gnu': [ '11.20.0' ],
16 silly audit   '@oxc-resolver/binding-linux-x64-gnu': [ '11.20.0' ],
16 silly audit   '@oxc-resolver/binding-linux-x64-musl': [ '11.20.0' ],
16 silly audit   '@oxc-resolver/binding-openharmony-arm64': [ '11.20.0' ],
16 silly audit   '@oxc-resolver/binding-wasm32-wasi': [ '11.20.0' ],
16 silly audit   '@oxc-resolver/binding-win32-arm64-msvc': [ '11.20.0' ],
16 silly audit   '@oxc-resolver/binding-win32-x64-msvc': [ '11.20.0' ],
16 silly audit   '@parcel/watcher': [ '2.5.6' ],
16 silly audit   '@parcel/watcher-android-arm64': [ '2.5.6' ],
16 silly audit   '@parcel/watcher-darwin-arm64': [ '2.5.6' ],
16 silly audit   '@parcel/watcher-darwin-x64': [ '2.5.6' ],
16 silly audit   '@parcel/watcher-freebsd-x64': [ '2.5.6' ],
16 silly audit   '@parcel/watcher-linux-arm-glibc': [ '2.5.6' ],
16 silly audit   '@parcel/watcher-linux-arm-musl': [ '2.5.6' ],
16 silly audit   '@parcel/watcher-linux-arm64-glibc': [ '2.5.6' ],
16 silly audit   '@parcel/watcher-linux-arm64-musl': [ '2.5.6' ],
16 silly audit   '@parcel/watcher-linux-x64-glibc': [ '2.5.6' ],
16 silly audit   '@parcel/watcher-linux-x64-musl': [ '2.5.6' ],
16 silly audit   '@parcel/watcher-win32-arm64': [ '2.5.6' ],
16 silly audit   '@parcel/watcher-win32-ia32': [ '2.5.6' ],
16 silly audit   '@parcel/watcher-win32-x64': [ '2.5.6' ],
16 silly audit   '@playwright/test': [ '1.56.1' ],
16 silly audit   '@polka/url': [ '1.0.0-next.29' ],
16 silly audit   '@quansync/fs': [ '1.0.0' ],
16 silly audit   '@rollup/plugin-babel': [ '6.1.0' ],
16 silly audit   '@rollup/plugin-node-resolve': [ '16.0.3' ],
16 silly audit   '@rollup/plugin-replace': [ '6.0.3' ],
16 silly audit   '@rollup/plugin-terser': [ '1.0.0' ],
16 silly audit   '@rollup/pluginutils': [ '5.4.0' ],
16 silly audit   'estree-walker': [ '2.0.2', '3.0.3' ],
16 silly audit   '@rollup/rollup-android-arm-eabi': [ '4.61.1' ],
16 silly audit   '@rollup/rollup-android-arm64': [ '4.61.1' ],
16 silly audit   '@rollup/rollup-darwin-arm64': [ '4.61.1' ],
16 silly audit   '@rollup/rollup-darwin-x64': [ '4.61.1' ],
16 silly audit   '@rollup/rollup-freebsd-arm64': [ '4.61.1' ],
16 silly audit   '@rollup/rollup-freebsd-x64': [ '4.61.1' ],
16 silly audit   '@rollup/rollup-linux-arm-gnueabihf': [ '4.61.1' ],
16 silly audit   '@rollup/rollup-linux-arm-musleabihf': [ '4.61.1' ],
16 silly audit   '@rollup/rollup-linux-arm64-gnu': [ '4.61.1' ],
16 silly audit   '@rollup/rollup-linux-arm64-musl': [ '4.61.1' ],
16 silly audit   '@rollup/rollup-linux-loong64-gnu': [ '4.61.1' ],
16 silly audit   '@rollup/rollup-linux-loong64-musl': [ '4.61.1' ],
16 silly audit   '@rollup/rollup-linux-ppc64-gnu': [ '4.61.1' ],
16 silly audit   '@rollup/rollup-linux-ppc64-musl': [ '4.61.1' ],
16 silly audit   '@rollup/rollup-linux-riscv64-gnu': [ '4.61.1' ],
16 silly audit   '@rollup/rollup-linux-riscv64-musl': [ '4.61.1' ],
16 silly audit   '@rollup/rollup-linux-s390x-gnu': [ '4.61.1' ],
16 silly audit   '@rollup/rollup-linux-x64-gnu': [ '4.61.1' ],
16 silly audit   '@rollup/rollup-linux-x64-musl': [ '4.61.1' ],
16 silly audit   '@rollup/rollup-openbsd-x64': [ '4.61.1' ],
16 silly audit   '@rollup/rollup-openharmony-arm64': [ '4.61.1' ],
16 silly audit   '@rollup/rollup-win32-arm64-msvc': [ '4.61.1' ],
16 silly audit   '@rollup/rollup-win32-ia32-msvc': [ '4.61.1' ],
16 silly audit   '@rollup/rollup-win32-x64-gnu': [ '4.61.1' ],
16 silly audit   '@rollup/rollup-win32-x64-msvc': [ '4.61.1' ],
16 silly audit   '@standard-schema/spec': [ '1.1.0' ],
16 silly audit   '@storybook/addon-a11y': [ '10.5.6' ],
16 silly audit   '@storybook/addon-docs': [ '10.5.6' ],
16 silly audit   '@storybook/addon-mcp': [ '0.7.0' ],
16 silly audit   '@storybook/addon-svelte-csf': [ '5.1.2' ],
16 silly audit   '@storybook/addon-vitest': [ '10.5.6' ],
16 silly audit   '@storybook/builder-vite': [ '10.5.6' ],
16 silly audit   '@storybook/csf': [ '0.1.13' ],
16 silly audit   '@storybook/csf-plugin': [ '10.5.6' ],
16 silly audit   '@storybook/global': [ '5.0.0' ],
16 silly audit   '@storybook/icons': [ '2.0.2' ],
16 silly audit   '@storybook/mcp': [ '0.8.0' ],
16 silly audit   '@storybook/react-dom-shim': [ '10.5.6' ],
16 silly audit   '@storybook/svelte': [ '10.5.6' ],
16 silly audit   'type-fest': [ '5.8.0', '0.16.0', '2.19.0' ],
16 silly audit   '@storybook/sveltekit': [ '10.5.6' ],
16 silly audit   '@storybook/svelte-vite': [ '10.5.6' ],
16 silly audit   '@sveltejs/acorn-typescript': [ '1.0.10' ],
16 silly audit   '@sveltejs/adapter-static': [ '3.0.10' ],
16 silly audit   '@sveltejs/kit': [ '2.70.2' ],
16 silly audit   '@sveltejs/load-config': [ '0.1.1' ],
16 silly audit   '@sveltejs/vite-plugin-svelte': [ '6.2.1' ],
16 silly audit   '@sveltejs/vite-plugin-svelte-inspector': [ '5.0.2' ],
16 silly audit   '@swc/helpers': [ '0.5.23' ],
16 silly audit   '@tailwindcss/forms': [ '0.5.10' ],
16 silly audit   '@tailwindcss/node': [ '4.1.11' ],
16 silly audit   tailwindcss: [ '4.1.11', '4.3.0' ],
16 silly audit   '@tailwindcss/oxide': [ '4.1.11' ],
16 silly audit   '@tailwindcss/oxide-android-arm64': [ '4.1.11' ],
16 silly audit   '@tailwindcss/oxide-darwin-arm64': [ '4.1.11' ],
16 silly audit   '@tailwindcss/oxide-darwin-x64': [ '4.1.11' ],
16 silly audit   '@tailwindcss/oxide-freebsd-x64': [ '4.1.11' ],
16 silly audit   '@tailwindcss/oxide-linux-arm-gnueabihf': [ '4.1.11' ],
16 silly audit   '@tailwindcss/oxide-linux-arm64-gnu': [ '4.1.11' ],
16 silly audit   '@tailwindcss/oxide-linux-arm64-musl': [ '4.1.11' ],
16 silly audit   '@tailwindcss/oxide-linux-x64-gnu': [ '4.1.11' ],
16 silly audit   '@tailwindcss/oxide-linux-x64-musl': [ '4.1.11' ],
16 silly audit   '@tailwindcss/oxide-wasm32-wasi': [ '4.1.11' ],
16 silly audit   '@tailwindcss/oxide-win32-arm64-msvc': [ '4.1.11' ],
16 silly audit   '@tailwindcss/oxide-win32-x64-msvc': [ '4.1.11' ],
16 silly audit   '@tailwindcss/typography': [ '0.5.16' ],
16 silly audit   '@tailwindcss/vite': [ '4.1.11' ],
16 silly audit   '@testing-library/dom': [ '10.4.1' ],
16 silly audit   '@testing-library/jest-dom': [ '6.9.1' ],
16 silly audit   'dom-accessibility-api': [ '0.6.3', '0.5.16' ],
16 silly audit   '@testing-library/svelte-core': [ '1.0.0' ],
16 silly audit   '@testing-library/user-event': [ '14.6.1' ],
16 silly audit   '@tmcp/adapter-valibot': [ '0.1.6' ],
16 silly audit   '@valibot/to-json-schema': [ '1.7.1' ],
16 silly audit   '@tmcp/session-manager': [ '0.2.2' ],
16 silly audit   '@tmcp/transport-http': [ '0.8.6' ],
16 silly audit   '@trickfilm400/rollup-plugin-off-main-thread': [ '3.0.0-pre1' ],
16 silly audit   '@tybys/wasm-util': [ '0.10.2' ],
16 silly audit   '@types/aria-query': [ '5.0.4' ],
16 silly audit   '@types/chai': [ '5.2.3' ],
16 silly audit   '@types/cookie': [ '0.6.0' ],
16 silly audit   '@types/d3': [ '7.4.3' ],
16 silly audit   '@types/d3-array': [ '3.2.2' ],
16 silly audit   '@types/d3-axis': [ '3.0.6' ],
16 silly audit   '@types/d3-brush': [ '3.0.6' ],
16 silly audit   '@types/d3-chord': [ '3.0.6' ],
16 silly audit   '@types/d3-color': [ '3.1.3' ],
16 silly audit   '@types/d3-contour': [ '3.0.6' ],
16 silly audit   '@types/d3-delaunay': [ '6.0.4' ],
16 silly audit   '@types/d3-dispatch': [ '3.0.7' ],
16 silly audit   '@types/d3-drag': [ '3.0.7' ],
16 silly audit   '@types/d3-dsv': [ '3.0.7' ],
16 silly audit   '@types/d3-ease': [ '3.0.2' ],
16 silly audit   '@types/d3-fetch': [ '3.0.7' ],
16 silly audit   '@types/d3-force': [ '3.0.10' ],
16 silly audit   '@types/d3-format': [ '3.0.4' ],
16 silly audit   '@types/d3-geo': [ '3.1.0' ],
16 silly audit   '@types/d3-hierarchy': [ '3.1.7' ],
16 silly audit   '@types/d3-interpolate': [ '3.0.4' ],
16 silly audit   '@types/d3-path': [ '3.1.1' ],
16 silly audit   '@types/d3-polygon': [ '3.0.2' ],
16 silly audit   '@types/d3-quadtree': [ '3.0.6' ],
16 silly audit   '@types/d3-random': [ '3.0.3' ],
16 silly audit   '@types/d3-scale': [ '4.0.9' ],
16 silly audit   '@types/d3-scale-chromatic': [ '3.1.0' ],
16 silly audit   '@types/d3-selection': [ '3.0.11' ],
16 silly audit   '@types/d3-shape': [ '3.1.8' ],
16 silly audit   '@types/d3-time': [ '3.0.4' ],
16 silly audit   '@types/d3-time-format': [ '4.0.3' ],
16 silly audit   '@types/d3-timer': [ '3.0.2' ],
16 silly audit   '@types/d3-transition': [ '3.0.9' ],
16 silly audit   '@types/d3-zoom': [ '3.0.8' ],
16 silly audit   '@types/debug': [ '4.1.13' ],
16 silly audit   '@types/deep-eql': [ '4.0.2' ],
16 silly audit   '@types/estree': [ '1.0.9' ],
16 silly audit   '@types/geojson': [ '7946.0.16' ],
16 silly audit   '@types/hast': [ '3.0.4' ],
16 silly audit   '@types/json-schema': [ '7.0.15' ],
16 silly audit   '@types/katex': [ '0.16.8' ],
16 silly audit   '@types/mdast': [ '4.0.4' ],
16 silly audit   '@types/mdx': [ '2.0.13' ],
16 silly audit   '@types/ms': [ '2.1.0' ],
16 silly audit   '@types/node': [ '24.13.0' ],
16 silly audit   '@types/react': [ '19.2.17' ],
16 silly audit   '@types/resolve': [ '1.20.2' ],
16 silly audit   '@types/trusted-types': [ '2.0.7' ],
16 silly audit   '@types/unist': [ '2.0.11', '3.0.3' ],
16 silly audit   '@typescript-eslint/eslint-plugin': [ '8.60.1' ],
16 silly audit   ignore: [ '7.0.5', '5.3.2' ],
16 silly audit   '@typescript-eslint/parser': [ '8.60.1' ],
16 silly audit   '@typescript-eslint/project-service': [ '8.60.1', '8.66.0' ],
16 silly audit   '@typescript-eslint/scope-manager': [ '8.60.1', '8.66.0' ],
16 silly audit   '@typescript-eslint/tsconfig-utils': [ '8.60.1', '8.66.0' ],
16 silly audit   '@typescript-eslint/type-utils': [ '8.60.1' ],
16 silly audit   '@typescript-eslint/types': [ '8.60.1', '8.66.0' ],
16 silly audit   '@typescript-eslint/typescript-estree': [ '8.60.1', '8.66.0' ],
16 silly audit   'balanced-match': [ '4.0.4', '1.0.2' ],
16 silly audit   'brace-expansion': [ '5.0.9', '1.1.18', '2.1.4' ],
16 silly audit   minimatch: [ '10.2.5', '10.2.6', '5.1.9', '3.1.5' ],
16 silly audit   '@typescript-eslint/utils': [ '8.60.1', '8.66.0' ],
16 silly audit   '@typescript-eslint/visitor-keys': [ '8.60.1', '8.66.0' ],
16 silly audit   '@ungap/structured-clone': [ '1.3.1' ],
16 silly audit   '@upsetjs/venn.js': [ '2.0.0' ],
16 silly audit   '@vite-pwa/assets-generator': [ '1.0.2' ],
16 silly audit   '@vite-pwa/sveltekit': [ '1.1.0' ],
16 silly audit   '@vitest/browser': [ '4.1.10' ],
16 silly audit   '@vitest/browser-playwright': [ '4.1.10' ],
16 silly audit   '@vitest/coverage-v8': [ '4.1.10' ],
16 silly audit   '@vitest/expect': [ '3.2.4', '4.1.10' ],
16 silly audit   '@vitest/pretty-format': [ '3.2.4', '4.1.10' ],
16 silly audit   '@vitest/spy': [ '3.2.4', '4.1.10' ],
16 silly audit   '@vitest/utils': [ '3.2.4', '4.1.10' ],
16 silly audit   tinyrainbow: [ '2.0.0', '3.1.1' ],
16 silly audit   '@vitest/mocker': [ '4.1.10' ],
16 silly audit   '@vitest/runner': [ '4.1.10' ],
16 silly audit   '@vitest/snapshot': [ '4.1.10' ],
16 silly audit   '@webcontainer/env': [ '1.1.1' ],
16 silly audit   accepts: [ '2.0.0' ],
16 silly audit   acorn: [ '8.16.0' ],
16 silly audit   'acorn-jsx': [ '5.3.2' ],
16 silly audit   'ajv-formats': [ '3.0.1' ],
16 silly audit   'ansi-regex': [ '5.0.1', '6.2.2' ],
16 silly audit   'ansi-styles': [ '4.3.0', '5.2.0' ],
16 silly audit   argparse: [ '2.0.1' ],
16 silly audit   'aria-query': [ '5.3.0', '5.3.1' ],
16 silly audit   'array-buffer-byte-length': [ '1.0.2' ],
16 silly audit   'arraybuffer.prototype.slice': [ '1.0.4' ],
16 silly audit   'assertion-error': [ '2.0.1' ],
16 silly audit   'ast-types': [ '0.16.1' ],
16 silly audit   'ast-v8-to-istanbul': [ '1.0.3' ],
16 silly audit   'js-tokens': [ '10.0.0', '4.0.0' ],
16 silly audit   async: [ '3.2.6' ],
16 silly audit   'async-function': [ '1.0.0' ],
16 silly audit   'at-least-node': [ '1.0.0' ],
16 silly audit   'available-typed-arrays': [ '1.0.7' ],
16 silly audit   'axe-core': [ '4.12.0' ],
16 silly audit   'axobject-query': [ '4.1.0' ],
16 silly audit   'babel-plugin-polyfill-corejs2': [ '0.4.17' ],
16 silly audit   'babel-plugin-polyfill-corejs3': [ '0.14.2' ],
16 silly audit   'babel-plugin-polyfill-regenerator': [ '0.6.8' ],
16 silly audit   bail: [ '2.0.2' ],
16 silly audit   'baseline-browser-mapping': [ '2.10.33' ],
16 silly audit   'basic-auth': [ '2.0.1' ],
16 silly audit   'bits-ui': [ '2.18.1' ],
16 silly audit   'body-parser': [ '2.3.0' ],
16 silly audit   'content-type': [ '2.0.0', '1.0.5' ],
16 silly audit   browserslist: [ '4.28.2' ],
16 silly audit   'buffer-from': [ '1.1.2' ],
16 silly audit   'bundle-name': [ '4.1.0' ],
16 silly audit   bytes: [ '3.1.2' ],
16 silly audit   cac: [ '6.7.14' ],
16 silly audit   'call-bind': [ '1.0.9' ],
16 silly audit   'call-bind-apply-helpers': [ '1.0.2' ],
16 silly audit   'call-bound': [ '1.0.4' ],
16 silly audit   callsites: [ '3.1.0' ],
16 silly audit   'caniuse-lite': [ '1.0.30001793' ],
16 silly audit   ccount: [ '2.0.1' ],
16 silly audit   chai: [ '5.3.3', '6.2.2' ],
16 silly audit   chalk: [ '4.1.2' ],
16 silly audit   'character-entities': [ '2.0.2' ],
16 silly audit   'character-entities-html4': [ '2.1.0' ],
16 silly audit   'character-entities-legacy': [ '3.0.0' ],
16 silly audit   'check-error': [ '2.1.3' ],
16 silly audit   chokidar: [ '5.0.0', '4.0.3' ],
16 silly audit   chownr: [ '3.0.0' ],
16 silly audit   chromatic: [ '16.10.0' ],
16 silly audit   clsx: [ '2.1.1' ],
16 silly audit   'color-convert': [ '2.0.1' ],
16 silly audit   'color-name': [ '1.1.4' ],
16 silly audit   colorette: [ '2.0.20' ],
16 silly audit   'comma-separated-tokens': [ '2.0.3' ],
16 silly audit   commander: [ '7.2.0', '8.3.0', '2.20.3' ],
16 silly audit   'common-tags': [ '1.8.2' ],
16 silly audit   'concat-map': [ '0.0.1' ],
16 silly audit   consola: [ '3.4.2' ],
16 silly audit   'content-disposition': [ '1.1.0' ],
16 silly audit   'convert-source-map': [ '2.0.0' ],
16 silly audit   cookie: [ '1.1.1' ],
16 silly audit   'cookie-signature': [ '1.2.2' ],
16 silly audit   'core-js-compat': [ '3.49.0' ],
16 silly audit   cors: [ '2.8.6' ],
16 silly audit   corser: [ '2.0.1' ],
16 silly audit   'cose-base': [ '1.0.3', '2.2.0' ],
16 silly audit   'cross-spawn': [ '7.0.6' ],
16 silly audit   'crypto-random-string': [ '2.0.0' ],
16 silly audit   'css.escape': [ '1.5.1' ],
16 silly audit   cssesc: [ '3.0.0' ],
16 silly audit   csstype: [ '3.2.3' ],
16 silly audit   cytoscape: [ '3.34.0' ],
16 silly audit   'cytoscape-cose-bilkent': [ '4.1.0' ],
16 silly audit   'cytoscape-fcose': [ '2.2.0' ],
16 silly audit   'layout-base': [ '2.0.1', '1.0.2' ],
16 silly audit   d3: [ '7.9.0' ],
16 silly audit   'd3-array': [ '3.2.4', '2.12.1' ],
16 silly audit   'd3-axis': [ '3.0.0' ],
16 silly audit   'd3-brush': [ '3.0.0' ],
16 silly audit   'd3-chord': [ '3.0.1' ],
16 silly audit   'd3-color': [ '3.1.0' ],
16 silly audit   'd3-contour': [ '4.0.2' ],
16 silly audit   'd3-delaunay': [ '6.0.4' ],
16 silly audit   'd3-dispatch': [ '3.0.1' ],
16 silly audit   'd3-drag': [ '3.0.0' ],
16 silly audit   'd3-dsv': [ '3.0.1' ],
16 silly audit   'iconv-lite': [ '0.6.3', '0.7.2' ],
16 silly audit   'd3-ease': [ '3.0.1' ],
16 silly audit   'd3-fetch': [ '3.0.1' ],
16 silly audit   'd3-force': [ '3.0.0' ],
16 silly audit   'd3-format': [ '3.1.2' ],
16 silly audit   'd3-geo': [ '3.1.1' ],
16 silly audit   'd3-hierarchy': [ '3.1.2' ],
16 silly audit   'd3-interpolate': [ '3.0.1' ],
16 silly audit   'd3-path': [ '3.1.0', '1.0.9' ],
16 silly audit   'd3-polygon': [ '3.0.1' ],
16 silly audit   'd3-quadtree': [ '3.0.1' ],
16 silly audit   'd3-random': [ '3.0.1' ],
16 silly audit   'd3-sankey': [ '0.12.3' ],
16 silly audit   'd3-shape': [ '1.3.7', '3.2.0' ],
16 silly audit   internmap: [ '1.0.1', '2.0.3' ],
16 silly audit   'd3-scale': [ '4.0.2' ],
16 silly audit   'd3-scale-chromatic': [ '3.1.0' ],
16 silly audit   'd3-selection': [ '3.0.0' ],
16 silly audit   'd3-time': [ '3.1.0' ],
16 silly audit   'd3-time-format': [ '4.1.0' ],
16 silly audit   'd3-timer': [ '3.0.1' ],
16 silly audit   'd3-transition': [ '3.0.1' ],
16 silly audit   'd3-zoom': [ '3.0.0' ],
16 silly audit   'dagre-d3-es': [ '7.0.14' ],
16 silly audit   'data-view-buffer': [ '1.0.2' ],
16 silly audit   'data-view-byte-length': [ '1.0.2' ],
16 silly audit   'data-view-byte-offset': [ '1.0.1' ],
16 silly audit   dayjs: [ '1.11.21' ],
16 silly audit   debug: [ '4.4.3' ],
16 silly audit   'decode-bmp': [ '0.2.1' ],
16 silly audit   'decode-ico': [ '0.4.1' ],
16 silly audit   'decode-named-character-reference': [ '1.3.0' ],
16 silly audit   dedent: [ '1.7.2' ],
16 silly audit   'dedent-js': [ '1.0.1' ],
16 silly audit   'deep-eql': [ '5.0.2' ],
16 silly audit   'deep-is': [ '0.1.4' ],
16 silly audit   deepmerge: [ '4.3.1' ],
16 silly audit   'default-browser': [ '5.5.0' ],
16 silly audit   'default-browser-id': [ '5.0.1' ],
16 silly audit   'define-data-property': [ '1.1.4' ],
16 silly audit   'define-lazy-prop': [ '3.0.0' ],
16 silly audit   'define-properties': [ '1.2.1' ],
16 silly audit   defu: [ '6.1.7' ],
16 silly audit   delaunator: [ '5.1.0' ],
16 silly audit   depd: [ '2.0.0' ],
16 silly audit   dequal: [ '2.0.3' ],
16 silly audit   'detect-libc': [ '2.1.2' ],
16 silly audit   devalue: [ '5.8.1' ],
16 silly audit   devlop: [ '1.1.0' ],
16 silly audit   dexie: [ '4.4.3' ],
16 silly audit   dompurify: [ '3.4.13' ],
16 silly audit   'dunder-proto': [ '1.0.1' ],
16 silly audit   'ee-first': [ '1.1.1' ],
16 silly audit   ejs: [ '3.1.10' ],
16 silly audit   'electron-to-chromium': [ '1.5.367' ],
16 silly audit   encodeurl: [ '2.0.0' ],
16 silly audit   'enhanced-resolve': [ '5.23.0' ],
16 silly audit   entities: [ '6.0.1' ],
16 silly audit   'es-abstract': [ '1.24.2' ],
16 silly audit   'es-define-property': [ '1.0.1' ],
16 silly audit   'es-errors': [ '1.3.0' ],
16 silly audit   'es-module-lexer': [ '2.1.0' ],
16 silly audit   'es-object-atoms': [ '1.1.2' ],
16 silly audit   'es-set-tostringtag': [ '2.1.0' ],
16 silly audit   'es-to-primitive': [ '1.3.0' ],
16 silly audit   'es-toolkit': [ '1.47.0' ],
16 silly audit   esbuild: [ '0.28.1' ],
16 silly audit   escalade: [ '3.2.0' ],
16 silly audit   'escape-html': [ '1.0.3' ],
16 silly audit   'escape-string-regexp': [ '4.0.0', '5.0.0' ],
16 silly audit   eslint: [ '9.39.4' ],
16 silly audit   'eslint-config-prettier': [ '10.1.8' ],
16 silly audit   'eslint-plugin-perfectionist': [ '5.10.1' ],
16 silly audit   'eslint-plugin-simple-import-sort': [ '14.0.0' ],
16 silly audit   'eslint-plugin-storybook': [ '10.5.6' ],
16 silly audit   'eslint-plugin-svelte': [ '3.19.0' ],
16 silly audit   'eslint-scope': [ '8.4.0' ],
16 silly audit   'esm-env': [ '1.2.2' ],
16 silly audit   espree: [ '10.4.0' ],
16 silly audit   esprima: [ '4.0.1' ],
16 silly audit   esquery: [ '1.7.0' ],
16 silly audit   esrap: [ '1.4.9', '1.2.2', '2.2.11' ],
16 silly audit   esrecurse: [ '4.3.0' ],
16 silly audit   estraverse: [ '5.3.0' ],
16 silly audit   esutils: [ '2.0.3' ],
16 silly audit   eta: [ '4.6.0' ],
16 silly audit   etag: [ '1.8.1' ],
16 silly audit   eventemitter3: [ '4.0.7' ],
16 silly audit   eventsource: [ '3.0.7' ],
16 silly audit   'eventsource-parser': [ '3.1.0' ],
16 silly audit   'expect-type': [ '1.3.0' ],
16 silly audit   express: [ '5.2.1' ],
16 silly audit   'express-rate-limit': [ '8.5.2' ],
16 silly audit   extend: [ '3.0.2' ],
16 silly audit   'fast-deep-equal': [ '3.1.3' ],
16 silly audit   'fast-json-stable-stringify': [ '2.1.0' ],
16 silly audit   'fast-levenshtein': [ '2.0.6' ],
16 silly audit   'fast-uri': [ '3.1.5' ],
16 silly audit   fdir: [ '6.5.0' ],
16 silly audit   fflate: [ '0.8.3' ],
16 silly audit   'file-entry-cache': [ '8.0.0' ],
16 silly audit   filelist: [ '1.0.6' ],
16 silly audit   finalhandler: [ '2.1.1' ],
16 silly audit   'find-up': [ '5.0.0' ],
16 silly audit   'flat-cache': [ '4.0.1' ],
16 silly audit   flatted: [ '3.4.2' ],
16 silly audit   'follow-redirects': [ '1.16.0' ],
16 silly audit   'for-each': [ '0.3.5' ],
16 silly audit   'foreground-child': [ '3.3.1' ],
16 silly audit   forwarded: [ '0.2.0' ],
16 silly audit   fresh: [ '2.0.0' ],
16 silly audit   'fs-extra': [ '9.1.0' ],
16 silly audit   fsevents: [ '2.3.2', '2.3.3' ],
16 silly audit   'function-bind': [ '1.1.2' ],
16 silly audit   'function.prototype.name': [ '1.1.8' ],
16 silly audit   'functions-have-names': [ '1.2.3' ],
16 silly audit   'generator-function': [ '2.0.1' ],
16 silly audit   gensync: [ '1.0.0-beta.2' ],
16 silly audit   'get-intrinsic': [ '1.3.0' ],
16 silly audit   'get-own-enumerable-property-symbols': [ '3.0.2' ],
16 silly audit   'get-proto': [ '1.0.1' ],
16 silly audit   'get-symbol-description': [ '1.1.0' ],
16 silly audit   'glob-parent': [ '6.0.2' ],
16 silly audit   globalthis: [ '1.0.4' ],
16 silly audit   gopd: [ '1.2.0' ],
16 silly audit   'graceful-fs': [ '4.2.11' ],
16 silly audit   'hachure-fill': [ '0.5.2' ],
16 silly audit   'has-bigints': [ '1.1.0' ],
16 silly audit   'has-flag': [ '4.0.0' ],
16 silly audit   'has-property-descriptors': [ '1.0.2' ],
16 silly audit   'has-proto': [ '1.2.0' ],
16 silly audit   'has-symbols': [ '1.1.0' ],
16 silly audit   'has-tostringtag': [ '1.0.2' ],
16 silly audit   hasown: [ '2.0.4' ],
16 silly audit   'hast-util-from-dom': [ '5.0.1' ],
16 silly audit   'hast-util-from-html': [ '2.0.3' ],
16 silly audit   'hast-util-from-html-isomorphic': [ '2.0.0' ],
16 silly audit   'vfile-message': [ '4.0.3', '2.0.4' ],
16 silly audit   'hast-util-from-parse5': [ '8.0.3' ],
16 silly audit   'hast-util-is-element': [ '3.0.0' ],
16 silly audit   'hast-util-parse-selector': [ '4.0.0' ],
16 silly audit   'hast-util-sanitize': [ '5.0.2' ],
16 silly audit   'hast-util-to-html': [ '9.0.5' ],
16 silly audit   'hast-util-to-text': [ '4.0.2' ],
16 silly audit   'hast-util-whitespace': [ '3.0.0' ],
16 silly audit   hastscript: [ '9.0.1' ],
16 silly audit   he: [ '1.2.0' ],
16 silly audit   'highlight.js': [ '11.11.1' ],
16 silly audit   hono: [ '4.13.0' ],
16 silly audit   'html-encoding-sniffer': [ '3.0.0' ],
16 silly audit   'html-escaper': [ '2.0.2' ],
16 silly audit   'html-void-elements': [ '3.0.0' ],
16 silly audit   'http-errors': [ '2.0.1' ],
16 silly audit   'http-proxy': [ '1.18.1' ],
16 silly audit   'http-server': [ '14.1.1' ],
16 silly audit   'ico-endec': [ '0.1.6' ],
16 silly audit   idb: [ '7.1.1' ],
16 silly audit   immutable: [ '5.1.9' ],
16 silly audit   'import-fresh': [ '3.3.1' ],
16 silly audit   'import-meta-resolve': [ '4.2.0' ],
16 silly audit   imurmurhash: [ '0.1.4' ],
16 silly audit   'indent-string': [ '4.0.0' ],
16 silly audit   inherits: [ '2.0.4' ],
16 silly audit   'inline-style-parser': [ '0.2.7' ],
16 silly audit   'internal-slot': [ '1.1.0' ],
16 silly audit   'ip-address': [ '10.4.0' ],
16 silly audit   'ipaddr.js': [ '1.9.1' ],
16 silly audit   'is-array-buffer': [ '3.0.5' ],
16 silly audit   'is-async-function': [ '2.1.1' ],
16 silly audit   'is-bigint': [ '1.1.0' ],
16 silly audit   'is-boolean-object': [ '1.2.2' ],
16 silly audit   'is-callable': [ '1.2.7' ],
16 silly audit   'is-core-module': [ '2.16.2' ],
16 silly audit   'is-data-view': [ '1.0.2' ],
16 silly audit   'is-date-object': [ '1.1.0' ],
16 silly audit   'is-docker': [ '3.0.0' ],
16 silly audit   'is-extglob': [ '2.1.1' ],
16 silly audit   'is-finalizationregistry': [ '1.1.1' ],
16 silly audit   'is-generator-function': [ '1.1.2' ],
16 silly audit   'is-glob': [ '4.0.3' ],
16 silly audit   'is-inside-container': [ '1.0.0' ],
16 silly audit   'is-map': [ '2.0.3' ],
16 silly audit   'is-module': [ '1.0.0' ],
16 silly audit   'is-negative-zero': [ '2.0.3' ],
16 silly audit   'is-number-object': [ '1.1.1' ],
16 silly audit   'is-obj': [ '1.0.1' ],
16 silly audit   'is-plain-obj': [ '4.1.0' ],
16 silly audit   'is-promise': [ '4.0.0' ],
16 silly audit   'is-reference': [ '3.0.3' ],
16 silly audit   'is-regex': [ '1.2.1' ],
16 silly audit   'is-regexp': [ '1.0.0' ],
16 silly audit   'is-set': [ '2.0.3' ],
16 silly audit   'is-shared-array-buffer': [ '1.0.4' ],
16 silly audit   'is-stream': [ '2.0.1' ],
16 silly audit   'is-string': [ '1.1.1' ],
16 silly audit   'is-symbol': [ '1.1.1' ],
16 silly audit   'is-typed-array': [ '1.1.15' ],
16 silly audit   'is-weakmap': [ '2.0.2' ],
16 silly audit   'is-weakref': [ '1.1.1' ],
16 silly audit   'is-weakset': [ '2.0.4' ],
16 silly audit   'is-wsl': [ '3.1.1' ],
16 silly audit   isarray: [ '2.0.5' ],
16 silly audit   isexe: [ '2.0.0' ],
16 silly audit   'istanbul-lib-coverage': [ '3.2.2' ],
16 silly audit   'istanbul-lib-report': [ '3.0.1' ],
16 silly audit   'istanbul-reports': [ '3.2.0' ],
16 silly audit   jake: [ '10.9.4' ],
16 silly audit   jiti: [ '2.7.0' ],
16 silly audit   jose: [ '6.2.3' ],
16 silly audit   'js-yaml': [ '4.3.1' ],
16 silly audit   jsesc: [ '3.1.0' ],
16 silly audit   'json-buffer': [ '3.0.1' ],
16 silly audit   'json-rpc-2.0': [ '1.7.1' ],
16 silly audit   'json-schema-typed': [ '8.0.2' ],
16 silly audit   'json-stable-stringify-without-jsonify': [ '1.0.1' ],
16 silly audit   json5: [ '2.2.3' ],
16 silly audit   'jsonc-parser': [ '3.3.1' ],
16 silly audit   jsonfile: [ '6.2.1' ],
16 silly audit   jsonpointer: [ '5.0.1' ],
16 silly audit   katex: [ '0.16.47' ],
16 silly audit   keyv: [ '4.5.4' ],
16 silly audit   khroma: [ '2.1.0' ],
16 silly audit   kleur: [ '4.1.5' ],
16 silly audit   'known-css-properties': [ '0.37.0' ],
16 silly audit   kolorist: [ '1.8.0' ],
16 silly audit   leven: [ '3.1.0' ],
16 silly audit   levn: [ '0.4.1' ],
16 silly audit   lightningcss: [ '1.30.1' ],
16 silly audit   'lightningcss-darwin-arm64': [ '1.30.1' ],
16 silly audit   'lightningcss-darwin-x64': [ '1.30.1' ],
16 silly audit   'lightningcss-freebsd-x64': [ '1.30.1' ],
16 silly audit   'lightningcss-linux-arm-gnueabihf': [ '1.30.1' ],
16 silly audit   'lightningcss-linux-arm64-gnu': [ '1.30.1' ],
16 silly audit   'lightningcss-linux-arm64-musl': [ '1.30.1' ],
16 silly audit   'lightningcss-linux-x64-gnu': [ '1.30.1' ],
16 silly audit   'lightningcss-linux-x64-musl': [ '1.30.1' ],
16 silly audit   'lightningcss-win32-arm64-msvc': [ '1.30.1' ],
16 silly audit   'lightningcss-win32-x64-msvc': [ '1.30.1' ],
16 silly audit   lilconfig: [ '2.1.0' ],
16 silly audit   'locate-character': [ '3.0.0' ],
16 silly audit   'locate-path': [ '6.0.0' ],
16 silly audit   'lodash-es': [ '4.18.1' ],
16 silly audit   'lodash.castarray': [ '4.4.0' ],
16 silly audit   'lodash.debounce': [ '4.0.8' ],
16 silly audit   'lodash.isplainobject': [ '4.0.6' ],
16 silly audit   'lodash.merge': [ '4.6.2' ],
16 silly audit   'lodash.sortby': [ '4.7.0' ],
16 silly audit   'longest-streak': [ '3.1.0' ],
16 silly audit   loupe: [ '3.2.1' ],
16 silly audit   lowlight: [ '3.3.0' ],
16 silly audit   'lz-string': [ '1.5.0' ],
16 silly audit   'magic-string': [ '0.30.21' ],
16 silly audit   magicast: [ '0.5.3' ],
16 silly audit   'make-dir': [ '4.0.0' ],
16 silly audit   'markdown-table': [ '3.0.4' ],
16 silly audit   marked: [ '16.4.2' ],
16 silly audit   'math-intrinsics': [ '1.1.0' ],
16 silly audit   mdast: [ '3.0.0' ],
16 silly audit   'mdast-util-find-and-replace': [ '3.0.2' ],
16 silly audit   'mdast-util-from-markdown': [ '2.0.3' ],
16 silly audit   'mdast-util-gfm': [ '3.1.0' ],
16 silly audit   'mdast-util-gfm-autolink-literal': [ '2.0.1' ],
16 silly audit   'mdast-util-gfm-footnote': [ '2.1.0' ],
16 silly audit   'mdast-util-gfm-strikethrough': [ '2.0.0' ],
16 silly audit   'mdast-util-gfm-table': [ '2.0.0' ],
16 silly audit   'mdast-util-gfm-task-list-item': [ '2.0.0' ],
16 silly audit   'mdast-util-math': [ '3.0.0' ],
16 silly audit   'mdast-util-newline-to-break': [ '2.0.0' ],
16 silly audit   'mdast-util-phrasing': [ '4.1.0' ],
16 silly audit   'mdast-util-to-hast': [ '13.2.1' ],
16 silly audit   'mdast-util-to-markdown': [ '2.1.2' ],
16 silly audit   'mdast-util-to-string': [ '4.0.0' ],
16 silly audit   mdsvex: [ '0.12.7' ],
16 silly audit   'unist-util-is': [ '4.1.0', '6.0.1' ],
16 silly audit   'unist-util-visit': [ '2.0.3', '5.1.0' ],
16 silly audit   'unist-util-visit-parents': [ '3.1.1', '6.0.2' ],
16 silly audit   'media-typer': [ '1.1.0' ],
16 silly audit   'merge-descriptors': [ '2.0.0' ],
16 silly audit   mermaid: [ '11.15.0' ],
16 silly audit   micromark: [ '4.0.2' ],
16 silly audit   'micromark-core-commonmark': [ '2.0.3' ],
16 silly audit   'micromark-extension-gfm': [ '3.0.0' ],
16 silly audit   'micromark-extension-gfm-autolink-literal': [ '2.1.0' ],
16 silly audit   'micromark-extension-gfm-footnote': [ '2.1.0' ],
16 silly audit   'micromark-extension-gfm-strikethrough': [ '2.1.0' ],
16 silly audit   'micromark-extension-gfm-table': [ '2.1.1' ],
16 silly audit   'micromark-extension-gfm-tagfilter': [ '2.0.0' ],
16 silly audit   'micromark-extension-gfm-task-list-item': [ '2.1.0' ],
16 silly audit   'micromark-extension-math': [ '3.1.0' ],
16 silly audit   'micromark-factory-destination': [ '2.0.1' ],
16 silly audit   'micromark-factory-label': [ '2.0.1' ],
16 silly audit   'micromark-factory-space': [ '2.0.1' ],
16 silly audit   'micromark-factory-title': [ '2.0.1' ],
16 silly audit   'micromark-factory-whitespace': [ '2.0.1' ],
16 silly audit   'micromark-util-character': [ '2.1.1' ],
16 silly audit   'micromark-util-chunked': [ '2.0.1' ],
16 silly audit   'micromark-util-classify-character': [ '2.0.1' ],
16 silly audit   'micromark-util-combine-extensions': [ '2.0.1' ],
16 silly audit   'micromark-util-decode-numeric-character-reference': [ '2.0.2' ],
16 silly audit   'micromark-util-decode-string': [ '2.0.1' ],
16 silly audit   'micromark-util-encode': [ '2.0.1' ],
16 silly audit   'micromark-util-html-tag-name': [ '2.0.1' ],
16 silly audit   'micromark-util-normalize-identifier': [ '2.0.1' ],
16 silly audit   'micromark-util-resolve-all': [ '2.0.1' ],
16 silly audit   'micromark-util-sanitize-uri': [ '2.0.1' ],
16 silly audit   'micromark-util-subtokenize': [ '2.1.0' ],
16 silly audit   'micromark-util-symbol': [ '2.0.1' ],
16 silly audit   'micromark-util-types': [ '2.0.2' ],
16 silly audit   mime: [ '1.6.0' ],
16 silly audit   'mime-db': [ '1.54.0' ],
16 silly audit   'mime-types': [ '3.0.2' ],
16 silly audit   'min-indent': [ '1.0.1' ],
16 silly audit   'mini-svg-data-uri': [ '1.4.4' ],
16 silly audit   minimist: [ '1.2.8' ],
16 silly audit   minipass: [ '7.1.3' ],
16 silly audit   minizlib: [ '3.1.0' ],
16 silly audit   'mode-watcher': [ '1.1.0' ],
16 silly audit   runed: [ '0.25.0', '0.23.4', '0.35.1', '0.28.0' ],
16 silly audit   'svelte-toolbelt': [ '0.7.1', '0.10.6' ],
16 silly audit   mri: [ '1.2.0' ],
16 silly audit   mrmime: [ '2.0.1' ],
16 silly audit   ms: [ '2.1.3' ],
16 silly audit   nanoid: [ '3.3.17' ],
16 silly audit   'natural-compare': [ '1.4.0' ],
16 silly audit   'natural-orderby': [ '5.0.0' ],
16 silly audit   negotiator: [ '1.0.0' ],
16 silly audit   'node-addon-api': [ '7.1.1' ],
16 silly audit   'node-releases': [ '2.0.47' ],
16 silly audit   'object-assign': [ '4.1.1' ],
16 silly audit   'object-inspect': [ '1.13.4' ],
16 silly audit   'object-keys': [ '1.1.1' ],
16 silly audit   'object.assign': [ '4.1.7' ],
16 silly audit   obug: [ '2.1.2' ],
16 silly audit   'on-finished': [ '2.4.1' ],
16 silly audit   once: [ '1.4.0' ],
16 silly audit   open: [ '10.2.0' ],
16 silly audit   opener: [ '1.5.2' ],
16 silly audit   optionator: [ '0.9.4' ],
16 silly audit   'own-keys': [ '1.0.1' ],
16 silly audit   'oxc-parser': [ '0.127.0' ],
16 silly audit   'oxc-resolver': [ '11.20.0' ],
16 silly audit   'p-limit': [ '3.1.0' ],
16 silly audit   'p-locate': [ '5.0.0' ],
16 silly audit   'package-json-from-dist': [ '1.0.1' ],
16 silly audit   'package-manager-detector': [ '1.6.0' ],
16 silly audit   'parent-module': [ '1.0.1' ],
16 silly audit   parse5: [ '7.3.0' ],
16 silly audit   parseurl: [ '1.3.3' ],
16 silly audit   'path-data-parser': [ '0.1.0' ],
16 silly audit   'path-exists': [ '4.0.0' ],
16 silly audit   'path-key': [ '3.1.1' ],
16 silly audit   'path-parse': [ '1.0.7' ],
16 silly audit   'path-to-regexp': [ '8.4.2' ],
16 silly audit   pathe: [ '2.0.3' ],
16 silly audit   pathval: [ '2.0.1' ],
16 silly audit   'pdfjs-dist': [ '5.4.54' ],
16 silly audit   picocolors: [ '1.1.1' ],
16 silly audit   picomatch: [ '4.0.4' ],
16 silly audit   picoquery: [ '2.5.0' ],
16 silly audit   'pkce-challenge': [ '5.0.1' ],
16 silly audit   playwright: [ '1.56.1' ],
16 silly audit   'playwright-core': [ '1.56.1' ],
16 silly audit   pngjs: [ '7.0.0' ],
16 silly audit   'points-on-curve': [ '0.2.0' ],
16 silly audit   'points-on-path': [ '0.2.1' ],
16 silly audit   portfinder: [ '1.0.38' ],
16 silly audit   'possible-typed-array-names': [ '1.1.0' ],
16 silly audit   postcss: [ '8.5.25' ],
16 silly audit   'postcss-load-config': [ '3.1.4' ],
16 silly audit   yaml: [ '1.10.3' ],
16 silly audit   'postcss-safe-parser': [ '7.0.1' ],
16 silly audit   'postcss-scss': [ '4.0.9' ],
16 silly audit   'postcss-selector-parser': [ '6.0.10', '7.1.1' ],
16 silly audit   'prelude-ls': [ '1.2.1' ],
16 silly audit   prettier: [ '3.8.3' ],
16 silly audit   'prettier-plugin-svelte': [ '4.1.0' ],
16 silly audit   'prettier-plugin-tailwindcss': [ '0.8.0' ],
16 silly audit   'pretty-bytes': [ '6.1.1', '5.6.0' ],
16 silly audit   'pretty-format': [ '27.5.1' ],
16 silly audit   'prism-svelte': [ '0.4.7' ],
16 silly audit   prismjs: [ '1.30.0' ],
16 silly audit   'property-information': [ '7.2.0' ],
16 silly audit   'proxy-addr': [ '2.0.7' ],
16 silly audit   punycode: [ '2.3.1' ],
16 silly audit   qs: [ '6.15.2' ],
16 silly audit   quansync: [ '1.0.0' ],
16 silly audit   'range-parser': [ '1.2.1' ],
16 silly audit   'raw-body': [ '3.0.2' ],
16 silly audit   react: [ '19.2.7' ],
16 silly audit   'react-dom': [ '19.2.7' ],
16 silly audit   'react-is': [ '17.0.2' ],
16 silly audit   readdirp: [ '5.0.0', '4.1.2' ],
16 silly audit   recast: [ '0.23.11' ],
16 silly audit   redent: [ '3.0.0' ],
16 silly audit   'reflect.getprototypeof': [ '1.0.10' ],
16 silly audit   regenerate: [ '1.4.2' ],
16 silly audit   'regenerate-unicode-properties': [ '10.2.2' ],
16 silly audit   'regexp.prototype.flags': [ '1.5.4' ],
16 silly audit   'regexpu-core': [ '6.4.0' ],
16 silly audit   regjsgen: [ '0.8.0' ],
16 silly audit   regjsparser: [ '0.13.1' ],
16 silly audit   'rehype-highlight': [ '7.0.2' ],
16 silly audit   'rehype-katex': [ '7.0.1' ],
16 silly audit   'rehype-stringify': [ '10.0.1' ],
16 silly audit   remark: [ '15.0.1' ],
16 silly audit   'remark-breaks': [ '4.0.0' ],
16 silly audit   'remark-gfm': [ '4.0.1' ],
16 silly audit   'remark-html': [ '16.0.1' ],
16 silly audit   'remark-math': [ '6.0.0' ],
16 silly audit   'remark-parse': [ '11.0.0' ],
16 silly audit   'remark-rehype': [ '11.1.2' ],
16 silly audit   'remark-stringify': [ '11.0.0' ],
16 silly audit   'require-from-string': [ '2.0.2' ],
16 silly audit   'requires-port': [ '1.0.0' ],
16 silly audit   resolve: [ '1.22.12' ],
16 silly audit   'resolve-from': [ '4.0.0' ],
16 silly audit   'robust-predicates': [ '3.0.3' ],
16 silly audit   rollup: [ '4.61.1' ],
16 silly audit   roughjs: [ '4.6.6' ],
16 silly audit   router: [ '2.2.0' ],
16 silly audit   'run-applescript': [ '7.1.0' ],
16 silly audit   rw: [ '1.3.3' ],
16 silly audit   sade: [ '1.8.1' ],
16 silly audit   'safe-array-concat': [ '1.1.4' ],
16 silly audit   'safe-buffer': [ '5.1.2' ],
16 silly audit   'safe-push-apply': [ '1.0.0' ],
16 silly audit   'safe-regex-test': [ '1.1.0' ],
16 silly audit   'safer-buffer': [ '2.1.2' ],
16 silly audit   sass: [ '1.100.0' ],
16 silly audit   scheduler: [ '0.27.0' ],
16 silly audit   scule: [ '1.3.0' ],
16 silly audit   'secure-compare': [ '3.0.1' ],
16 silly audit   send: [ '1.2.1' ],
16 silly audit   'serialize-javascript': [ '7.0.5' ],
16 silly audit   'serve-static': [ '2.2.1' ],
16 silly audit   'set-cookie-parser': [ '3.1.0' ],
16 silly audit   'set-function-length': [ '1.2.2' ],
16 silly audit   'set-function-name': [ '2.0.2' ],
16 silly audit   'set-proto': [ '1.0.0' ],
16 silly audit   setprototypeof: [ '1.2.0' ],
16 silly audit   sharp: [ '0.35.3' ],
16 silly audit   'sharp-ico': [ '0.1.5' ],
16 silly audit   'shebang-command': [ '2.0.0' ],
16 silly audit   'shebang-regex': [ '3.0.0' ],
16 silly audit   'side-channel': [ '1.1.0' ],
16 silly audit   'side-channel-list': [ '1.0.1' ],
16 silly audit   'side-channel-map': [ '1.0.1' ],
16 silly audit   'side-channel-weakmap': [ '1.0.2' ],
16 silly audit   siginfo: [ '2.0.0' ],
16 silly audit   'signal-exit': [ '4.1.0' ],
16 silly audit   sirv: [ '3.0.2' ],
16 silly audit   smob: [ '1.6.2' ],
16 silly audit   'source-map': [ '0.6.1', '0.8.0-beta.0' ],
16 silly audit   'source-map-js': [ '1.2.1' ],
16 silly audit   'source-map-support': [ '0.5.21' ],
16 silly audit   'space-separated-tokens': [ '2.0.2' ],
16 silly audit   sqids: [ '0.3.0' ],
16 silly audit   stackback: [ '0.0.2' ],
16 silly audit   statuses: [ '2.0.2' ],
16 silly audit   'std-env': [ '4.1.0' ],
16 silly audit   'stop-iteration-iterator': [ '1.1.0' ],
16 silly audit   storybook: [ '10.5.6' ],
16 silly audit   'string.prototype.matchall': [ '4.0.12' ],
16 silly audit   'string.prototype.trim': [ '1.2.10' ],
16 silly audit   'string.prototype.trimend': [ '1.0.9' ],
16 silly audit   'string.prototype.trimstart': [ '1.0.8' ],
16 silly audit   'stringify-entities': [ '4.0.4' ],
16 silly audit   'stringify-object': [ '3.3.0' ],
16 silly audit   'strip-ansi': [ '7.2.0' ],
16 silly audit   'strip-comments': [ '2.0.1' ],
16 silly audit   'strip-indent': [ '3.0.0' ],
16 silly audit   'strip-json-comments': [ '3.1.1' ],
16 silly audit   'style-to-object': [ '1.0.14' ],
16 silly audit   stylis: [ '4.4.0' ],
16 silly audit   'supports-color': [ '7.2.0' ],
16 silly audit   'supports-preserve-symlinks-flag': [ '1.0.0' ],
16 silly audit   svelte: [ '5.56.1' ],
16 silly audit   'svelte-ast-print': [ '0.4.2' ],
16 silly audit   zimmerframe: [ '1.1.2', '1.1.4' ],
16 silly audit   'svelte-check': [ '4.6.0' ],
16 silly audit   'svelte-eslint-parser': [ '1.8.0' ],
16 silly audit   'svelte-sonner': [ '1.1.1' ],
16 silly audit   svelte2tsx: [ '0.7.59' ],
16 silly audit   tabbable: [ '6.4.0' ],
16 silly audit   'tagged-tag': [ '1.0.0' ],
16 silly audit   'tailwind-merge': [ '3.6.0' ],
16 silly audit   'tailwind-variants': [ '3.2.2' ],
16 silly audit   tapable: [ '2.3.3' ],
16 silly audit   tar: [ '7.5.22' ],
16 silly audit   yallist: [ '5.0.0', '3.1.1' ],
16 silly audit   'temp-dir': [ '2.0.0' ],
16 silly audit   tempy: [ '0.6.0' ],
16 silly audit   terser: [ '5.48.0' ],
16 silly audit   'tiny-invariant': [ '1.3.3' ],
16 silly audit   tinybench: [ '2.9.0' ],
16 silly audit   tinyexec: [ '1.2.4' ],
16 silly audit   tinyglobby: [ '0.2.17' ],
16 silly audit   tinyspy: [ '4.0.4' ],
16 silly audit   tmcp: [ '1.19.4' ],
16 silly audit   'to-data-view': [ '1.1.0' ],
16 silly audit   toidentifier: [ '1.0.1' ],
16 silly audit   totalist: [ '3.0.1' ],
16 silly audit   tr46: [ '1.0.1' ],
16 silly audit   'trim-lines': [ '3.0.1' ],
16 silly audit   trough: [ '2.2.0' ],
16 silly audit   'ts-api-utils': [ '2.5.0' ],
16 silly audit   'ts-dedent': [ '2.2.0' ],
16 silly audit   tslib: [ '2.8.1' ],
16 silly audit   'tw-animate-css': [ '1.4.0' ],
16 silly audit   'type-check': [ '0.4.0' ],
16 silly audit   'type-is': [ '2.1.0' ],
16 silly audit   'typed-array-buffer': [ '1.0.3' ],
16 silly audit   'typed-array-byte-length': [ '1.0.3' ],
16 silly audit   'typed-array-byte-offset': [ '1.0.4' ],
16 silly audit   'typed-array-length': [ '1.0.8' ],
16 silly audit   typescript: [ '5.9.3' ],
16 silly audit   'typescript-eslint': [ '8.60.1' ],
16 silly audit   'unbox-primitive': [ '1.1.0' ],
16 silly audit   unconfig: [ '7.5.0' ],
16 silly audit   'unconfig-core': [ '7.5.0' ],
16 silly audit   'undici-types': [ '7.18.2' ],
16 silly audit   'unicode-canonical-property-names-ecmascript': [ '2.0.1' ],
16 silly audit   'unicode-match-property-ecmascript': [ '2.0.0' ],
16 silly audit   'unicode-match-property-value-ecmascript': [ '2.2.1' ],
16 silly audit   'unicode-property-aliases-ecmascript': [ '2.2.0' ],
16 silly audit   unified: [ '11.0.5' ],
16 silly audit   union: [ '0.5.0' ],
16 silly audit   'unique-string': [ '2.0.0' ],
16 silly audit   'unist-util-find-after': [ '5.0.0' ],
16 silly audit   'unist-util-position': [ '5.0.0' ],
16 silly audit   'unist-util-remove-position': [ '5.0.0' ],
16 silly audit   'unist-util-stringify-position': [ '4.0.0', '2.0.3' ],
16 silly audit   universalify: [ '2.0.1' ],
16 silly audit   unpipe: [ '1.0.0' ],
16 silly audit   unplugin: [ '2.3.11' ],
16 silly audit   upath: [ '1.2.0' ],
16 silly audit   'update-browserslist-db': [ '1.2.3' ],
16 silly audit   'uri-js': [ '4.4.1' ],
16 silly audit   'uri-template-matcher': [ '1.1.2' ],
16 silly audit   'url-join': [ '4.0.1' ],
16 silly audit   'use-sync-external-store': [ '1.6.0' ],
16 silly audit   'util-deprecate': [ '1.0.2' ],
16 silly audit   uuid: [ '13.0.2', '11.1.1' ],
16 silly audit   valibot: [ '1.4.2' ],
16 silly audit   vary: [ '1.1.2' ],
16 silly audit   vfile: [ '6.0.3' ],
16 silly audit   'vfile-location': [ '5.0.3' ],
16 silly audit   vite: [ '7.3.6' ],
16 silly audit   'vite-plugin-devtools-json': [ '0.2.1' ],
16 silly audit   'vite-plugin-pwa': [ '1.3.0' ],
16 silly audit   vitefu: [ '1.1.3' ],
16 silly audit   vitest: [ '4.1.10' ],
16 silly audit   'vitest-browser-svelte': [ '2.1.1' ],
16 silly audit   'web-namespaces': [ '2.0.1' ],
16 silly audit   'webidl-conversions': [ '4.0.2' ],
16 silly audit   'webpack-virtual-modules': [ '0.6.2' ],
16 silly audit   'whatwg-encoding': [ '2.0.0' ],
16 silly audit   'whatwg-url': [ '7.1.0' ],
16 silly audit   which: [ '2.0.2' ],
16 silly audit   'which-boxed-primitive': [ '1.1.1' ],
16 silly audit   'which-builtin-type': [ '1.2.1' ],
16 silly audit   'which-collection': [ '1.0.2' ],
16 silly audit   'which-typed-array': [ '1.1.21' ],
16 silly audit   'why-is-node-running': [ '2.3.0' ],
16 silly audit   'word-wrap': [ '1.2.5' ],
16 silly audit   'workbox-background-sync': [ '7.4.1' ],
16 silly audit   'workbox-broadcast-update': [ '7.4.1' ],
16 silly audit   'workbox-build': [ '7.4.1' ],
16 silly audit   '@isaacs/cliui': [ '9.0.0' ],
16 silly audit   glob: [ '11.1.0' ],
16 silly audit   jackspeak: [ '4.2.3' ],
16 silly audit   'path-scurry': [ '2.0.2' ],
16 silly audit   'workbox-cacheable-response': [ '7.4.1' ],
16 silly audit   'workbox-core': [ '7.4.1' ],
16 silly audit   'workbox-expiration': [ '7.4.1' ],
16 silly audit   'workbox-google-analytics': [ '7.4.1' ],
16 silly audit   'workbox-navigation-preload': [ '7.4.1' ],
16 silly audit   'workbox-precaching': [ '7.4.1' ],
16 silly audit   'workbox-range-requests': [ '7.4.1' ],
16 silly audit   'workbox-recipes': [ '7.4.1' ],
16 silly audit   'workbox-routing': [ '7.4.1' ],
16 silly audit   'workbox-strategies': [ '7.4.1' ],
16 silly audit   'workbox-streams': [ '7.4.1' ],
16 silly audit   'workbox-sw': [ '7.4.1' ],
16 silly audit   'workbox-window': [ '7.4.1' ],
16 silly audit   wrappy: [ '1.0.2' ],
16 silly audit   ws: [ '8.21.2' ],
16 silly audit   'wsl-utils': [ '0.1.0' ],
16 silly audit   'yocto-queue': [ '0.1.0' ],
16 silly audit   zod: [ '4.4.3' ],
16 silly audit   'zod-to-json-schema': [ '3.25.2' ],
16 silly audit   zwitch: [ '2.0.4' ]
16 silly audit }
17 http cache zwitch@https://registry.npmjs.org/zwitch/-/zwitch-2.0.4.tgz 9ms (cache hit)
18 http cache zod@https://registry.npmjs.org/zod/-/zod-4.4.3.tgz 1ms (cache hit)
19 http cache zimmerframe@https://registry.npmjs.org/zimmerframe/-/zimmerframe-1.1.4.tgz 0ms (cache hit)
20 http cache zod-to-json-schema@https://registry.npmjs.org/zod-to-json-schema/-/zod-to-json-schema-3.25.2.tgz 0ms (cache hit)
21 http cache yallist@https://registry.npmjs.org/yallist/-/yallist-3.1.1.tgz 1ms (cache hit)
22 http cache yocto-queue@https://registry.npmjs.org/yocto-queue/-/yocto-queue-0.1.0.tgz 0ms (cache hit)
23 http cache wsl-utils@https://registry.npmjs.org/wsl-utils/-/wsl-utils-0.1.0.tgz 0ms (cache hit)
24 http cache ws@https://registry.npmjs.org/ws/-/ws-8.21.2.tgz 0ms (cache hit)
25 http cache wrappy@https://registry.npmjs.org/wrappy/-/wrappy-1.0.2.tgz 1ms (cache hit)
26 http cache workbox-sw@https://registry.npmjs.org/workbox-sw/-/workbox-sw-7.4.1.tgz 0ms (cache hit)
27 http cache workbox-window@https://registry.npmjs.org/workbox-window/-/workbox-window-7.4.1.tgz 0ms (cache hit)
28 http cache workbox-streams@https://registry.npmjs.org/workbox-streams/-/workbox-streams-7.4.1.tgz 0ms (cache hit)
29 http cache workbox-strategies@https://registry.npmjs.org/workbox-strategies/-/workbox-strategies-7.4.1.tgz 0ms (cache hit)
30 http cache workbox-routing@https://registry.npmjs.org/workbox-routing/-/workbox-routing-7.4.1.tgz 1ms (cache hit)
31 http cache workbox-recipes@https://registry.npmjs.org/workbox-recipes/-/workbox-recipes-7.4.1.tgz 0ms (cache hit)
32 http cache workbox-range-requests@https://registry.npmjs.org/workbox-range-requests/-/workbox-range-requests-7.4.1.tgz 0ms (cache hit)
33 http cache workbox-precaching@https://registry.npmjs.org/workbox-precaching/-/workbox-precaching-7.4.1.tgz 0ms (cache hit)
34 http cache workbox-navigation-preload@https://registry.npmjs.org/workbox-navigation-preload/-/workbox-navigation-preload-7.4.1.tgz 0ms (cache hit)
35 http cache workbox-google-analytics@https://registry.npmjs.org/workbox-google-analytics/-/workbox-google-analytics-7.4.1.tgz 0ms (cache hit)
36 http cache workbox-expiration@https://registry.npmjs.org/workbox-expiration/-/workbox-expiration-7.4.1.tgz 0ms (cache hit)
37 http cache workbox-core@https://registry.npmjs.org/workbox-core/-/workbox-core-7.4.1.tgz 0ms (cache hit)
38 http cache workbox-cacheable-response@https://registry.npmjs.org/workbox-cacheable-response/-/workbox-cacheable-response-7.4.1.tgz 0ms (cache hit)
39 http cache workbox-build@https://registry.npmjs.org/workbox-build/-/workbox-build-7.4.1.tgz 1ms (cache hit)
40 http cache workbox-broadcast-update@https://registry.npmjs.org/workbox-broadcast-update/-/workbox-broadcast-update-7.4.1.tgz 0ms (cache hit)
41 http cache workbox-background-sync@https://registry.npmjs.org/workbox-background-sync/-/workbox-background-sync-7.4.1.tgz 0ms (cache hit)
42 http cache word-wrap@https://registry.npmjs.org/word-wrap/-/word-wrap-1.2.5.tgz 0ms (cache hit)
43 http cache why-is-node-running@https://registry.npmjs.org/why-is-node-running/-/why-is-node-running-2.3.0.tgz 0ms (cache hit)
44 http cache which-typed-array@https://registry.npmjs.org/which-typed-array/-/which-typed-array-1.1.21.tgz 0ms (cache hit)
45 http cache which-collection@https://registry.npmjs.org/which-collection/-/which-collection-1.0.2.tgz 1ms (cache hit)
46 http cache which-builtin-type@https://registry.npmjs.org/which-builtin-type/-/which-builtin-type-1.2.1.tgz 0ms (cache hit)
47 http cache which@https://registry.npmjs.org/which/-/which-2.0.2.tgz 0ms (cache hit)
48 http cache which-boxed-primitive@https://registry.npmjs.org/which-boxed-primitive/-/which-boxed-primitive-1.1.1.tgz 0ms (cache hit)
49 http cache whatwg-url@https://registry.npmjs.org/whatwg-url/-/whatwg-url-7.1.0.tgz 0ms (cache hit)
50 http cache whatwg-encoding@https://registry.npmjs.org/whatwg-encoding/-/whatwg-encoding-2.0.0.tgz 0ms (cache hit)
51 http cache webidl-conversions@https://registry.npmjs.org/webidl-conversions/-/webidl-conversions-4.0.2.tgz 1ms (cache hit)
52 http cache webpack-virtual-modules@https://registry.npmjs.org/webpack-virtual-modules/-/webpack-virtual-modules-0.6.2.tgz 0ms (cache hit)
53 http cache web-namespaces@https://registry.npmjs.org/web-namespaces/-/web-namespaces-2.0.1.tgz 0ms (cache hit)
54 http cache vitest-browser-svelte@https://registry.npmjs.org/vitest-browser-svelte/-/vitest-browser-svelte-2.1.1.tgz 0ms (cache hit)
55 http cache vitest@https://registry.npmjs.org/vitest/-/vitest-4.1.10.tgz 0ms (cache hit)
56 http cache vitefu@https://registry.npmjs.org/vitefu/-/vitefu-1.1.3.tgz 0ms (cache hit)
57 http cache vite-plugin-pwa@https://registry.npmjs.org/vite-plugin-pwa/-/vite-plugin-pwa-1.3.0.tgz 1ms (cache hit)
58 http cache vite-plugin-devtools-json@https://registry.npmjs.org/vite-plugin-devtools-json/-/vite-plugin-devtools-json-0.2.1.tgz 0ms (cache hit)
59 http cache vite@https://registry.npmjs.org/vite/-/vite-7.3.6.tgz 0ms (cache hit)
60 http cache vfile-message@https://registry.npmjs.org/vfile-message/-/vfile-message-2.0.4.tgz 0ms (cache hit)
61 http cache vfile-location@https://registry.npmjs.org/vfile-location/-/vfile-location-5.0.3.tgz 0ms (cache hit)
62 http cache vfile@https://registry.npmjs.org/vfile/-/vfile-6.0.3.tgz 0ms (cache hit)
63 http cache vary@https://registry.npmjs.org/vary/-/vary-1.1.2.tgz 0ms (cache hit)
64 http cache valibot@https://registry.npmjs.org/valibot/-/valibot-1.4.2.tgz 0ms (cache hit)
65 http cache uuid@https://registry.npmjs.org/uuid/-/uuid-13.0.2.tgz 1ms (cache hit)
66 http cache util-deprecate@https://registry.npmjs.org/util-deprecate/-/util-deprecate-1.0.2.tgz 0ms (cache hit)
67 http cache use-sync-external-store@https://registry.npmjs.org/use-sync-external-store/-/use-sync-external-store-1.6.0.tgz 0ms (cache hit)
68 http cache url-join@https://registry.npmjs.org/url-join/-/url-join-4.0.1.tgz 0ms (cache hit)
69 http cache uri-template-matcher@https://registry.npmjs.org/uri-template-matcher/-/uri-template-matcher-1.1.2.tgz 0ms (cache hit)
70 http cache uri-js@https://registry.npmjs.org/uri-js/-/uri-js-4.4.1.tgz 0ms (cache hit)
71 http cache update-browserslist-db@https://registry.npmjs.org/update-browserslist-db/-/update-browserslist-db-1.2.3.tgz 0ms (cache hit)
72 http cache upath@https://registry.npmjs.org/upath/-/upath-1.2.0.tgz 0ms (cache hit)
73 http cache unplugin@https://registry.npmjs.org/unplugin/-/unplugin-2.3.11.tgz 0ms (cache hit)
74 http cache unpipe@https://registry.npmjs.org/unpipe/-/unpipe-1.0.0.tgz 0ms (cache hit)
75 http cache universalify@https://registry.npmjs.org/universalify/-/universalify-2.0.1.tgz 0ms (cache hit)
76 http cache unist-util-visit@https://registry.npmjs.org/unist-util-visit/-/unist-util-visit-5.1.0.tgz 0ms (cache hit)
77 http cache unist-util-visit-parents@https://registry.npmjs.org/unist-util-visit-parents/-/unist-util-visit-parents-6.0.2.tgz 0ms (cache hit)
78 http cache unist-util-stringify-position@https://registry.npmjs.org/unist-util-stringify-position/-/unist-util-stringify-position-4.0.0.tgz 1ms (cache hit)
79 http cache unist-util-remove-position@https://registry.npmjs.org/unist-util-remove-position/-/unist-util-remove-position-5.0.0.tgz 0ms (cache hit)
80 http cache unist-util-position@https://registry.npmjs.org/unist-util-position/-/unist-util-position-5.0.0.tgz 0ms (cache hit)
81 http cache unist-util-is@https://registry.npmjs.org/unist-util-is/-/unist-util-is-6.0.1.tgz 0ms (cache hit)
82 http cache unist-util-find-after@https://registry.npmjs.org/unist-util-find-after/-/unist-util-find-after-5.0.0.tgz 0ms (cache hit)
83 http cache unique-string@https://registry.npmjs.org/unique-string/-/unique-string-2.0.0.tgz 0ms (cache hit)
84 http cache union@https://registry.npmjs.org/union/-/union-0.5.0.tgz 1ms (cache hit)
85 http cache unified@https://registry.npmjs.org/unified/-/unified-11.0.5.tgz 0ms (cache hit)
86 http cache unicode-property-aliases-ecmascript@https://registry.npmjs.org/unicode-property-aliases-ecmascript/-/unicode-property-aliases-ecmascript-2.2.0.tgz 1ms (cache hit)
87 http cache unicode-match-property-value-ecmascript@https://registry.npmjs.org/unicode-match-property-value-ecmascript/-/unicode-match-property-value-ecmascript-2.2.1.tgz 0ms (cache hit)
88 http cache unicode-match-property-ecmascript@https://registry.npmjs.org/unicode-match-property-ecmascript/-/unicode-match-property-ecmascript-2.0.0.tgz 0ms (cache hit)
89 http cache unicode-canonical-property-names-ecmascript@https://registry.npmjs.org/unicode-canonical-property-names-ecmascript/-/unicode-canonical-property-names-ecmascript-2.0.1.tgz 1ms (cache hit)
90 http cache undici-types@https://registry.npmjs.org/undici-types/-/undici-types-7.18.2.tgz 0ms (cache hit)
91 http cache unconfig-core@https://registry.npmjs.org/unconfig-core/-/unconfig-core-7.5.0.tgz 0ms (cache hit)
92 http cache unconfig@https://registry.npmjs.org/unconfig/-/unconfig-7.5.0.tgz 0ms (cache hit)
93 http cache unbox-primitive@https://registry.npmjs.org/unbox-primitive/-/unbox-primitive-1.1.0.tgz 0ms (cache hit)
94 http cache typescript-eslint@https://registry.npmjs.org/typescript-eslint/-/typescript-eslint-8.60.1.tgz 0ms (cache hit)
95 http cache typescript@https://registry.npmjs.org/typescript/-/typescript-5.9.3.tgz 0ms (cache hit)
96 http cache typed-array-length@https://registry.npmjs.org/typed-array-length/-/typed-array-length-1.0.8.tgz 0ms (cache hit)
97 http cache typed-array-byte-offset@https://registry.npmjs.org/typed-array-byte-offset/-/typed-array-byte-offset-1.0.4.tgz 0ms (cache hit)
98 http cache typed-array-byte-length@https://registry.npmjs.org/typed-array-byte-length/-/typed-array-byte-length-1.0.3.tgz 0ms (cache hit)
99 http cache typed-array-buffer@https://registry.npmjs.org/typed-array-buffer/-/typed-array-buffer-1.0.3.tgz 0ms (cache hit)
100 http cache type-is@https://registry.npmjs.org/type-is/-/type-is-2.1.0.tgz 0ms (cache hit)
101 http cache type-fest@https://registry.npmjs.org/type-fest/-/type-fest-2.19.0.tgz 0ms (cache hit)
102 http cache type-check@https://registry.npmjs.org/type-check/-/type-check-0.4.0.tgz 1ms (cache hit)
103 http cache tw-animate-css@https://registry.npmjs.org/tw-animate-css/-/tw-animate-css-1.4.0.tgz 0ms (cache hit)
104 http cache tslib@https://registry.npmjs.org/tslib/-/tslib-2.8.1.tgz 0ms (cache hit)
105 http cache ts-dedent@https://registry.npmjs.org/ts-dedent/-/ts-dedent-2.2.0.tgz 0ms (cache hit)
106 http cache ts-api-utils@https://registry.npmjs.org/ts-api-utils/-/ts-api-utils-2.5.0.tgz 0ms (cache hit)
107 http cache trough@https://registry.npmjs.org/trough/-/trough-2.2.0.tgz 0ms (cache hit)
108 http cache trim-lines@https://registry.npmjs.org/trim-lines/-/trim-lines-3.0.1.tgz 0ms (cache hit)
109 http cache tr46@https://registry.npmjs.org/tr46/-/tr46-1.0.1.tgz 0ms (cache hit)
110 http cache totalist@https://registry.npmjs.org/totalist/-/totalist-3.0.1.tgz 0ms (cache hit)
111 http cache toidentifier@https://registry.npmjs.org/toidentifier/-/toidentifier-1.0.1.tgz 0ms (cache hit)
112 http cache to-data-view@https://registry.npmjs.org/to-data-view/-/to-data-view-1.1.0.tgz 0ms (cache hit)
113 http cache tmcp@https://registry.npmjs.org/tmcp/-/tmcp-1.19.4.tgz 0ms (cache hit)
114 http cache tinyspy@https://registry.npmjs.org/tinyspy/-/tinyspy-4.0.4.tgz 0ms (cache hit)
115 http cache tinyrainbow@https://registry.npmjs.org/tinyrainbow/-/tinyrainbow-3.1.1.tgz 0ms (cache hit)
116 http cache tinyglobby@https://registry.npmjs.org/tinyglobby/-/tinyglobby-0.2.17.tgz 1ms (cache hit)
117 http cache tinyexec@https://registry.npmjs.org/tinyexec/-/tinyexec-1.2.4.tgz 0ms (cache hit)
118 http cache tinybench@https://registry.npmjs.org/tinybench/-/tinybench-2.9.0.tgz 0ms (cache hit)
119 http cache tiny-invariant@https://registry.npmjs.org/tiny-invariant/-/tiny-invariant-1.3.3.tgz 1ms (cache hit)
120 http cache terser@https://registry.npmjs.org/terser/-/terser-5.48.0.tgz 0ms (cache hit)
121 http cache tempy@https://registry.npmjs.org/tempy/-/tempy-0.6.0.tgz 0ms (cache hit)
122 http cache temp-dir@https://registry.npmjs.org/temp-dir/-/temp-dir-2.0.0.tgz 0ms (cache hit)
123 http cache tar@https://registry.npmjs.org/tar/-/tar-7.5.22.tgz 0ms (cache hit)
124 http cache tapable@https://registry.npmjs.org/tapable/-/tapable-2.3.3.tgz 0ms (cache hit)
125 http cache tailwindcss@https://registry.npmjs.org/tailwindcss/-/tailwindcss-4.3.0.tgz 0ms (cache hit)
126 http cache tailwind-variants@https://registry.npmjs.org/tailwind-variants/-/tailwind-variants-3.2.2.tgz 0ms (cache hit)
127 http cache tailwind-merge@https://registry.npmjs.org/tailwind-merge/-/tailwind-merge-3.6.0.tgz 0ms (cache hit)
128 http cache tagged-tag@https://registry.npmjs.org/tagged-tag/-/tagged-tag-1.0.0.tgz 0ms (cache hit)
129 http cache tabbable@https://registry.npmjs.org/tabbable/-/tabbable-6.4.0.tgz 0ms (cache hit)
130 http cache svelte2tsx@https://registry.npmjs.org/svelte2tsx/-/svelte2tsx-0.7.59.tgz 1ms (cache hit)
131 http cache svelte-toolbelt@https://registry.npmjs.org/svelte-toolbelt/-/svelte-toolbelt-0.10.6.tgz 0ms (cache hit)
132 http cache svelte-sonner@https://registry.npmjs.org/svelte-sonner/-/svelte-sonner-1.1.1.tgz 0ms (cache hit)
133 http cache svelte-eslint-parser@https://registry.npmjs.org/svelte-eslint-parser/-/svelte-eslint-parser-1.8.0.tgz 1ms (cache hit)
134 http cache svelte-check@https://registry.npmjs.org/svelte-check/-/svelte-check-4.6.0.tgz 0ms (cache hit)
135 http cache svelte-ast-print@https://registry.npmjs.org/svelte-ast-print/-/svelte-ast-print-0.4.2.tgz 0ms (cache hit)
136 http cache svelte@https://registry.npmjs.org/svelte/-/svelte-5.56.1.tgz 0ms (cache hit)
137 http cache supports-preserve-symlinks-flag@https://registry.npmjs.org/supports-preserve-symlinks-flag/-/supports-preserve-symlinks-flag-1.0.0.tgz 0ms (cache hit)
138 http cache supports-color@https://registry.npmjs.org/supports-color/-/supports-color-7.2.0.tgz 0ms (cache hit)
139 http cache stylis@https://registry.npmjs.org/stylis/-/stylis-4.4.0.tgz 0ms (cache hit)
140 http cache style-to-object@https://registry.npmjs.org/style-to-object/-/style-to-object-1.0.14.tgz 0ms (cache hit)
141 http cache strip-json-comments@https://registry.npmjs.org/strip-json-comments/-/strip-json-comments-3.1.1.tgz 0ms (cache hit)
142 http cache strip-indent@https://registry.npmjs.org/strip-indent/-/strip-indent-3.0.0.tgz 0ms (cache hit)
143 http cache strip-comments@https://registry.npmjs.org/strip-comments/-/strip-comments-2.0.1.tgz 0ms (cache hit)
144 http cache strip-ansi@https://registry.npmjs.org/strip-ansi/-/strip-ansi-7.2.0.tgz 0ms (cache hit)
145 http cache stringify-object@https://registry.npmjs.org/stringify-object/-/stringify-object-3.3.0.tgz 0ms (cache hit)
146 http cache stringify-entities@https://registry.npmjs.org/stringify-entities/-/stringify-entities-4.0.4.tgz 0ms (cache hit)
147 http cache string.prototype.trimstart@https://registry.npmjs.org/string.prototype.trimstart/-/string.prototype.trimstart-1.0.8.tgz 0ms (cache hit)
148 http cache string.prototype.trimend@https://registry.npmjs.org/string.prototype.trimend/-/string.prototype.trimend-1.0.9.tgz 0ms (cache hit)
149 http cache string.prototype.trim@https://registry.npmjs.org/string.prototype.trim/-/string.prototype.trim-1.2.10.tgz 0ms (cache hit)
150 http cache string.prototype.matchall@https://registry.npmjs.org/string.prototype.matchall/-/string.prototype.matchall-4.0.12.tgz 0ms (cache hit)
151 http cache storybook@https://registry.npmjs.org/storybook/-/storybook-10.5.6.tgz 0ms (cache hit)
152 http cache stop-iteration-iterator@https://registry.npmjs.org/stop-iteration-iterator/-/stop-iteration-iterator-1.1.0.tgz 0ms (cache hit)
153 http cache std-env@https://registry.npmjs.org/std-env/-/std-env-4.1.0.tgz 0ms (cache hit)
154 http cache statuses@https://registry.npmjs.org/statuses/-/statuses-2.0.2.tgz 0ms (cache hit)
155 http cache stackback@https://registry.npmjs.org/stackback/-/stackback-0.0.2.tgz 1ms (cache hit)
156 http cache sqids@https://registry.npmjs.org/sqids/-/sqids-0.3.0.tgz 0ms (cache hit)
157 http cache space-separated-tokens@https://registry.npmjs.org/space-separated-tokens/-/space-separated-tokens-2.0.2.tgz 0ms (cache hit)
158 http cache source-map-support@https://registry.npmjs.org/source-map-support/-/source-map-support-0.5.21.tgz 0ms (cache hit)
159 http cache source-map-js@https://registry.npmjs.org/source-map-js/-/source-map-js-1.2.1.tgz 0ms (cache hit)
160 http cache source-map@https://registry.npmjs.org/source-map/-/source-map-0.6.1.tgz 0ms (cache hit)
161 http cache smob@https://registry.npmjs.org/smob/-/smob-1.6.2.tgz 0ms (cache hit)
162 http cache sirv@https://registry.npmjs.org/sirv/-/sirv-3.0.2.tgz 0ms (cache hit)
163 http cache signal-exit@https://registry.npmjs.org/signal-exit/-/signal-exit-4.1.0.tgz 0ms (cache hit)
164 http cache siginfo@https://registry.npmjs.org/siginfo/-/siginfo-2.0.0.tgz 0ms (cache hit)
165 http cache side-channel-weakmap@https://registry.npmjs.org/side-channel-weakmap/-/side-channel-weakmap-1.0.2.tgz 0ms (cache hit)
166 http cache side-channel-map@https://registry.npmjs.org/side-channel-map/-/side-channel-map-1.0.1.tgz 0ms (cache hit)
167 http cache side-channel-list@https://registry.npmjs.org/side-channel-list/-/side-channel-list-1.0.1.tgz 0ms (cache hit)
168 http cache side-channel@https://registry.npmjs.org/side-channel/-/side-channel-1.1.0.tgz 0ms (cache hit)
169 http cache shebang-regex@https://registry.npmjs.org/shebang-regex/-/shebang-regex-3.0.0.tgz 0ms (cache hit)
170 http cache shebang-command@https://registry.npmjs.org/shebang-command/-/shebang-command-2.0.0.tgz 0ms (cache hit)
171 http cache sharp-ico@https://registry.npmjs.org/sharp-ico/-/sharp-ico-0.1.5.tgz 0ms (cache hit)
172 http cache sharp@https://registry.npmjs.org/sharp/-/sharp-0.35.3.tgz 0ms (cache hit)
173 http cache setprototypeof@https://registry.npmjs.org/setprototypeof/-/setprototypeof-1.2.0.tgz 1ms (cache hit)
174 http cache set-proto@https://registry.npmjs.org/set-proto/-/set-proto-1.0.0.tgz 1ms (cache hit)
175 http cache set-function-name@https://registry.npmjs.org/set-function-name/-/set-function-name-2.0.2.tgz 0ms (cache hit)
176 http cache set-function-length@https://registry.npmjs.org/set-function-length/-/set-function-length-1.2.2.tgz 0ms (cache hit)
177 http cache set-cookie-parser@https://registry.npmjs.org/set-cookie-parser/-/set-cookie-parser-3.1.0.tgz 0ms (cache hit)
178 http cache serve-static@https://registry.npmjs.org/serve-static/-/serve-static-2.2.1.tgz 0ms (cache hit)
179 http cache serialize-javascript@https://registry.npmjs.org/serialize-javascript/-/serialize-javascript-7.0.5.tgz 0ms (cache hit)
180 http cache send@https://registry.npmjs.org/send/-/send-1.2.1.tgz 0ms (cache hit)
181 http cache semver@https://registry.npmjs.org/semver/-/semver-7.8.5.tgz 1ms (cache hit)
182 http cache secure-compare@https://registry.npmjs.org/secure-compare/-/secure-compare-3.0.1.tgz 0ms (cache hit)
183 http cache scule@https://registry.npmjs.org/scule/-/scule-1.3.0.tgz 0ms (cache hit)
184 http cache scheduler@https://registry.npmjs.org/scheduler/-/scheduler-0.27.0.tgz 0ms (cache hit)
185 http cache sass@https://registry.npmjs.org/sass/-/sass-1.100.0.tgz 0ms (cache hit)
186 http cache safer-buffer@https://registry.npmjs.org/safer-buffer/-/safer-buffer-2.1.2.tgz 0ms (cache hit)
187 http cache safe-regex-test@https://registry.npmjs.org/safe-regex-test/-/safe-regex-test-1.1.0.tgz 1ms (cache hit)
188 http cache safe-push-apply@https://registry.npmjs.org/safe-push-apply/-/safe-push-apply-1.0.0.tgz 0ms (cache hit)
189 http cache safe-array-concat@https://registry.npmjs.org/safe-array-concat/-/safe-array-concat-1.1.4.tgz 0ms (cache hit)
190 http cache sade@https://registry.npmjs.org/sade/-/sade-1.8.1.tgz 0ms (cache hit)
191 http cache safe-buffer@https://registry.npmjs.org/safe-buffer/-/safe-buffer-5.1.2.tgz 0ms (cache hit)
192 http cache rw@https://registry.npmjs.org/rw/-/rw-1.3.3.tgz 0ms (cache hit)
193 http cache runed@https://registry.npmjs.org/runed/-/runed-0.35.1.tgz 0ms (cache hit)
194 http cache router@https://registry.npmjs.org/router/-/router-2.2.0.tgz 0ms (cache hit)
195 http cache run-applescript@https://registry.npmjs.org/run-applescript/-/run-applescript-7.1.0.tgz 0ms (cache hit)
196 http cache roughjs@https://registry.npmjs.org/roughjs/-/roughjs-4.6.6.tgz 0ms (cache hit)
197 http cache rollup@https://registry.npmjs.org/rollup/-/rollup-4.61.1.tgz 0ms (cache hit)
198 http cache robust-predicates@https://registry.npmjs.org/robust-predicates/-/robust-predicates-3.0.3.tgz 0ms (cache hit)
199 http cache resolve-from@https://registry.npmjs.org/resolve-from/-/resolve-from-4.0.0.tgz 0ms (cache hit)
200 http cache resolve@https://registry.npmjs.org/resolve/-/resolve-1.22.12.tgz 0ms (cache hit)
201 http cache requires-port@https://registry.npmjs.org/requires-port/-/requires-port-1.0.0.tgz 1ms (cache hit)
202 http cache require-from-string@https://registry.npmjs.org/require-from-string/-/require-from-string-2.0.2.tgz 0ms (cache hit)
203 http cache remark-stringify@https://registry.npmjs.org/remark-stringify/-/remark-stringify-11.0.0.tgz 0ms (cache hit)
204 http cache remark-rehype@https://registry.npmjs.org/remark-rehype/-/remark-rehype-11.1.2.tgz 0ms (cache hit)
205 http cache remark-parse@https://registry.npmjs.org/remark-parse/-/remark-parse-11.0.0.tgz 0ms (cache hit)
206 http cache remark-math@https://registry.npmjs.org/remark-math/-/remark-math-6.0.0.tgz 1ms (cache hit)
207 http cache remark-html@https://registry.npmjs.org/remark-html/-/remark-html-16.0.1.tgz 0ms (cache hit)
208 http cache remark-gfm@https://registry.npmjs.org/remark-gfm/-/remark-gfm-4.0.1.tgz 0ms (cache hit)
209 http cache remark-breaks@https://registry.npmjs.org/remark-breaks/-/remark-breaks-4.0.0.tgz 0ms (cache hit)
210 http cache remark@https://registry.npmjs.org/remark/-/remark-15.0.1.tgz 0ms (cache hit)
211 http cache rehype-stringify@https://registry.npmjs.org/rehype-stringify/-/rehype-stringify-10.0.1.tgz 0ms (cache hit)
212 http cache rehype-katex@https://registry.npmjs.org/rehype-katex/-/rehype-katex-7.0.1.tgz 0ms (cache hit)
213 http cache rehype-highlight@https://registry.npmjs.org/rehype-highlight/-/rehype-highlight-7.0.2.tgz 0ms (cache hit)
214 http cache regjsparser@https://registry.npmjs.org/regjsparser/-/regjsparser-0.13.1.tgz 1ms (cache hit)
215 http cache regjsgen@https://registry.npmjs.org/regjsgen/-/regjsgen-0.8.0.tgz 0ms (cache hit)
216 http cache regexpu-core@https://registry.npmjs.org/regexpu-core/-/regexpu-core-6.4.0.tgz 0ms (cache hit)
217 http cache regexp.prototype.flags@https://registry.npmjs.org/regexp.prototype.flags/-/regexp.prototype.flags-1.5.4.tgz 0ms (cache hit)
218 http cache regenerate-unicode-properties@https://registry.npmjs.org/regenerate-unicode-properties/-/regenerate-unicode-properties-10.2.2.tgz 0ms (cache hit)
219 http cache regenerate@https://registry.npmjs.org/regenerate/-/regenerate-1.4.2.tgz 0ms (cache hit)
220 http cache reflect.getprototypeof@https://registry.npmjs.org/reflect.getprototypeof/-/reflect.getprototypeof-1.0.10.tgz 0ms (cache hit)
221 http cache redent@https://registry.npmjs.org/redent/-/redent-3.0.0.tgz 0ms (cache hit)
222 http cache recast@https://registry.npmjs.org/recast/-/recast-0.23.11.tgz 1ms (cache hit)
223 http cache readdirp@https://registry.npmjs.org/readdirp/-/readdirp-5.0.0.tgz 0ms (cache hit)
224 http cache react-is@https://registry.npmjs.org/react-is/-/react-is-17.0.2.tgz 0ms (cache hit)
225 http cache react-dom@https://registry.npmjs.org/react-dom/-/react-dom-19.2.7.tgz 1ms (cache hit)
226 http cache react@https://registry.npmjs.org/react/-/react-19.2.7.tgz 0ms (cache hit)
227 http cache raw-body@https://registry.npmjs.org/raw-body/-/raw-body-3.0.2.tgz 0ms (cache hit)
228 http cache range-parser@https://registry.npmjs.org/range-parser/-/range-parser-1.2.1.tgz 0ms (cache hit)
229 http cache quansync@https://registry.npmjs.org/quansync/-/quansync-1.0.0.tgz 0ms (cache hit)
230 http cache qs@https://registry.npmjs.org/qs/-/qs-6.15.2.tgz 0ms (cache hit)
231 http cache punycode@https://registry.npmjs.org/punycode/-/punycode-2.3.1.tgz 0ms (cache hit)
232 http cache proxy-addr@https://registry.npmjs.org/proxy-addr/-/proxy-addr-2.0.7.tgz 1ms (cache hit)
233 http cache property-information@https://registry.npmjs.org/property-information/-/property-information-7.2.0.tgz 0ms (cache hit)
234 http cache prismjs@https://registry.npmjs.org/prismjs/-/prismjs-1.30.0.tgz 0ms (cache hit)
235 http cache prism-svelte@https://registry.npmjs.org/prism-svelte/-/prism-svelte-0.4.7.tgz 0ms (cache hit)
236 http cache pretty-format@https://registry.npmjs.org/pretty-format/-/pretty-format-27.5.1.tgz 0ms (cache hit)
237 http cache pretty-bytes@https://registry.npmjs.org/pretty-bytes/-/pretty-bytes-6.1.1.tgz 0ms (cache hit)
238 http cache prettier-plugin-tailwindcss@https://registry.npmjs.org/prettier-plugin-tailwindcss/-/prettier-plugin-tailwindcss-0.8.0.tgz 1ms (cache hit)
239 http cache prettier-plugin-svelte@https://registry.npmjs.org/prettier-plugin-svelte/-/prettier-plugin-svelte-4.1.0.tgz 0ms (cache hit)
240 http cache prettier@https://registry.npmjs.org/prettier/-/prettier-3.8.3.tgz 1ms (cache hit)
241 http cache prelude-ls@https://registry.npmjs.org/prelude-ls/-/prelude-ls-1.2.1.tgz 0ms (cache hit)
242 http cache postcss-selector-parser@https://registry.npmjs.org/postcss-selector-parser/-/postcss-selector-parser-6.0.10.tgz 0ms (cache hit)
243 http cache postcss-scss@https://registry.npmjs.org/postcss-scss/-/postcss-scss-4.0.9.tgz 0ms (cache hit)
244 http cache postcss-safe-parser@https://registry.npmjs.org/postcss-safe-parser/-/postcss-safe-parser-7.0.1.tgz 0ms (cache hit)
245 http cache postcss-load-config@https://registry.npmjs.org/postcss-load-config/-/postcss-load-config-3.1.4.tgz 0ms (cache hit)
246 http cache postcss@https://registry.npmjs.org/postcss/-/postcss-8.5.25.tgz 0ms (cache hit)
247 http cache possible-typed-array-names@https://registry.npmjs.org/possible-typed-array-names/-/possible-typed-array-names-1.1.0.tgz 0ms (cache hit)
248 http cache portfinder@https://registry.npmjs.org/portfinder/-/portfinder-1.0.38.tgz 0ms (cache hit)
249 http cache points-on-path@https://registry.npmjs.org/points-on-path/-/points-on-path-0.2.1.tgz 1ms (cache hit)
250 http cache points-on-curve@https://registry.npmjs.org/points-on-curve/-/points-on-curve-0.2.0.tgz 0ms (cache hit)
251 http cache pngjs@https://registry.npmjs.org/pngjs/-/pngjs-7.0.0.tgz 0ms (cache hit)
252 http cache playwright-core@https://registry.npmjs.org/playwright-core/-/playwright-core-1.56.1.tgz 1ms (cache hit)
253 http cache playwright@https://registry.npmjs.org/playwright/-/playwright-1.56.1.tgz 0ms (cache hit)
254 http cache pkce-challenge@https://registry.npmjs.org/pkce-challenge/-/pkce-challenge-5.0.1.tgz 0ms (cache hit)
255 http cache picoquery@https://registry.npmjs.org/picoquery/-/picoquery-2.5.0.tgz 0ms (cache hit)
256 http cache picomatch@https://registry.npmjs.org/picomatch/-/picomatch-4.0.4.tgz 0ms (cache hit)
257 http cache picocolors@https://registry.npmjs.org/picocolors/-/picocolors-1.1.1.tgz 0ms (cache hit)
258 http cache pdfjs-dist@https://registry.npmjs.org/pdfjs-dist/-/pdfjs-dist-5.4.54.tgz 0ms (cache hit)
259 http cache pathval@https://registry.npmjs.org/pathval/-/pathval-2.0.1.tgz 0ms (cache hit)
260 http cache pathe@https://registry.npmjs.org/pathe/-/pathe-2.0.3.tgz 0ms (cache hit)
261 http cache path-to-regexp@https://registry.npmjs.org/path-to-regexp/-/path-to-regexp-8.4.2.tgz 0ms (cache hit)
262 http cache path-parse@https://registry.npmjs.org/path-parse/-/path-parse-1.0.7.tgz 0ms (cache hit)
263 http cache path-key@https://registry.npmjs.org/path-key/-/path-key-3.1.1.tgz 0ms (cache hit)
264 http cache path-exists@https://registry.npmjs.org/path-exists/-/path-exists-4.0.0.tgz 0ms (cache hit)
265 http cache path-data-parser@https://registry.npmjs.org/path-data-parser/-/path-data-parser-0.1.0.tgz 0ms (cache hit)
266 http cache parseurl@https://registry.npmjs.org/parseurl/-/parseurl-1.3.3.tgz 0ms (cache hit)
267 http cache parse5@https://registry.npmjs.org/parse5/-/parse5-7.3.0.tgz 0ms (cache hit)
268 http cache parent-module@https://registry.npmjs.org/parent-module/-/parent-module-1.0.1.tgz 0ms (cache hit)
269 http cache package-manager-detector@https://registry.npmjs.org/package-manager-detector/-/package-manager-detector-1.6.0.tgz 1ms (cache hit)
270 http cache package-json-from-dist@https://registry.npmjs.org/package-json-from-dist/-/package-json-from-dist-1.0.1.tgz 0ms (cache hit)
271 http cache p-locate@https://registry.npmjs.org/p-locate/-/p-locate-5.0.0.tgz 0ms (cache hit)
272 http cache p-limit@https://registry.npmjs.org/p-limit/-/p-limit-3.1.0.tgz 0ms (cache hit)
273 http cache oxc-resolver@https://registry.npmjs.org/oxc-resolver/-/oxc-resolver-11.20.0.tgz 0ms (cache hit)
274 http cache oxc-parser@https://registry.npmjs.org/oxc-parser/-/oxc-parser-0.127.0.tgz 0ms (cache hit)
275 http cache own-keys@https://registry.npmjs.org/own-keys/-/own-keys-1.0.1.tgz 0ms (cache hit)
276 http cache optionator@https://registry.npmjs.org/optionator/-/optionator-0.9.4.tgz 0ms (cache hit)
277 http cache opener@https://registry.npmjs.org/opener/-/opener-1.5.2.tgz 0ms (cache hit)
278 http cache open@https://registry.npmjs.org/open/-/open-10.2.0.tgz 0ms (cache hit)
279 http cache once@https://registry.npmjs.org/once/-/once-1.4.0.tgz 1ms (cache hit)
280 http cache on-finished@https://registry.npmjs.org/on-finished/-/on-finished-2.4.1.tgz 0ms (cache hit)
281 http cache obug@https://registry.npmjs.org/obug/-/obug-2.1.2.tgz 1ms (cache hit)
282 http cache object.assign@https://registry.npmjs.org/object.assign/-/object.assign-4.1.7.tgz 0ms (cache hit)
283 http cache object-keys@https://registry.npmjs.org/object-keys/-/object-keys-1.1.1.tgz 0ms (cache hit)
284 http cache object-inspect@https://registry.npmjs.org/object-inspect/-/object-inspect-1.13.4.tgz 0ms (cache hit)
285 http cache object-assign@https://registry.npmjs.org/object-assign/-/object-assign-4.1.1.tgz 0ms (cache hit)
286 http cache node-releases@https://registry.npmjs.org/node-releases/-/node-releases-2.0.47.tgz 0ms (cache hit)
287 http cache node-addon-api@https://registry.npmjs.org/node-addon-api/-/node-addon-api-7.1.1.tgz 0ms (cache hit)
288 http cache natural-orderby@https://registry.npmjs.org/natural-orderby/-/natural-orderby-5.0.0.tgz 0ms (cache hit)
289 http cache negotiator@https://registry.npmjs.org/negotiator/-/negotiator-1.0.0.tgz 0ms (cache hit)
290 http cache natural-compare@https://registry.npmjs.org/natural-compare/-/natural-compare-1.4.0.tgz 0ms (cache hit)
291 http cache nanoid@https://registry.npmjs.org/nanoid/-/nanoid-3.3.17.tgz 0ms (cache hit)
292 http cache ms@https://registry.npmjs.org/ms/-/ms-2.1.3.tgz 0ms (cache hit)
293 http cache mrmime@https://registry.npmjs.org/mrmime/-/mrmime-2.0.1.tgz 1ms (cache hit)
294 http cache mri@https://registry.npmjs.org/mri/-/mri-1.2.0.tgz 0ms (cache hit)
295 http cache mode-watcher@https://registry.npmjs.org/mode-watcher/-/mode-watcher-1.1.0.tgz 0ms (cache hit)
296 http cache minizlib@https://registry.npmjs.org/minizlib/-/minizlib-3.1.0.tgz 0ms (cache hit)
297 http cache minipass@https://registry.npmjs.org/minipass/-/minipass-7.1.3.tgz 0ms (cache hit)
298 http cache minimist@https://registry.npmjs.org/minimist/-/minimist-1.2.8.tgz 0ms (cache hit)
299 http cache minimatch@https://registry.npmjs.org/minimatch/-/minimatch-3.1.5.tgz 0ms (cache hit)
300 http cache mini-svg-data-uri@https://registry.npmjs.org/mini-svg-data-uri/-/mini-svg-data-uri-1.4.4.tgz 0ms (cache hit)
301 http cache min-indent@https://registry.npmjs.org/min-indent/-/min-indent-1.0.1.tgz 0ms (cache hit)
302 http cache mime-types@https://registry.npmjs.org/mime-types/-/mime-types-3.0.2.tgz 0ms (cache hit)
303 http cache mime-db@https://registry.npmjs.org/mime-db/-/mime-db-1.54.0.tgz 0ms (cache hit)
304 http cache mime@https://registry.npmjs.org/mime/-/mime-1.6.0.tgz 0ms (cache hit)
305 http cache micromark-util-types@https://registry.npmjs.org/micromark-util-types/-/micromark-util-types-2.0.2.tgz 0ms (cache hit)
306 http cache micromark-util-symbol@https://registry.npmjs.org/micromark-util-symbol/-/micromark-util-symbol-2.0.1.tgz 1ms (cache hit)
307 http cache micromark-util-subtokenize@https://registry.npmjs.org/micromark-util-subtokenize/-/micromark-util-subtokenize-2.1.0.tgz 0ms (cache hit)
308 http cache micromark-util-sanitize-uri@https://registry.npmjs.org/micromark-util-sanitize-uri/-/micromark-util-sanitize-uri-2.0.1.tgz 0ms (cache hit)
309 http cache micromark-util-resolve-all@https://registry.npmjs.org/micromark-util-resolve-all/-/micromark-util-resolve-all-2.0.1.tgz 0ms (cache hit)
310 http cache micromark-util-normalize-identifier@https://registry.npmjs.org/micromark-util-normalize-identifier/-/micromark-util-normalize-identifier-2.0.1.tgz 0ms (cache hit)
311 http cache micromark-util-html-tag-name@https://registry.npmjs.org/micromark-util-html-tag-name/-/micromark-util-html-tag-name-2.0.1.tgz 0ms (cache hit)
312 http cache micromark-util-encode@https://registry.npmjs.org/micromark-util-encode/-/micromark-util-encode-2.0.1.tgz 0ms (cache hit)
313 http cache micromark-util-decode-string@https://registry.npmjs.org/micromark-util-decode-string/-/micromark-util-decode-string-2.0.1.tgz 0ms (cache hit)
314 http cache micromark-util-decode-numeric-character-reference@https://registry.npmjs.org/micromark-util-decode-numeric-character-reference/-/micromark-util-decode-numeric-character-reference-2.0.2.tgz 1ms (cache hit)
315 http cache micromark-util-combine-extensions@https://registry.npmjs.org/micromark-util-combine-extensions/-/micromark-util-combine-extensions-2.0.1.tgz 0ms (cache hit)
316 http cache micromark-util-classify-character@https://registry.npmjs.org/micromark-util-classify-character/-/micromark-util-classify-character-2.0.1.tgz 0ms (cache hit)
317 http cache micromark-util-chunked@https://registry.npmjs.org/micromark-util-chunked/-/micromark-util-chunked-2.0.1.tgz 0ms (cache hit)
318 http cache micromark-util-character@https://registry.npmjs.org/micromark-util-character/-/micromark-util-character-2.1.1.tgz 0ms (cache hit)
319 http cache micromark-factory-whitespace@https://registry.npmjs.org/micromark-factory-whitespace/-/micromark-factory-whitespace-2.0.1.tgz 0ms (cache hit)
320 http cache micromark-factory-title@https://registry.npmjs.org/micromark-factory-title/-/micromark-factory-title-2.0.1.tgz 1ms (cache hit)
321 http cache micromark-factory-space@https://registry.npmjs.org/micromark-factory-space/-/micromark-factory-space-2.0.1.tgz 0ms (cache hit)
322 http cache micromark-factory-label@https://registry.npmjs.org/micromark-factory-label/-/micromark-factory-label-2.0.1.tgz 0ms (cache hit)
323 http cache micromark-factory-destination@https://registry.npmjs.org/micromark-factory-destination/-/micromark-factory-destination-2.0.1.tgz 1ms (cache hit)
324 http cache micromark-extension-math@https://registry.npmjs.org/micromark-extension-math/-/micromark-extension-math-3.1.0.tgz 0ms (cache hit)
325 http cache micromark-extension-gfm-task-list-item@https://registry.npmjs.org/micromark-extension-gfm-task-list-item/-/micromark-extension-gfm-task-list-item-2.1.0.tgz 0ms (cache hit)
326 http cache micromark-extension-gfm-tagfilter@https://registry.npmjs.org/micromark-extension-gfm-tagfilter/-/micromark-extension-gfm-tagfilter-2.0.0.tgz 0ms (cache hit)
327 http cache micromark-extension-gfm-table@https://registry.npmjs.org/micromark-extension-gfm-table/-/micromark-extension-gfm-table-2.1.1.tgz 1ms (cache hit)
328 http cache micromark-extension-gfm-strikethrough@https://registry.npmjs.org/micromark-extension-gfm-strikethrough/-/micromark-extension-gfm-strikethrough-2.1.0.tgz 0ms (cache hit)
329 http cache micromark-extension-gfm-footnote@https://registry.npmjs.org/micromark-extension-gfm-footnote/-/micromark-extension-gfm-footnote-2.1.0.tgz 0ms (cache hit)
330 http cache micromark-extension-gfm-autolink-literal@https://registry.npmjs.org/micromark-extension-gfm-autolink-literal/-/micromark-extension-gfm-autolink-literal-2.1.0.tgz 0ms (cache hit)
331 http cache micromark-extension-gfm@https://registry.npmjs.org/micromark-extension-gfm/-/micromark-extension-gfm-3.0.0.tgz 0ms (cache hit)
332 http cache micromark-core-commonmark@https://registry.npmjs.org/micromark-core-commonmark/-/micromark-core-commonmark-2.0.3.tgz 0ms (cache hit)
333 http cache micromark@https://registry.npmjs.org/micromark/-/micromark-4.0.2.tgz 0ms (cache hit)
334 http cache mermaid@https://registry.npmjs.org/mermaid/-/mermaid-11.15.0.tgz 0ms (cache hit)
335 http cache merge-descriptors@https://registry.npmjs.org/merge-descriptors/-/merge-descriptors-2.0.0.tgz 0ms (cache hit)
336 http cache media-typer@https://registry.npmjs.org/media-typer/-/media-typer-1.1.0.tgz 0ms (cache hit)
337 http cache mdsvex@https://registry.npmjs.org/mdsvex/-/mdsvex-0.12.7.tgz 0ms (cache hit)
338 http cache mdast-util-to-string@https://registry.npmjs.org/mdast-util-to-string/-/mdast-util-to-string-4.0.0.tgz 0ms (cache hit)
339 http cache mdast-util-to-markdown@https://registry.npmjs.org/mdast-util-to-markdown/-/mdast-util-to-markdown-2.1.2.tgz 1ms (cache hit)
340 http cache mdast-util-to-hast@https://registry.npmjs.org/mdast-util-to-hast/-/mdast-util-to-hast-13.2.1.tgz 0ms (cache hit)
341 http cache mdast-util-phrasing@https://registry.npmjs.org/mdast-util-phrasing/-/mdast-util-phrasing-4.1.0.tgz 0ms (cache hit)
342 http cache mdast-util-newline-to-break@https://registry.npmjs.org/mdast-util-newline-to-break/-/mdast-util-newline-to-break-2.0.0.tgz 0ms (cache hit)
343 http cache mdast-util-math@https://registry.npmjs.org/mdast-util-math/-/mdast-util-math-3.0.0.tgz 0ms (cache hit)
344 http cache mdast-util-gfm-task-list-item@https://registry.npmjs.org/mdast-util-gfm-task-list-item/-/mdast-util-gfm-task-list-item-2.0.0.tgz 1ms (cache hit)
345 http cache mdast-util-gfm-table@https://registry.npmjs.org/mdast-util-gfm-table/-/mdast-util-gfm-table-2.0.0.tgz 0ms (cache hit)
346 http cache mdast-util-gfm-strikethrough@https://registry.npmjs.org/mdast-util-gfm-strikethrough/-/mdast-util-gfm-strikethrough-2.0.0.tgz 0ms (cache hit)
347 http cache mdast-util-gfm-footnote@https://registry.npmjs.org/mdast-util-gfm-footnote/-/mdast-util-gfm-footnote-2.1.0.tgz 0ms (cache hit)
348 http cache mdast-util-gfm-autolink-literal@https://registry.npmjs.org/mdast-util-gfm-autolink-literal/-/mdast-util-gfm-autolink-literal-2.0.1.tgz 0ms (cache hit)
349 http cache mdast-util-gfm@https://registry.npmjs.org/mdast-util-gfm/-/mdast-util-gfm-3.1.0.tgz 0ms (cache hit)
350 http cache mdast-util-from-markdown@https://registry.npmjs.org/mdast-util-from-markdown/-/mdast-util-from-markdown-2.0.3.tgz 0ms (cache hit)
351 http cache mdast-util-find-and-replace@https://registry.npmjs.org/mdast-util-find-and-replace/-/mdast-util-find-and-replace-3.0.2.tgz 0ms (cache hit)
352 http cache mdast@https://registry.npmjs.org/mdast/-/mdast-3.0.0.tgz 0ms (cache hit)
353 http cache math-intrinsics@https://registry.npmjs.org/math-intrinsics/-/math-intrinsics-1.1.0.tgz 1ms (cache hit)
354 http cache marked@https://registry.npmjs.org/marked/-/marked-16.4.2.tgz 0ms (cache hit)
355 http cache markdown-table@https://registry.npmjs.org/markdown-table/-/markdown-table-3.0.4.tgz 1ms (cache hit)
356 http cache make-dir@https://registry.npmjs.org/make-dir/-/make-dir-4.0.0.tgz 1ms (cache hit)
357 http cache magicast@https://registry.npmjs.org/magicast/-/magicast-0.5.3.tgz 0ms (cache hit)
358 http cache magic-string@https://registry.npmjs.org/magic-string/-/magic-string-0.30.21.tgz 0ms (cache hit)
359 http cache lz-string@https://registry.npmjs.org/lz-string/-/lz-string-1.5.0.tgz 0ms (cache hit)
360 http cache lowlight@https://registry.npmjs.org/lowlight/-/lowlight-3.3.0.tgz 0ms (cache hit)
361 http cache loupe@https://registry.npmjs.org/loupe/-/loupe-3.2.1.tgz 1ms (cache hit)
362 http cache longest-streak@https://registry.npmjs.org/longest-streak/-/longest-streak-3.1.0.tgz 0ms (cache hit)
363 http cache lodash.sortby@https://registry.npmjs.org/lodash.sortby/-/lodash.sortby-4.7.0.tgz 0ms (cache hit)
364 http cache lodash.merge@https://registry.npmjs.org/lodash.merge/-/lodash.merge-4.6.2.tgz 0ms (cache hit)
365 http cache lodash.isplainobject@https://registry.npmjs.org/lodash.isplainobject/-/lodash.isplainobject-4.0.6.tgz 0ms (cache hit)
366 http cache lodash.debounce@https://registry.npmjs.org/lodash.debounce/-/lodash.debounce-4.0.8.tgz 0ms (cache hit)
367 http cache lodash.castarray@https://registry.npmjs.org/lodash.castarray/-/lodash.castarray-4.4.0.tgz 0ms (cache hit)
368 http cache lodash-es@https://registry.npmjs.org/lodash-es/-/lodash-es-4.18.1.tgz 0ms (cache hit)
369 http cache locate-path@https://registry.npmjs.org/locate-path/-/locate-path-6.0.0.tgz 0ms (cache hit)
370 http cache locate-character@https://registry.npmjs.org/locate-character/-/locate-character-3.0.0.tgz 1ms (cache hit)
371 http cache lightningcss@https://registry.npmjs.org/lightningcss/-/lightningcss-1.30.1.tgz 0ms (cache hit)
372 http cache lilconfig@https://registry.npmjs.org/lilconfig/-/lilconfig-2.1.0.tgz 0ms (cache hit)
373 http cache levn@https://registry.npmjs.org/levn/-/levn-0.4.1.tgz 0ms (cache hit)
374 http cache leven@https://registry.npmjs.org/leven/-/leven-3.1.0.tgz 0ms (cache hit)
375 http cache layout-base@https://registry.npmjs.org/layout-base/-/layout-base-1.0.2.tgz 1ms (cache hit)
376 http cache kolorist@https://registry.npmjs.org/kolorist/-/kolorist-1.8.0.tgz 0ms (cache hit)
377 http cache known-css-properties@https://registry.npmjs.org/known-css-properties/-/known-css-properties-0.37.0.tgz 0ms (cache hit)
378 http cache kleur@https://registry.npmjs.org/kleur/-/kleur-4.1.5.tgz 0ms (cache hit)
379 http cache khroma@https://registry.npmjs.org/khroma/-/khroma-2.1.0.tgz 0ms (cache hit)
380 http cache keyv@https://registry.npmjs.org/keyv/-/keyv-4.5.4.tgz 0ms (cache hit)
381 http cache katex@https://registry.npmjs.org/katex/-/katex-0.16.47.tgz 0ms (cache hit)
382 http cache jsonpointer@https://registry.npmjs.org/jsonpointer/-/jsonpointer-5.0.1.tgz 0ms (cache hit)
383 http cache jsonfile@https://registry.npmjs.org/jsonfile/-/jsonfile-6.2.1.tgz 0ms (cache hit)
384 http cache json5@https://registry.npmjs.org/json5/-/json5-2.2.3.tgz 0ms (cache hit)
385 http cache jsonc-parser@https://registry.npmjs.org/jsonc-parser/-/jsonc-parser-3.3.1.tgz 1ms (cache hit)
386 http cache json-stable-stringify-without-jsonify@https://registry.npmjs.org/json-stable-stringify-without-jsonify/-/json-stable-stringify-without-jsonify-1.0.1.tgz 0ms (cache hit)
387 http cache json-schema-typed@https://registry.npmjs.org/json-schema-typed/-/json-schema-typed-8.0.2.tgz 0ms (cache hit)
388 http cache json-rpc-2.0@https://registry.npmjs.org/json-rpc-2.0/-/json-rpc-2.0-1.7.1.tgz 0ms (cache hit)
389 http cache json-schema-traverse@https://registry.npmjs.org/json-schema-traverse/-/json-schema-traverse-1.0.0.tgz 0ms (cache hit)
390 http cache json-buffer@https://registry.npmjs.org/json-buffer/-/json-buffer-3.0.1.tgz 1ms (cache hit)
391 http cache jsesc@https://registry.npmjs.org/jsesc/-/jsesc-3.1.0.tgz 0ms (cache hit)
392 http cache js-yaml@https://registry.npmjs.org/js-yaml/-/js-yaml-4.3.1.tgz 0ms (cache hit)
393 http cache js-tokens@https://registry.npmjs.org/js-tokens/-/js-tokens-4.0.0.tgz 0ms (cache hit)
394 http cache jose@https://registry.npmjs.org/jose/-/jose-6.2.3.tgz 0ms (cache hit)
395 http cache jiti@https://registry.npmjs.org/jiti/-/jiti-2.7.0.tgz 1ms (cache hit)
396 http cache jake@https://registry.npmjs.org/jake/-/jake-10.9.4.tgz 0ms (cache hit)
397 http cache istanbul-reports@https://registry.npmjs.org/istanbul-reports/-/istanbul-reports-3.2.0.tgz 0ms (cache hit)
398 http cache istanbul-lib-report@https://registry.npmjs.org/istanbul-lib-report/-/istanbul-lib-report-3.0.1.tgz 0ms (cache hit)
399 http cache istanbul-lib-coverage@https://registry.npmjs.org/istanbul-lib-coverage/-/istanbul-lib-coverage-3.2.2.tgz 0ms (cache hit)
400 http cache isexe@https://registry.npmjs.org/isexe/-/isexe-2.0.0.tgz 1ms (cache hit)
401 http cache isarray@https://registry.npmjs.org/isarray/-/isarray-2.0.5.tgz 0ms (cache hit)
402 http cache is-wsl@https://registry.npmjs.org/is-wsl/-/is-wsl-3.1.1.tgz 1ms (cache hit)
403 http cache is-weakset@https://registry.npmjs.org/is-weakset/-/is-weakset-2.0.4.tgz 0ms (cache hit)
404 http cache is-weakref@https://registry.npmjs.org/is-weakref/-/is-weakref-1.1.1.tgz 0ms (cache hit)
405 http cache is-weakmap@https://registry.npmjs.org/is-weakmap/-/is-weakmap-2.0.2.tgz 0ms (cache hit)
406 http cache is-typed-array@https://registry.npmjs.org/is-typed-array/-/is-typed-array-1.1.15.tgz 0ms (cache hit)
407 http cache is-symbol@https://registry.npmjs.org/is-symbol/-/is-symbol-1.1.1.tgz 0ms (cache hit)
408 http cache is-string@https://registry.npmjs.org/is-string/-/is-string-1.1.1.tgz 0ms (cache hit)
409 http cache is-stream@https://registry.npmjs.org/is-stream/-/is-stream-2.0.1.tgz 0ms (cache hit)
410 http cache is-shared-array-buffer@https://registry.npmjs.org/is-shared-array-buffer/-/is-shared-array-buffer-1.0.4.tgz 0ms (cache hit)
411 http cache is-set@https://registry.npmjs.org/is-set/-/is-set-2.0.3.tgz 0ms (cache hit)
412 http cache is-regexp@https://registry.npmjs.org/is-regexp/-/is-regexp-1.0.0.tgz 0ms (cache hit)
413 http cache is-regex@https://registry.npmjs.org/is-regex/-/is-regex-1.2.1.tgz 1ms (cache hit)
414 http cache is-reference@https://registry.npmjs.org/is-reference/-/is-reference-3.0.3.tgz 1ms (cache hit)
415 http cache is-promise@https://registry.npmjs.org/is-promise/-/is-promise-4.0.0.tgz 0ms (cache hit)
416 http cache is-plain-obj@https://registry.npmjs.org/is-plain-obj/-/is-plain-obj-4.1.0.tgz 0ms (cache hit)
417 http cache is-obj@https://registry.npmjs.org/is-obj/-/is-obj-1.0.1.tgz 0ms (cache hit)
418 http cache is-number-object@https://registry.npmjs.org/is-number-object/-/is-number-object-1.1.1.tgz 0ms (cache hit)
419 http cache is-negative-zero@https://registry.npmjs.org/is-negative-zero/-/is-negative-zero-2.0.3.tgz 0ms (cache hit)
420 http cache is-module@https://registry.npmjs.org/is-module/-/is-module-1.0.0.tgz 0ms (cache hit)
421 http cache is-map@https://registry.npmjs.org/is-map/-/is-map-2.0.3.tgz 1ms (cache hit)
422 http cache is-inside-container@https://registry.npmjs.org/is-inside-container/-/is-inside-container-1.0.0.tgz 0ms (cache hit)
423 http cache is-glob@https://registry.npmjs.org/is-glob/-/is-glob-4.0.3.tgz 0ms (cache hit)
424 http cache is-generator-function@https://registry.npmjs.org/is-generator-function/-/is-generator-function-1.1.2.tgz 0ms (cache hit)
425 http cache is-finalizationregistry@https://registry.npmjs.org/is-finalizationregistry/-/is-finalizationregistry-1.1.1.tgz 0ms (cache hit)
426 http cache is-extglob@https://registry.npmjs.org/is-extglob/-/is-extglob-2.1.1.tgz 0ms (cache hit)
427 http cache is-docker@https://registry.npmjs.org/is-docker/-/is-docker-3.0.0.tgz 1ms (cache hit)
428 http cache is-date-object@https://registry.npmjs.org/is-date-object/-/is-date-object-1.1.0.tgz 1ms (cache hit)
429 http cache is-data-view@https://registry.npmjs.org/is-data-view/-/is-data-view-1.0.2.tgz 0ms (cache hit)
430 http cache is-core-module@https://registry.npmjs.org/is-core-module/-/is-core-module-2.16.2.tgz 0ms (cache hit)
431 http cache is-callable@https://registry.npmjs.org/is-callable/-/is-callable-1.2.7.tgz 1ms (cache hit)
432 http cache is-bigint@https://registry.npmjs.org/is-bigint/-/is-bigint-1.1.0.tgz 0ms (cache hit)
433 http cache is-async-function@https://registry.npmjs.org/is-async-function/-/is-async-function-2.1.1.tgz 0ms (cache hit)
434 http cache is-boolean-object@https://registry.npmjs.org/is-boolean-object/-/is-boolean-object-1.2.2.tgz 0ms (cache hit)
435 http cache is-array-buffer@https://registry.npmjs.org/is-array-buffer/-/is-array-buffer-3.0.5.tgz 0ms (cache hit)
436 http cache ipaddr.js@https://registry.npmjs.org/ipaddr.js/-/ipaddr.js-1.9.1.tgz 0ms (cache hit)
437 http cache ip-address@https://registry.npmjs.org/ip-address/-/ip-address-10.4.0.tgz 0ms (cache hit)
438 http cache internmap@https://registry.npmjs.org/internmap/-/internmap-2.0.3.tgz 0ms (cache hit)
439 http cache internal-slot@https://registry.npmjs.org/internal-slot/-/internal-slot-1.1.0.tgz 0ms (cache hit)
440 http cache inline-style-parser@https://registry.npmjs.org/inline-style-parser/-/inline-style-parser-0.2.7.tgz 0ms (cache hit)
441 http cache inherits@https://registry.npmjs.org/inherits/-/inherits-2.0.4.tgz 0ms (cache hit)
442 http cache indent-string@https://registry.npmjs.org/indent-string/-/indent-string-4.0.0.tgz 1ms (cache hit)
443 http cache imurmurhash@https://registry.npmjs.org/imurmurhash/-/imurmurhash-0.1.4.tgz 0ms (cache hit)
444 http cache import-meta-resolve@https://registry.npmjs.org/import-meta-resolve/-/import-meta-resolve-4.2.0.tgz 0ms (cache hit)
445 http cache import-fresh@https://registry.npmjs.org/import-fresh/-/import-fresh-3.3.1.tgz 0ms (cache hit)
446 http cache immutable@https://registry.npmjs.org/immutable/-/immutable-5.1.9.tgz 0ms (cache hit)
447 http cache ignore@https://registry.npmjs.org/ignore/-/ignore-5.3.2.tgz 0ms (cache hit)
448 http cache idb@https://registry.npmjs.org/idb/-/idb-7.1.1.tgz 0ms (cache hit)
449 http cache iconv-lite@https://registry.npmjs.org/iconv-lite/-/iconv-lite-0.7.2.tgz 0ms (cache hit)
450 http cache ico-endec@https://registry.npmjs.org/ico-endec/-/ico-endec-0.1.6.tgz 0ms (cache hit)
451 http cache http-server@https://registry.npmjs.org/http-server/-/http-server-14.1.1.tgz 0ms (cache hit)
452 http cache http-proxy@https://registry.npmjs.org/http-proxy/-/http-proxy-1.18.1.tgz 1ms (cache hit)
453 http cache http-errors@https://registry.npmjs.org/http-errors/-/http-errors-2.0.1.tgz 0ms (cache hit)
454 http cache html-void-elements@https://registry.npmjs.org/html-void-elements/-/html-void-elements-3.0.0.tgz 0ms (cache hit)
455 http cache html-escaper@https://registry.npmjs.org/html-escaper/-/html-escaper-2.0.2.tgz 0ms (cache hit)
456 http cache html-encoding-sniffer@https://registry.npmjs.org/html-encoding-sniffer/-/html-encoding-sniffer-3.0.0.tgz 0ms (cache hit)
457 http cache hono@https://registry.npmjs.org/hono/-/hono-4.13.0.tgz 0ms (cache hit)
458 http cache highlight.js@https://registry.npmjs.org/highlight.js/-/highlight.js-11.11.1.tgz 0ms (cache hit)
459 http cache he@https://registry.npmjs.org/he/-/he-1.2.0.tgz 1ms (cache hit)
460 http cache hastscript@https://registry.npmjs.org/hastscript/-/hastscript-9.0.1.tgz 0ms (cache hit)
461 http cache hast-util-whitespace@https://registry.npmjs.org/hast-util-whitespace/-/hast-util-whitespace-3.0.0.tgz 0ms (cache hit)
462 http cache hast-util-to-text@https://registry.npmjs.org/hast-util-to-text/-/hast-util-to-text-4.0.2.tgz 0ms (cache hit)
463 http cache hast-util-sanitize@https://registry.npmjs.org/hast-util-sanitize/-/hast-util-sanitize-5.0.2.tgz 0ms (cache hit)
464 http cache hast-util-to-html@https://registry.npmjs.org/hast-util-to-html/-/hast-util-to-html-9.0.5.tgz 0ms (cache hit)
465 http cache hast-util-parse-selector@https://registry.npmjs.org/hast-util-parse-selector/-/hast-util-parse-selector-4.0.0.tgz 0ms (cache hit)
466 http cache hast-util-from-parse5@https://registry.npmjs.org/hast-util-from-parse5/-/hast-util-from-parse5-8.0.3.tgz 0ms (cache hit)
467 http cache hast-util-is-element@https://registry.npmjs.org/hast-util-is-element/-/hast-util-is-element-3.0.0.tgz 0ms (cache hit)
468 http cache hast-util-from-html-isomorphic@https://registry.npmjs.org/hast-util-from-html-isomorphic/-/hast-util-from-html-isomorphic-2.0.0.tgz 1ms (cache hit)
469 http cache hast-util-from-html@https://registry.npmjs.org/hast-util-from-html/-/hast-util-from-html-2.0.3.tgz 0ms (cache hit)
470 http cache hasown@https://registry.npmjs.org/hasown/-/hasown-2.0.4.tgz 0ms (cache hit)
471 http cache has-tostringtag@https://registry.npmjs.org/has-tostringtag/-/has-tostringtag-1.0.2.tgz 1ms (cache hit)
472 http cache has-symbols@https://registry.npmjs.org/has-symbols/-/has-symbols-1.1.0.tgz 0ms (cache hit)
473 http cache has-proto@https://registry.npmjs.org/has-proto/-/has-proto-1.2.0.tgz 0ms (cache hit)
474 http cache hast-util-from-dom@https://registry.npmjs.org/hast-util-from-dom/-/hast-util-from-dom-5.0.1.tgz 0ms (cache hit)
475 http cache has-flag@https://registry.npmjs.org/has-flag/-/has-flag-4.0.0.tgz 0ms (cache hit)
476 http cache has-property-descriptors@https://registry.npmjs.org/has-property-descriptors/-/has-property-descriptors-1.0.2.tgz 0ms (cache hit)
477 http cache has-bigints@https://registry.npmjs.org/has-bigints/-/has-bigints-1.1.0.tgz 0ms (cache hit)
478 http cache hachure-fill@https://registry.npmjs.org/hachure-fill/-/hachure-fill-0.5.2.tgz 0ms (cache hit)
479 http cache graceful-fs@https://registry.npmjs.org/graceful-fs/-/graceful-fs-4.2.11.tgz 0ms (cache hit)
480 http cache globalthis@https://registry.npmjs.org/globalthis/-/globalthis-1.0.4.tgz 0ms (cache hit)
481 http cache globals@https://registry.npmjs.org/globals/-/globals-16.5.0.tgz 0ms (cache hit)
482 http cache gopd@https://registry.npmjs.org/gopd/-/gopd-1.2.0.tgz 0ms (cache hit)
483 http cache glob-parent@https://registry.npmjs.org/glob-parent/-/glob-parent-6.0.2.tgz 0ms (cache hit)
484 http cache get-symbol-description@https://registry.npmjs.org/get-symbol-description/-/get-symbol-description-1.1.0.tgz 1ms (cache hit)
485 http cache get-proto@https://registry.npmjs.org/get-proto/-/get-proto-1.0.1.tgz 0ms (cache hit)
486 http cache get-intrinsic@https://registry.npmjs.org/get-intrinsic/-/get-intrinsic-1.3.0.tgz 0ms (cache hit)
487 http cache get-own-enumerable-property-symbols@https://registry.npmjs.org/get-own-enumerable-property-symbols/-/get-own-enumerable-property-symbols-3.0.2.tgz 0ms (cache hit)
488 http cache gensync@https://registry.npmjs.org/gensync/-/gensync-1.0.0-beta.2.tgz 0ms (cache hit)
489 http cache generator-function@https://registry.npmjs.org/generator-function/-/generator-function-2.0.1.tgz 1ms (cache hit)
490 http cache functions-have-names@https://registry.npmjs.org/functions-have-names/-/functions-have-names-1.2.3.tgz 1ms (cache hit)
491 http cache function.prototype.name@https://registry.npmjs.org/function.prototype.name/-/function.prototype.name-1.1.8.tgz 0ms (cache hit)
492 http cache function-bind@https://registry.npmjs.org/function-bind/-/function-bind-1.1.2.tgz 0ms (cache hit)
493 http cache fs-extra@https://registry.npmjs.org/fs-extra/-/fs-extra-9.1.0.tgz 0ms (cache hit)
494 http cache fresh@https://registry.npmjs.org/fresh/-/fresh-2.0.0.tgz 0ms (cache hit)
495 http cache forwarded@https://registry.npmjs.org/forwarded/-/forwarded-0.2.0.tgz 0ms (cache hit)
496 http cache foreground-child@https://registry.npmjs.org/foreground-child/-/foreground-child-3.3.1.tgz 1ms (cache hit)
497 http cache for-each@https://registry.npmjs.org/for-each/-/for-each-0.3.5.tgz 0ms (cache hit)
498 http cache follow-redirects@https://registry.npmjs.org/follow-redirects/-/follow-redirects-1.16.0.tgz 1ms (cache hit)
499 http cache flatted@https://registry.npmjs.org/flatted/-/flatted-3.4.2.tgz 0ms (cache hit)
500 http cache flat-cache@https://registry.npmjs.org/flat-cache/-/flat-cache-4.0.1.tgz 0ms (cache hit)
501 http cache find-up@https://registry.npmjs.org/find-up/-/find-up-5.0.0.tgz 0ms (cache hit)
502 http cache filelist@https://registry.npmjs.org/filelist/-/filelist-1.0.6.tgz 0ms (cache hit)
503 http cache finalhandler@https://registry.npmjs.org/finalhandler/-/finalhandler-2.1.1.tgz 0ms (cache hit)
504 http cache file-entry-cache@https://registry.npmjs.org/file-entry-cache/-/file-entry-cache-8.0.0.tgz 0ms (cache hit)
505 http cache fflate@https://registry.npmjs.org/fflate/-/fflate-0.8.3.tgz 1ms (cache hit)
506 http cache fdir@https://registry.npmjs.org/fdir/-/fdir-6.5.0.tgz 0ms (cache hit)
507 http cache fast-uri@https://registry.npmjs.org/fast-uri/-/fast-uri-3.1.5.tgz 0ms (cache hit)
508 http cache fast-levenshtein@https://registry.npmjs.org/fast-levenshtein/-/fast-levenshtein-2.0.6.tgz 0ms (cache hit)
509 http cache fast-json-stable-stringify@https://registry.npmjs.org/fast-json-stable-stringify/-/fast-json-stable-stringify-2.1.0.tgz 1ms (cache hit)
510 http cache extend@https://registry.npmjs.org/extend/-/extend-3.0.2.tgz 0ms (cache hit)
511 http cache fast-deep-equal@https://registry.npmjs.org/fast-deep-equal/-/fast-deep-equal-3.1.3.tgz 0ms (cache hit)
512 http cache express-rate-limit@https://registry.npmjs.org/express-rate-limit/-/express-rate-limit-8.5.2.tgz 0ms (cache hit)
513 http cache express@https://registry.npmjs.org/express/-/express-5.2.1.tgz 0ms (cache hit)
514 http cache expect-type@https://registry.npmjs.org/expect-type/-/expect-type-1.3.0.tgz 0ms (cache hit)
515 http cache eventsource-parser@https://registry.npmjs.org/eventsource-parser/-/eventsource-parser-3.1.0.tgz 1ms (cache hit)
516 http cache eventsource@https://registry.npmjs.org/eventsource/-/eventsource-3.0.7.tgz 1ms (cache hit)
517 http cache eventemitter3@https://registry.npmjs.org/eventemitter3/-/eventemitter3-4.0.7.tgz 0ms (cache hit)
518 http cache etag@https://registry.npmjs.org/etag/-/etag-1.8.1.tgz 0ms (cache hit)
519 http cache esutils@https://registry.npmjs.org/esutils/-/esutils-2.0.3.tgz 0ms (cache hit)
520 http cache eta@https://registry.npmjs.org/eta/-/eta-4.6.0.tgz 0ms (cache hit)
521 http cache estree-walker@https://registry.npmjs.org/estree-walker/-/estree-walker-3.0.3.tgz 0ms (cache hit)
522 http cache estraverse@https://registry.npmjs.org/estraverse/-/estraverse-5.3.0.tgz 0ms (cache hit)
523 http cache esrecurse@https://registry.npmjs.org/esrecurse/-/esrecurse-4.3.0.tgz 0ms (cache hit)
524 http cache esrap@https://registry.npmjs.org/esrap/-/esrap-1.4.9.tgz 0ms (cache hit)
525 http cache esquery@https://registry.npmjs.org/esquery/-/esquery-1.7.0.tgz 0ms (cache hit)
526 http cache esprima@https://registry.npmjs.org/esprima/-/esprima-4.0.1.tgz 1ms (cache hit)
527 http cache espree@https://registry.npmjs.org/espree/-/espree-10.4.0.tgz 3ms (cache hit)
528 http cache esm-env@https://registry.npmjs.org/esm-env/-/esm-env-1.2.2.tgz 0ms (cache hit)
529 http cache eslint-visitor-keys@https://registry.npmjs.org/eslint-visitor-keys/-/eslint-visitor-keys-4.2.1.tgz 0ms (cache hit)
530 http cache eslint-scope@https://registry.npmjs.org/eslint-scope/-/eslint-scope-8.4.0.tgz 0ms (cache hit)
531 http cache eslint-plugin-svelte@https://registry.npmjs.org/eslint-plugin-svelte/-/eslint-plugin-svelte-3.19.0.tgz 1ms (cache hit)
532 http cache eslint-plugin-storybook@https://registry.npmjs.org/eslint-plugin-storybook/-/eslint-plugin-storybook-10.5.6.tgz 0ms (cache hit)
533 http cache eslint-plugin-simple-import-sort@https://registry.npmjs.org/eslint-plugin-simple-import-sort/-/eslint-plugin-simple-import-sort-14.0.0.tgz 0ms (cache hit)
534 http cache eslint-config-prettier@https://registry.npmjs.org/eslint-config-prettier/-/eslint-config-prettier-10.1.8.tgz 0ms (cache hit)
535 http cache eslint-plugin-perfectionist@https://registry.npmjs.org/eslint-plugin-perfectionist/-/eslint-plugin-perfectionist-5.10.1.tgz 0ms (cache hit)
536 http cache eslint@https://registry.npmjs.org/eslint/-/eslint-9.39.4.tgz 0ms (cache hit)
537 http cache escape-string-regexp@https://registry.npmjs.org/escape-string-regexp/-/escape-string-regexp-4.0.0.tgz 1ms (cache hit)
538 http cache escape-html@https://registry.npmjs.org/escape-html/-/escape-html-1.0.3.tgz 0ms (cache hit)
539 http cache escalade@https://registry.npmjs.org/escalade/-/escalade-3.2.0.tgz 0ms (cache hit)
540 http cache esbuild@https://registry.npmjs.org/esbuild/-/esbuild-0.28.1.tgz 0ms (cache hit)
541 http cache es-toolkit@https://registry.npmjs.org/es-toolkit/-/es-toolkit-1.47.0.tgz 0ms (cache hit)
542 http cache es-to-primitive@https://registry.npmjs.org/es-to-primitive/-/es-to-primitive-1.3.0.tgz 0ms (cache hit)
543 http cache es-set-tostringtag@https://registry.npmjs.org/es-set-tostringtag/-/es-set-tostringtag-2.1.0.tgz 0ms (cache hit)
544 http cache es-object-atoms@https://registry.npmjs.org/es-object-atoms/-/es-object-atoms-1.1.2.tgz 0ms (cache hit)
545 http cache es-module-lexer@https://registry.npmjs.org/es-module-lexer/-/es-module-lexer-2.1.0.tgz 0ms (cache hit)
546 http cache es-errors@https://registry.npmjs.org/es-errors/-/es-errors-1.3.0.tgz 0ms (cache hit)
547 http cache es-define-property@https://registry.npmjs.org/es-define-property/-/es-define-property-1.0.1.tgz 0ms (cache hit)
548 http cache es-abstract@https://registry.npmjs.org/es-abstract/-/es-abstract-1.24.2.tgz 0ms (cache hit)
549 http cache entities@https://registry.npmjs.org/entities/-/entities-6.0.1.tgz 1ms (cache hit)
550 http cache enhanced-resolve@https://registry.npmjs.org/enhanced-resolve/-/enhanced-resolve-5.23.0.tgz 0ms (cache hit)
551 http cache encodeurl@https://registry.npmjs.org/encodeurl/-/encodeurl-2.0.0.tgz 0ms (cache hit)
552 http cache electron-to-chromium@https://registry.npmjs.org/electron-to-chromium/-/electron-to-chromium-1.5.367.tgz 0ms (cache hit)
553 http cache ejs@https://registry.npmjs.org/ejs/-/ejs-3.1.10.tgz 0ms (cache hit)
554 http cache ee-first@https://registry.npmjs.org/ee-first/-/ee-first-1.1.1.tgz 0ms (cache hit)
555 http cache dunder-proto@https://registry.npmjs.org/dunder-proto/-/dunder-proto-1.0.1.tgz 0ms (cache hit)
556 http cache dompurify@https://registry.npmjs.org/dompurify/-/dompurify-3.4.13.tgz 0ms (cache hit)
557 http cache dom-accessibility-api@https://registry.npmjs.org/dom-accessibility-api/-/dom-accessibility-api-0.5.16.tgz 1ms (cache hit)
558 http cache dexie@https://registry.npmjs.org/dexie/-/dexie-4.4.3.tgz 0ms (cache hit)
559 http cache devlop@https://registry.npmjs.org/devlop/-/devlop-1.1.0.tgz 0ms (cache hit)
560 http cache devalue@https://registry.npmjs.org/devalue/-/devalue-5.8.1.tgz 0ms (cache hit)
561 http cache detect-libc@https://registry.npmjs.org/detect-libc/-/detect-libc-2.1.2.tgz 0ms (cache hit)
562 http cache dequal@https://registry.npmjs.org/dequal/-/dequal-2.0.3.tgz 0ms (cache hit)
563 http cache depd@https://registry.npmjs.org/depd/-/depd-2.0.0.tgz 0ms (cache hit)
564 http cache delaunator@https://registry.npmjs.org/delaunator/-/delaunator-5.1.0.tgz 1ms (cache hit)
565 http cache define-properties@https://registry.npmjs.org/define-properties/-/define-properties-1.2.1.tgz 0ms (cache hit)
566 http cache defu@https://registry.npmjs.org/defu/-/defu-6.1.7.tgz 1ms (cache hit)
567 http cache define-lazy-prop@https://registry.npmjs.org/define-lazy-prop/-/define-lazy-prop-3.0.0.tgz 1ms (cache hit)
568 http cache define-data-property@https://registry.npmjs.org/define-data-property/-/define-data-property-1.1.4.tgz 0ms (cache hit)
569 http cache default-browser@https://registry.npmjs.org/default-browser/-/default-browser-5.5.0.tgz 0ms (cache hit)
570 http cache default-browser-id@https://registry.npmjs.org/default-browser-id/-/default-browser-id-5.0.1.tgz 0ms (cache hit)
571 http cache deepmerge@https://registry.npmjs.org/deepmerge/-/deepmerge-4.3.1.tgz 0ms (cache hit)
572 http cache deep-eql@https://registry.npmjs.org/deep-eql/-/deep-eql-5.0.2.tgz 0ms (cache hit)
573 http cache dedent-js@https://registry.npmjs.org/dedent-js/-/dedent-js-1.0.1.tgz 0ms (cache hit)
574 http cache dedent@https://registry.npmjs.org/dedent/-/dedent-1.7.2.tgz 0ms (cache hit)
575 http cache deep-is@https://registry.npmjs.org/deep-is/-/deep-is-0.1.4.tgz 0ms (cache hit)
576 http cache decode-named-character-reference@https://registry.npmjs.org/decode-named-character-reference/-/decode-named-character-reference-1.3.0.tgz 0ms (cache hit)
577 http cache decode-ico@https://registry.npmjs.org/decode-ico/-/decode-ico-0.4.1.tgz 0ms (cache hit)
578 http cache decode-bmp@https://registry.npmjs.org/decode-bmp/-/decode-bmp-0.2.1.tgz 0ms (cache hit)
579 http cache debug@https://registry.npmjs.org/debug/-/debug-4.4.3.tgz 0ms (cache hit)
580 http cache dayjs@https://registry.npmjs.org/dayjs/-/dayjs-1.11.21.tgz 0ms (cache hit)
581 http cache data-view-byte-offset@https://registry.npmjs.org/data-view-byte-offset/-/data-view-byte-offset-1.0.1.tgz 0ms (cache hit)
582 http cache data-view-byte-length@https://registry.npmjs.org/data-view-byte-length/-/data-view-byte-length-1.0.2.tgz 0ms (cache hit)
583 http cache data-view-buffer@https://registry.npmjs.org/data-view-buffer/-/data-view-buffer-1.0.2.tgz 0ms (cache hit)
584 http cache dagre-d3-es@https://registry.npmjs.org/dagre-d3-es/-/dagre-d3-es-7.0.14.tgz 1ms (cache hit)
585 http cache d3-zoom@https://registry.npmjs.org/d3-zoom/-/d3-zoom-3.0.0.tgz 0ms (cache hit)
586 http cache d3-transition@https://registry.npmjs.org/d3-transition/-/d3-transition-3.0.1.tgz 0ms (cache hit)
587 http cache d3-timer@https://registry.npmjs.org/d3-timer/-/d3-timer-3.0.1.tgz 0ms (cache hit)
588 http cache d3-time-format@https://registry.npmjs.org/d3-time-format/-/d3-time-format-4.1.0.tgz 0ms (cache hit)
589 http cache d3-time@https://registry.npmjs.org/d3-time/-/d3-time-3.1.0.tgz 0ms (cache hit)
590 http cache d3-shape@https://registry.npmjs.org/d3-shape/-/d3-shape-3.2.0.tgz 0ms (cache hit)
591 http cache d3-selection@https://registry.npmjs.org/d3-selection/-/d3-selection-3.0.0.tgz 0ms (cache hit)
592 http cache d3-scale-chromatic@https://registry.npmjs.org/d3-scale-chromatic/-/d3-scale-chromatic-3.1.0.tgz 0ms (cache hit)
593 http cache d3-scale@https://registry.npmjs.org/d3-scale/-/d3-scale-4.0.2.tgz 0ms (cache hit)
594 http cache d3-sankey@https://registry.npmjs.org/d3-sankey/-/d3-sankey-0.12.3.tgz 1ms (cache hit)
595 http cache d3-random@https://registry.npmjs.org/d3-random/-/d3-random-3.0.1.tgz 1ms (cache hit)
596 http cache d3-quadtree@https://registry.npmjs.org/d3-quadtree/-/d3-quadtree-3.0.1.tgz 0ms (cache hit)
597 http cache d3-polygon@https://registry.npmjs.org/d3-polygon/-/d3-polygon-3.0.1.tgz 1ms (cache hit)
598 http cache d3-path@https://registry.npmjs.org/d3-path/-/d3-path-3.1.0.tgz 0ms (cache hit)
599 http cache d3-interpolate@https://registry.npmjs.org/d3-interpolate/-/d3-interpolate-3.0.1.tgz 0ms (cache hit)
600 http cache d3-hierarchy@https://registry.npmjs.org/d3-hierarchy/-/d3-hierarchy-3.1.2.tgz 0ms (cache hit)
601 http cache d3-geo@https://registry.npmjs.org/d3-geo/-/d3-geo-3.1.1.tgz 0ms (cache hit)
602 http cache d3-format@https://registry.npmjs.org/d3-format/-/d3-format-3.1.2.tgz 0ms (cache hit)
603 http cache d3-force@https://registry.npmjs.org/d3-force/-/d3-force-3.0.0.tgz 1ms (cache hit)
604 http cache d3-fetch@https://registry.npmjs.org/d3-fetch/-/d3-fetch-3.0.1.tgz 0ms (cache hit)
605 http cache d3-ease@https://registry.npmjs.org/d3-ease/-/d3-ease-3.0.1.tgz 0ms (cache hit)
606 http cache d3-dsv@https://registry.npmjs.org/d3-dsv/-/d3-dsv-3.0.1.tgz 0ms (cache hit)
607 http cache d3-drag@https://registry.npmjs.org/d3-drag/-/d3-drag-3.0.0.tgz 0ms (cache hit)
608 http cache d3-dispatch@https://registry.npmjs.org/d3-dispatch/-/d3-dispatch-3.0.1.tgz 0ms (cache hit)
609 http cache d3-delaunay@https://registry.npmjs.org/d3-delaunay/-/d3-delaunay-6.0.4.tgz 0ms (cache hit)
610 http cache d3-contour@https://registry.npmjs.org/d3-contour/-/d3-contour-4.0.2.tgz 0ms (cache hit)
611 http cache d3-color@https://registry.npmjs.org/d3-color/-/d3-color-3.1.0.tgz 0ms (cache hit)
612 http cache d3-chord@https://registry.npmjs.org/d3-chord/-/d3-chord-3.0.1.tgz 0ms (cache hit)
613 http cache d3-brush@https://registry.npmjs.org/d3-brush/-/d3-brush-3.0.0.tgz 0ms (cache hit)
614 http cache d3-axis@https://registry.npmjs.org/d3-axis/-/d3-axis-3.0.0.tgz 0ms (cache hit)
615 http cache d3-array@https://registry.npmjs.org/d3-array/-/d3-array-3.2.4.tgz 0ms (cache hit)
616 http cache d3@https://registry.npmjs.org/d3/-/d3-7.9.0.tgz 0ms (cache hit)
617 http cache cytoscape-fcose@https://registry.npmjs.org/cytoscape-fcose/-/cytoscape-fcose-2.2.0.tgz 0ms (cache hit)
618 http cache cytoscape-cose-bilkent@https://registry.npmjs.org/cytoscape-cose-bilkent/-/cytoscape-cose-bilkent-4.1.0.tgz 0ms (cache hit)
619 http cache cytoscape@https://registry.npmjs.org/cytoscape/-/cytoscape-3.34.0.tgz 0ms (cache hit)
620 http cache csstype@https://registry.npmjs.org/csstype/-/csstype-3.2.3.tgz 0ms (cache hit)
621 http cache cssesc@https://registry.npmjs.org/cssesc/-/cssesc-3.0.0.tgz 0ms (cache hit)
622 http cache css.escape@https://registry.npmjs.org/css.escape/-/css.escape-1.5.1.tgz 0ms (cache hit)
623 http cache crypto-random-string@https://registry.npmjs.org/crypto-random-string/-/crypto-random-string-2.0.0.tgz 0ms (cache hit)
624 http cache cross-spawn@https://registry.npmjs.org/cross-spawn/-/cross-spawn-7.0.6.tgz 0ms (cache hit)
625 http cache cose-base@https://registry.npmjs.org/cose-base/-/cose-base-1.0.3.tgz 0ms (cache hit)
626 http cache corser@https://registry.npmjs.org/corser/-/corser-2.0.1.tgz 0ms (cache hit)
627 http cache cors@https://registry.npmjs.org/cors/-/cors-2.8.6.tgz 0ms (cache hit)
628 http cache core-js-compat@https://registry.npmjs.org/core-js-compat/-/core-js-compat-3.49.0.tgz 0ms (cache hit)
629 http cache cookie-signature@https://registry.npmjs.org/cookie-signature/-/cookie-signature-1.2.2.tgz 0ms (cache hit)
630 http cache cookie@https://registry.npmjs.org/cookie/-/cookie-1.1.1.tgz 0ms (cache hit)
631 http cache convert-source-map@https://registry.npmjs.org/convert-source-map/-/convert-source-map-2.0.0.tgz 0ms (cache hit)
632 http cache content-type@https://registry.npmjs.org/content-type/-/content-type-1.0.5.tgz 0ms (cache hit)
633 http cache content-disposition@https://registry.npmjs.org/content-disposition/-/content-disposition-1.1.0.tgz 1ms (cache hit)
634 http cache consola@https://registry.npmjs.org/consola/-/consola-3.4.2.tgz 0ms (cache hit)
635 http cache concat-map@https://registry.npmjs.org/concat-map/-/concat-map-0.0.1.tgz 0ms (cache hit)
636 http cache common-tags@https://registry.npmjs.org/common-tags/-/common-tags-1.8.2.tgz 1ms (cache hit)
637 http cache commander@https://registry.npmjs.org/commander/-/commander-7.2.0.tgz 0ms (cache hit)
638 http cache comma-separated-tokens@https://registry.npmjs.org/comma-separated-tokens/-/comma-separated-tokens-2.0.3.tgz 0ms (cache hit)
639 http cache colorette@https://registry.npmjs.org/colorette/-/colorette-2.0.20.tgz 0ms (cache hit)
640 http cache color-name@https://registry.npmjs.org/color-name/-/color-name-1.1.4.tgz 0ms (cache hit)
641 http cache color-convert@https://registry.npmjs.org/color-convert/-/color-convert-2.0.1.tgz 1ms (cache hit)
642 http cache clsx@https://registry.npmjs.org/clsx/-/clsx-2.1.1.tgz 0ms (cache hit)
643 http cache chromatic@https://registry.npmjs.org/chromatic/-/chromatic-16.10.0.tgz 0ms (cache hit)
644 http cache chownr@https://registry.npmjs.org/chownr/-/chownr-3.0.0.tgz 0ms (cache hit)
645 http cache chokidar@https://registry.npmjs.org/chokidar/-/chokidar-5.0.0.tgz 0ms (cache hit)
646 http cache check-error@https://registry.npmjs.org/check-error/-/check-error-2.1.3.tgz 0ms (cache hit)
647 http cache character-entities-legacy@https://registry.npmjs.org/character-entities-legacy/-/character-entities-legacy-3.0.0.tgz 0ms (cache hit)
648 http cache character-entities-html4@https://registry.npmjs.org/character-entities-html4/-/character-entities-html4-2.1.0.tgz 0ms (cache hit)
649 http cache character-entities@https://registry.npmjs.org/character-entities/-/character-entities-2.0.2.tgz 0ms (cache hit)
650 http cache chalk@https://registry.npmjs.org/chalk/-/chalk-4.1.2.tgz 1ms (cache hit)
651 http cache chai@https://registry.npmjs.org/chai/-/chai-5.3.3.tgz 0ms (cache hit)
652 http cache ccount@https://registry.npmjs.org/ccount/-/ccount-2.0.1.tgz 0ms (cache hit)
653 http cache caniuse-lite@https://registry.npmjs.org/caniuse-lite/-/caniuse-lite-1.0.30001793.tgz 1ms (cache hit)
654 http cache callsites@https://registry.npmjs.org/callsites/-/callsites-3.1.0.tgz 0ms (cache hit)
655 http cache call-bound@https://registry.npmjs.org/call-bound/-/call-bound-1.0.4.tgz 0ms (cache hit)
656 http cache call-bind-apply-helpers@https://registry.npmjs.org/call-bind-apply-helpers/-/call-bind-apply-helpers-1.0.2.tgz 0ms (cache hit)
657 http cache call-bind@https://registry.npmjs.org/call-bind/-/call-bind-1.0.9.tgz 0ms (cache hit)
658 http cache cac@https://registry.npmjs.org/cac/-/cac-6.7.14.tgz 0ms (cache hit)
659 http cache bytes@https://registry.npmjs.org/bytes/-/bytes-3.1.2.tgz 0ms (cache hit)
660 http cache bundle-name@https://registry.npmjs.org/bundle-name/-/bundle-name-4.1.0.tgz 1ms (cache hit)
661 http cache buffer-from@https://registry.npmjs.org/buffer-from/-/buffer-from-1.1.2.tgz 1ms (cache hit)
662 http cache browserslist@https://registry.npmjs.org/browserslist/-/browserslist-4.28.2.tgz 0ms (cache hit)
663 http cache brace-expansion@https://registry.npmjs.org/brace-expansion/-/brace-expansion-1.1.18.tgz 0ms (cache hit)
664 http cache body-parser@https://registry.npmjs.org/body-parser/-/body-parser-2.3.0.tgz 0ms (cache hit)
665 http cache bits-ui@https://registry.npmjs.org/bits-ui/-/bits-ui-2.18.1.tgz 0ms (cache hit)
666 http cache basic-auth@https://registry.npmjs.org/basic-auth/-/basic-auth-2.0.1.tgz 0ms (cache hit)
667 http cache baseline-browser-mapping@https://registry.npmjs.org/baseline-browser-mapping/-/baseline-browser-mapping-2.10.33.tgz 0ms (cache hit)
668 http cache balanced-match@https://registry.npmjs.org/balanced-match/-/balanced-match-1.0.2.tgz 0ms (cache hit)
669 http cache bail@https://registry.npmjs.org/bail/-/bail-2.0.2.tgz 1ms (cache hit)
670 http cache babel-plugin-polyfill-regenerator@https://registry.npmjs.org/babel-plugin-polyfill-regenerator/-/babel-plugin-polyfill-regenerator-0.6.8.tgz 0ms (cache hit)
671 http cache babel-plugin-polyfill-corejs3@https://registry.npmjs.org/babel-plugin-polyfill-corejs3/-/babel-plugin-polyfill-corejs3-0.14.2.tgz 0ms (cache hit)
672 http cache babel-plugin-polyfill-corejs2@https://registry.npmjs.org/babel-plugin-polyfill-corejs2/-/babel-plugin-polyfill-corejs2-0.4.17.tgz 0ms (cache hit)
673 http cache axobject-query@https://registry.npmjs.org/axobject-query/-/axobject-query-4.1.0.tgz 0ms (cache hit)
674 http cache axe-core@https://registry.npmjs.org/axe-core/-/axe-core-4.12.0.tgz 0ms (cache hit)
675 http cache available-typed-arrays@https://registry.npmjs.org/available-typed-arrays/-/available-typed-arrays-1.0.7.tgz 1ms (cache hit)
676 http cache at-least-node@https://registry.npmjs.org/at-least-node/-/at-least-node-1.0.0.tgz 0ms (cache hit)
677 http cache async-function@https://registry.npmjs.org/async-function/-/async-function-1.0.0.tgz 1ms (cache hit)
678 http cache async@https://registry.npmjs.org/async/-/async-3.2.6.tgz 0ms (cache hit)
679 http cache ast-v8-to-istanbul@https://registry.npmjs.org/ast-v8-to-istanbul/-/ast-v8-to-istanbul-1.0.3.tgz 0ms (cache hit)
680 http cache ast-types@https://registry.npmjs.org/ast-types/-/ast-types-0.16.1.tgz 0ms (cache hit)
681 http cache assertion-error@https://registry.npmjs.org/assertion-error/-/assertion-error-2.0.1.tgz 0ms (cache hit)
682 http cache arraybuffer.prototype.slice@https://registry.npmjs.org/arraybuffer.prototype.slice/-/arraybuffer.prototype.slice-1.0.4.tgz 0ms (cache hit)
683 http cache array-buffer-byte-length@https://registry.npmjs.org/array-buffer-byte-length/-/array-buffer-byte-length-1.0.2.tgz 1ms (cache hit)
684 http cache aria-query@https://registry.npmjs.org/aria-query/-/aria-query-5.3.0.tgz 0ms (cache hit)
685 http cache argparse@https://registry.npmjs.org/argparse/-/argparse-2.0.1.tgz 0ms (cache hit)
686 http cache ansi-styles@https://registry.npmjs.org/ansi-styles/-/ansi-styles-4.3.0.tgz 0ms (cache hit)
687 http cache ansi-regex@https://registry.npmjs.org/ansi-regex/-/ansi-regex-5.0.1.tgz 0ms (cache hit)
688 http cache ajv-formats@https://registry.npmjs.org/ajv-formats/-/ajv-formats-3.0.1.tgz 0ms (cache hit)
689 http cache ajv@https://registry.npmjs.org/ajv/-/ajv-8.20.0.tgz 0ms (cache hit)
690 http cache acorn-jsx@https://registry.npmjs.org/acorn-jsx/-/acorn-jsx-5.3.2.tgz 0ms (cache hit)
691 http cache acorn@https://registry.npmjs.org/acorn/-/acorn-8.16.0.tgz 0ms (cache hit)
692 http cache accepts@https://registry.npmjs.org/accepts/-/accepts-2.0.0.tgz 0ms (cache hit)
693 http cache @webcontainer/env@https://registry.npmjs.org/@webcontainer/env/-/env-1.1.1.tgz 0ms (cache hit)
694 http cache @vitest/utils@https://registry.npmjs.org/@vitest/utils/-/utils-4.1.10.tgz 0ms (cache hit)
695 http cache @vitest/spy@https://registry.npmjs.org/@vitest/spy/-/spy-4.1.10.tgz 0ms (cache hit)
696 http cache @vitest/snapshot@https://registry.npmjs.org/@vitest/snapshot/-/snapshot-4.1.10.tgz 0ms (cache hit)
697 http cache @vitest/runner@https://registry.npmjs.org/@vitest/runner/-/runner-4.1.10.tgz 0ms (cache hit)
698 http cache @vitest/pretty-format@https://registry.npmjs.org/@vitest/pretty-format/-/pretty-format-4.1.10.tgz 0ms (cache hit)
699 http cache @vitest/mocker@https://registry.npmjs.org/@vitest/mocker/-/mocker-4.1.10.tgz 0ms (cache hit)
700 http cache @vitest/expect@https://registry.npmjs.org/@vitest/expect/-/expect-3.2.4.tgz 0ms (cache hit)
701 http cache @vitest/coverage-v8@https://registry.npmjs.org/@vitest/coverage-v8/-/coverage-v8-4.1.10.tgz 0ms (cache hit)
702 http cache @vitest/browser@https://registry.npmjs.org/@vitest/browser/-/browser-4.1.10.tgz 0ms (cache hit)
703 http cache @vitest/browser-playwright@https://registry.npmjs.org/@vitest/browser-playwright/-/browser-playwright-4.1.10.tgz 0ms (cache hit)
704 http cache @vite-pwa/sveltekit@https://registry.npmjs.org/@vite-pwa/sveltekit/-/sveltekit-1.1.0.tgz 0ms (cache hit)
705 http cache @vite-pwa/assets-generator@https://registry.npmjs.org/@vite-pwa/assets-generator/-/assets-generator-1.0.2.tgz 0ms (cache hit)
706 http cache @upsetjs/venn.js@https://registry.npmjs.org/@upsetjs/venn.js/-/venn.js-2.0.0.tgz 0ms (cache hit)
707 http cache @ungap/structured-clone@https://registry.npmjs.org/@ungap/structured-clone/-/structured-clone-1.3.1.tgz 1ms (cache hit)
708 http cache @typescript-eslint/visitor-keys@https://registry.npmjs.org/@typescript-eslint/visitor-keys/-/visitor-keys-8.60.1.tgz 0ms (cache hit)
709 http cache @typescript-eslint/utils@https://registry.npmjs.org/@typescript-eslint/utils/-/utils-8.60.1.tgz 0ms (cache hit)
710 http cache @typescript-eslint/typescript-estree@https://registry.npmjs.org/@typescript-eslint/typescript-estree/-/typescript-estree-8.60.1.tgz 0ms (cache hit)
711 http cache @typescript-eslint/types@https://registry.npmjs.org/@typescript-eslint/types/-/types-8.60.1.tgz 0ms (cache hit)
712 http cache @typescript-eslint/type-utils@https://registry.npmjs.org/@typescript-eslint/type-utils/-/type-utils-8.60.1.tgz 0ms (cache hit)
713 http cache @typescript-eslint/tsconfig-utils@https://registry.npmjs.org/@typescript-eslint/tsconfig-utils/-/tsconfig-utils-8.60.1.tgz 0ms (cache hit)
714 http cache @typescript-eslint/scope-manager@https://registry.npmjs.org/@typescript-eslint/scope-manager/-/scope-manager-8.60.1.tgz 0ms (cache hit)
715 http cache @typescript-eslint/project-service@https://registry.npmjs.org/@typescript-eslint/project-service/-/project-service-8.60.1.tgz 0ms (cache hit)
716 http cache @typescript-eslint/parser@https://registry.npmjs.org/@typescript-eslint/parser/-/parser-8.60.1.tgz 0ms (cache hit)
717 http cache @typescript-eslint/eslint-plugin@https://registry.npmjs.org/@typescript-eslint/eslint-plugin/-/eslint-plugin-8.60.1.tgz 0ms (cache hit)
718 http cache @types/unist@https://registry.npmjs.org/@types/unist/-/unist-2.0.11.tgz 0ms (cache hit)
719 http cache @types/trusted-types@https://registry.npmjs.org/@types/trusted-types/-/trusted-types-2.0.7.tgz 0ms (cache hit)
720 http cache @types/resolve@https://registry.npmjs.org/@types/resolve/-/resolve-1.20.2.tgz 0ms (cache hit)
721 http cache @types/react@https://registry.npmjs.org/@types/react/-/react-19.2.17.tgz 0ms (cache hit)
722 http cache @types/node@https://registry.npmjs.org/@types/node/-/node-24.13.0.tgz 0ms (cache hit)
723 http cache @types/ms@https://registry.npmjs.org/@types/ms/-/ms-2.1.0.tgz 1ms (cache hit)
724 http cache @types/mdx@https://registry.npmjs.org/@types/mdx/-/mdx-2.0.13.tgz 0ms (cache hit)
725 http cache @types/mdast@https://registry.npmjs.org/@types/mdast/-/mdast-4.0.4.tgz 0ms (cache hit)
726 http cache @types/katex@https://registry.npmjs.org/@types/katex/-/katex-0.16.8.tgz 0ms (cache hit)
727 http cache @types/json-schema@https://registry.npmjs.org/@types/json-schema/-/json-schema-7.0.15.tgz 0ms (cache hit)
728 http cache @types/hast@https://registry.npmjs.org/@types/hast/-/hast-3.0.4.tgz 0ms (cache hit)
729 http cache @types/geojson@https://registry.npmjs.org/@types/geojson/-/geojson-7946.0.16.tgz 0ms (cache hit)
730 http cache @types/estree@https://registry.npmjs.org/@types/estree/-/estree-1.0.9.tgz 0ms (cache hit)
731 http cache @types/deep-eql@https://registry.npmjs.org/@types/deep-eql/-/deep-eql-4.0.2.tgz 1ms (cache hit)
732 http cache @types/debug@https://registry.npmjs.org/@types/debug/-/debug-4.1.13.tgz 1ms (cache hit)
733 http cache @types/d3-zoom@https://registry.npmjs.org/@types/d3-zoom/-/d3-zoom-3.0.8.tgz 0ms (cache hit)
734 http cache @types/d3-transition@https://registry.npmjs.org/@types/d3-transition/-/d3-transition-3.0.9.tgz 0ms (cache hit)
735 http cache @types/d3-timer@https://registry.npmjs.org/@types/d3-timer/-/d3-timer-3.0.2.tgz 0ms (cache hit)
736 http cache @types/d3-time-format@https://registry.npmjs.org/@types/d3-time-format/-/d3-time-format-4.0.3.tgz 0ms (cache hit)
737 http cache @types/d3-time@https://registry.npmjs.org/@types/d3-time/-/d3-time-3.0.4.tgz 1ms (cache hit)
738 http cache @types/d3-shape@https://registry.npmjs.org/@types/d3-shape/-/d3-shape-3.1.8.tgz 0ms (cache hit)
739 http cache @types/d3-selection@https://registry.npmjs.org/@types/d3-selection/-/d3-selection-3.0.11.tgz 0ms (cache hit)
740 http cache @types/d3-scale-chromatic@https://registry.npmjs.org/@types/d3-scale-chromatic/-/d3-scale-chromatic-3.1.0.tgz 0ms (cache hit)
741 http cache @types/d3-scale@https://registry.npmjs.org/@types/d3-scale/-/d3-scale-4.0.9.tgz 0ms (cache hit)
742 http cache @types/d3-random@https://registry.npmjs.org/@types/d3-random/-/d3-random-3.0.3.tgz 0ms (cache hit)
743 http cache @types/d3-quadtree@https://registry.npmjs.org/@types/d3-quadtree/-/d3-quadtree-3.0.6.tgz 0ms (cache hit)
744 http cache @types/d3-polygon@https://registry.npmjs.org/@types/d3-polygon/-/d3-polygon-3.0.2.tgz 0ms (cache hit)
745 http cache @types/d3-path@https://registry.npmjs.org/@types/d3-path/-/d3-path-3.1.1.tgz 0ms (cache hit)
746 http cache @types/d3-interpolate@https://registry.npmjs.org/@types/d3-interpolate/-/d3-interpolate-3.0.4.tgz 0ms (cache hit)
747 http cache @types/d3-hierarchy@https://registry.npmjs.org/@types/d3-hierarchy/-/d3-hierarchy-3.1.7.tgz 0ms (cache hit)
748 http cache @types/d3-geo@https://registry.npmjs.org/@types/d3-geo/-/d3-geo-3.1.0.tgz 0ms (cache hit)
749 http cache @types/d3-format@https://registry.npmjs.org/@types/d3-format/-/d3-format-3.0.4.tgz 0ms (cache hit)
750 http cache @types/d3-force@https://registry.npmjs.org/@types/d3-force/-/d3-force-3.0.10.tgz 0ms (cache hit)
751 http cache @types/d3-fetch@https://registry.npmjs.org/@types/d3-fetch/-/d3-fetch-3.0.7.tgz 0ms (cache hit)
752 http cache @types/d3-ease@https://registry.npmjs.org/@types/d3-ease/-/d3-ease-3.0.2.tgz 1ms (cache hit)
753 http cache @types/d3-dsv@https://registry.npmjs.org/@types/d3-dsv/-/d3-dsv-3.0.7.tgz 0ms (cache hit)
754 http cache @types/d3-drag@https://registry.npmjs.org/@types/d3-drag/-/d3-drag-3.0.7.tgz 0ms (cache hit)
755 http cache @types/d3-dispatch@https://registry.npmjs.org/@types/d3-dispatch/-/d3-dispatch-3.0.7.tgz 1ms (cache hit)
756 http cache @types/d3-delaunay@https://registry.npmjs.org/@types/d3-delaunay/-/d3-delaunay-6.0.4.tgz 1ms (cache hit)
757 http cache @types/d3-contour@https://registry.npmjs.org/@types/d3-contour/-/d3-contour-3.0.6.tgz 0ms (cache hit)
758 http cache @types/d3-color@https://registry.npmjs.org/@types/d3-color/-/d3-color-3.1.3.tgz 0ms (cache hit)
759 http cache @types/d3-chord@https://registry.npmjs.org/@types/d3-chord/-/d3-chord-3.0.6.tgz 0ms (cache hit)
760 http cache @types/d3-brush@https://registry.npmjs.org/@types/d3-brush/-/d3-brush-3.0.6.tgz 0ms (cache hit)
761 http cache @types/d3-axis@https://registry.npmjs.org/@types/d3-axis/-/d3-axis-3.0.6.tgz 0ms (cache hit)
762 http cache @types/d3-array@https://registry.npmjs.org/@types/d3-array/-/d3-array-3.2.2.tgz 0ms (cache hit)
763 http cache @types/d3@https://registry.npmjs.org/@types/d3/-/d3-7.4.3.tgz 0ms (cache hit)
764 http cache @types/cookie@https://registry.npmjs.org/@types/cookie/-/cookie-0.6.0.tgz 0ms (cache hit)
765 http cache @types/chai@https://registry.npmjs.org/@types/chai/-/chai-5.2.3.tgz 0ms (cache hit)
766 http cache @types/aria-query@https://registry.npmjs.org/@types/aria-query/-/aria-query-5.0.4.tgz 0ms (cache hit)
767 http cache @trickfilm400/rollup-plugin-off-main-thread@https://registry.npmjs.org/@trickfilm400/rollup-plugin-off-main-thread/-/rollup-plugin-off-main-thread-3.0.0-pre1.tgz 0ms (cache hit)
768 http cache @tmcp/transport-http@https://registry.npmjs.org/@tmcp/transport-http/-/transport-http-0.8.6.tgz 0ms (cache hit)
769 http cache @tmcp/session-manager@https://registry.npmjs.org/@tmcp/session-manager/-/session-manager-0.2.2.tgz 0ms (cache hit)
770 http cache @tmcp/adapter-valibot@https://registry.npmjs.org/@tmcp/adapter-valibot/-/adapter-valibot-0.1.6.tgz 0ms (cache hit)
771 http cache @testing-library/user-event@https://registry.npmjs.org/@testing-library/user-event/-/user-event-14.6.1.tgz 1ms (cache hit)
772 http cache @testing-library/svelte-core@https://registry.npmjs.org/@testing-library/svelte-core/-/svelte-core-1.0.0.tgz 0ms (cache hit)
773 http cache @testing-library/jest-dom@https://registry.npmjs.org/@testing-library/jest-dom/-/jest-dom-6.9.1.tgz 0ms (cache hit)
774 http cache @testing-library/dom@https://registry.npmjs.org/@testing-library/dom/-/dom-10.4.1.tgz 0ms (cache hit)
775 http cache @tailwindcss/vite@https://registry.npmjs.org/@tailwindcss/vite/-/vite-4.1.11.tgz 0ms (cache hit)
776 http cache @tailwindcss/typography@https://registry.npmjs.org/@tailwindcss/typography/-/typography-0.5.16.tgz 0ms (cache hit)
777 http cache @tailwindcss/oxide-android-arm64@https://registry.npmjs.org/@tailwindcss/oxide-android-arm64/-/oxide-android-arm64-4.1.11.tgz 0ms (cache hit)
778 http cache @tailwindcss/oxide@https://registry.npmjs.org/@tailwindcss/oxide/-/oxide-4.1.11.tgz 1ms (cache hit)
779 http cache @tailwindcss/node@https://registry.npmjs.org/@tailwindcss/node/-/node-4.1.11.tgz 0ms (cache hit)
780 http cache @tailwindcss/forms@https://registry.npmjs.org/@tailwindcss/forms/-/forms-0.5.10.tgz 0ms (cache hit)
781 http cache @swc/helpers@https://registry.npmjs.org/@swc/helpers/-/helpers-0.5.23.tgz 1ms (cache hit)
782 http cache @sveltejs/vite-plugin-svelte-inspector@https://registry.npmjs.org/@sveltejs/vite-plugin-svelte-inspector/-/vite-plugin-svelte-inspector-5.0.2.tgz 0ms (cache hit)
783 http cache @sveltejs/vite-plugin-svelte@https://registry.npmjs.org/@sveltejs/vite-plugin-svelte/-/vite-plugin-svelte-6.2.1.tgz 0ms (cache hit)
784 http cache @sveltejs/load-config@https://registry.npmjs.org/@sveltejs/load-config/-/load-config-0.1.1.tgz 0ms (cache hit)
785 http cache @sveltejs/kit@https://registry.npmjs.org/@sveltejs/kit/-/kit-2.70.2.tgz 0ms (cache hit)
786 http cache @sveltejs/adapter-static@https://registry.npmjs.org/@sveltejs/adapter-static/-/adapter-static-3.0.10.tgz 1ms (cache hit)
787 http cache @sveltejs/acorn-typescript@https://registry.npmjs.org/@sveltejs/acorn-typescript/-/acorn-typescript-1.0.10.tgz 0ms (cache hit)
788 http cache @storybook/sveltekit@https://registry.npmjs.org/@storybook/sveltekit/-/sveltekit-10.5.6.tgz 0ms (cache hit)
789 http cache @storybook/svelte@https://registry.npmjs.org/@storybook/svelte/-/svelte-10.5.6.tgz 0ms (cache hit)
790 http cache @storybook/react-dom-shim@https://registry.npmjs.org/@storybook/react-dom-shim/-/react-dom-shim-10.5.6.tgz 0ms (cache hit)
791 http cache @storybook/mcp@https://registry.npmjs.org/@storybook/mcp/-/mcp-0.8.0.tgz 0ms (cache hit)
792 http cache @storybook/icons@https://registry.npmjs.org/@storybook/icons/-/icons-2.0.2.tgz 0ms (cache hit)
793 http cache @storybook/global@https://registry.npmjs.org/@storybook/global/-/global-5.0.0.tgz 0ms (cache hit)
794 http cache @storybook/csf-plugin@https://registry.npmjs.org/@storybook/csf-plugin/-/csf-plugin-10.5.6.tgz 0ms (cache hit)
795 http cache @storybook/csf@https://registry.npmjs.org/@storybook/csf/-/csf-0.1.13.tgz 0ms (cache hit)
796 http cache @storybook/builder-vite@https://registry.npmjs.org/@storybook/builder-vite/-/builder-vite-10.5.6.tgz 0ms (cache hit)
797 http cache @storybook/addon-vitest@https://registry.npmjs.org/@storybook/addon-vitest/-/addon-vitest-10.5.6.tgz 0ms (cache hit)
798 http cache @storybook/addon-svelte-csf@https://registry.npmjs.org/@storybook/addon-svelte-csf/-/addon-svelte-csf-5.1.2.tgz 0ms (cache hit)
799 http cache @storybook/addon-mcp@https://registry.npmjs.org/@storybook/addon-mcp/-/addon-mcp-0.7.0.tgz 0ms (cache hit)
800 http cache @storybook/addon-docs@https://registry.npmjs.org/@storybook/addon-docs/-/addon-docs-10.5.6.tgz 1ms (cache hit)
801 http cache @storybook/addon-a11y@https://registry.npmjs.org/@storybook/addon-a11y/-/addon-a11y-10.5.6.tgz 1ms (cache hit)
802 http cache @standard-schema/spec@https://registry.npmjs.org/@standard-schema/spec/-/spec-1.1.0.tgz 0ms (cache hit)
803 http cache @rollup/rollup-android-arm64@https://registry.npmjs.org/@rollup/rollup-android-arm64/-/rollup-android-arm64-4.61.1.tgz 0ms (cache hit)
804 http cache @rollup/pluginutils@https://registry.npmjs.org/@rollup/pluginutils/-/pluginutils-5.4.0.tgz 0ms (cache hit)
805 http cache @rollup/plugin-terser@https://registry.npmjs.org/@rollup/plugin-terser/-/plugin-terser-1.0.0.tgz 0ms (cache hit)
806 http cache @rollup/plugin-replace@https://registry.npmjs.org/@rollup/plugin-replace/-/plugin-replace-6.0.3.tgz 0ms (cache hit)
807 http cache @rollup/plugin-node-resolve@https://registry.npmjs.org/@rollup/plugin-node-resolve/-/plugin-node-resolve-16.0.3.tgz 0ms (cache hit)
808 http cache @quansync/fs@https://registry.npmjs.org/@quansync/fs/-/fs-1.0.0.tgz 0ms (cache hit)
809 http cache @polka/url@https://registry.npmjs.org/@polka/url/-/url-1.0.0-next.29.tgz 1ms (cache hit)
810 http cache @rollup/plugin-babel@https://registry.npmjs.org/@rollup/plugin-babel/-/plugin-babel-6.1.0.tgz 0ms (cache hit)
811 http cache @playwright/test@https://registry.npmjs.org/@playwright/test/-/test-1.56.1.tgz 0ms (cache hit)
812 http cache @parcel/watcher-android-arm64@https://registry.npmjs.org/@parcel/watcher-android-arm64/-/watcher-android-arm64-2.5.6.tgz 1ms (cache hit)
813 http cache @parcel/watcher@https://registry.npmjs.org/@parcel/watcher/-/watcher-2.5.6.tgz 1ms (cache hit)
814 http cache @oxc-resolver/binding-android-arm64@https://registry.npmjs.org/@oxc-resolver/binding-android-arm64/-/binding-android-arm64-11.20.0.tgz 1ms (cache hit)
815 http cache @oxc-project/types@https://registry.npmjs.org/@oxc-project/types/-/types-0.127.0.tgz 0ms (cache hit)
816 http cache @napi-rs/canvas-android-arm64@https://registry.npmjs.org/@napi-rs/canvas-android-arm64/-/canvas-android-arm64-0.1.100.tgz 0ms (cache hit)
817 http cache @modelcontextprotocol/sdk@https://registry.npmjs.org/@modelcontextprotocol/sdk/-/sdk-1.30.0.tgz 0ms (cache hit)
818 http cache @neoconfetti/react@https://registry.npmjs.org/@neoconfetti/react/-/react-1.0.0.tgz 0ms (cache hit)
819 http cache @oxc-parser/binding-android-arm64@https://registry.npmjs.org/@oxc-parser/binding-android-arm64/-/binding-android-arm64-0.127.0.tgz 0ms (cache hit)
820 http cache @napi-rs/canvas@https://registry.npmjs.org/@napi-rs/canvas/-/canvas-0.1.100.tgz 0ms (cache hit)
821 http cache @jridgewell/trace-mapping@https://registry.npmjs.org/@jridgewell/trace-mapping/-/trace-mapping-0.3.31.tgz 0ms (cache hit)
822 http cache @jridgewell/sourcemap-codec@https://registry.npmjs.org/@jridgewell/sourcemap-codec/-/sourcemap-codec-1.5.5.tgz 0ms (cache hit)
823 http cache @jridgewell/source-map@https://registry.npmjs.org/@jridgewell/source-map/-/source-map-0.3.11.tgz 0ms (cache hit)
824 http cache @jridgewell/resolve-uri@https://registry.npmjs.org/@jridgewell/resolve-uri/-/resolve-uri-3.1.2.tgz 0ms (cache hit)
825 http cache @jridgewell/remapping@https://registry.npmjs.org/@jridgewell/remapping/-/remapping-2.3.5.tgz 0ms (cache hit)
826 http cache @jridgewell/gen-mapping@https://registry.npmjs.org/@jridgewell/gen-mapping/-/gen-mapping-0.3.13.tgz 0ms (cache hit)
827 http cache @mdx-js/react@https://registry.npmjs.org/@mdx-js/react/-/react-3.1.1.tgz 0ms (cache hit)
828 http cache @lucide/svelte@https://registry.npmjs.org/@lucide/svelte/-/svelte-1.25.0.tgz 0ms (cache hit)
829 http cache @mermaid-js/parser@https://registry.npmjs.org/@mermaid-js/parser/-/parser-1.1.1.tgz 0ms (cache hit)
830 http cache @iconify/utils@https://registry.npmjs.org/@iconify/utils/-/utils-3.1.3.tgz 1ms (cache hit)
831 http cache @iconify/types@https://registry.npmjs.org/@iconify/types/-/types-2.0.0.tgz 1ms (cache hit)
832 http cache @humanwhocodes/retry@https://registry.npmjs.org/@humanwhocodes/retry/-/retry-0.4.3.tgz 0ms (cache hit)
833 http cache @internationalized/date@https://registry.npmjs.org/@internationalized/date/-/date-3.12.2.tgz 0ms (cache hit)
834 http cache @isaacs/fs-minipass@https://registry.npmjs.org/@isaacs/fs-minipass/-/fs-minipass-4.0.1.tgz 0ms (cache hit)
835 http cache @humanfs/types@https://registry.npmjs.org/@humanfs/types/-/types-0.15.0.tgz 0ms (cache hit)
836 http cache @humanfs/node@https://registry.npmjs.org/@humanfs/node/-/node-0.16.8.tgz 0ms (cache hit)
837 http cache @humanwhocodes/module-importer@https://registry.npmjs.org/@humanwhocodes/module-importer/-/module-importer-1.0.1.tgz 0ms (cache hit)
838 http cache @img/colour@https://registry.npmjs.org/@img/colour/-/colour-1.1.0.tgz 0ms (cache hit)
839 http cache @floating-ui/utils@https://registry.npmjs.org/@floating-ui/utils/-/utils-0.2.11.tgz 0ms (cache hit)
840 http cache @floating-ui/dom@https://registry.npmjs.org/@floating-ui/dom/-/dom-1.7.6.tgz 0ms (cache hit)
841 http cache @eslint/plugin-kit@https://registry.npmjs.org/@eslint/plugin-kit/-/plugin-kit-0.4.1.tgz 0ms (cache hit)
842 http cache @eslint/object-schema@https://registry.npmjs.org/@eslint/object-schema/-/object-schema-2.1.7.tgz 0ms (cache hit)
843 http cache @eslint/js@https://registry.npmjs.org/@eslint/js/-/js-9.39.2.tgz 0ms (cache hit)
844 http cache @humanfs/core@https://registry.npmjs.org/@humanfs/core/-/core-0.19.2.tgz 1ms (cache hit)
845 http cache @eslint/core@https://registry.npmjs.org/@eslint/core/-/core-0.17.0.tgz 0ms (cache hit)
846 http cache @eslint/config-helpers@https://registry.npmjs.org/@eslint/config-helpers/-/config-helpers-0.4.2.tgz 0ms (cache hit)
847 http cache @eslint/config-array@https://registry.npmjs.org/@eslint/config-array/-/config-array-0.21.2.tgz 0ms (cache hit)
848 http cache @hono/node-server@https://registry.npmjs.org/@hono/node-server/-/node-server-2.1.0.tgz 1ms (cache hit)
849 http cache @eslint/eslintrc@https://registry.npmjs.org/@eslint/eslintrc/-/eslintrc-3.3.5.tgz 0ms (cache hit)
850 http cache @eslint-community/eslint-utils@https://registry.npmjs.org/@eslint-community/eslint-utils/-/eslint-utils-4.9.1.tgz 1ms (cache hit)
851 http cache @floating-ui/core@https://registry.npmjs.org/@floating-ui/core/-/core-1.7.5.tgz 0ms (cache hit)
852 http cache @eslint/compat@https://registry.npmjs.org/@eslint/compat/-/compat-1.4.1.tgz 0ms (cache hit)
853 http cache @esbuild/android-arm64@https://registry.npmjs.org/@esbuild/android-arm64/-/android-arm64-0.28.1.tgz 0ms (cache hit)
854 http cache @chevrotain/types@https://registry.npmjs.org/@chevrotain/types/-/types-11.1.2.tgz 0ms (cache hit)
855 http cache @canvas/image-data@https://registry.npmjs.org/@canvas/image-data/-/image-data-1.1.0.tgz 0ms (cache hit)
856 http cache @chromatic-com/storybook@https://registry.npmjs.org/@chromatic-com/storybook/-/storybook-5.2.1.tgz 0ms (cache hit)
857 http cache @braintree/sanitize-url@https://registry.npmjs.org/@braintree/sanitize-url/-/sanitize-url-7.1.2.tgz 0ms (cache hit)
858 http cache @babel/types@https://registry.npmjs.org/@babel/types/-/types-7.29.7.tgz 0ms (cache hit)
859 http cache @babel/traverse@https://registry.npmjs.org/@babel/traverse/-/traverse-7.29.7.tgz 0ms (cache hit)
860 http cache @babel/template@https://registry.npmjs.org/@babel/template/-/template-7.29.7.tgz 0ms (cache hit)
861 http cache @babel/runtime@https://registry.npmjs.org/@babel/runtime/-/runtime-7.29.7.tgz 0ms (cache hit)
862 http cache @babel/preset-modules@https://registry.npmjs.org/@babel/preset-modules/-/preset-modules-0.1.6-no-external-plugins.tgz 0ms (cache hit)
863 http cache @babel/preset-env@https://registry.npmjs.org/@babel/preset-env/-/preset-env-7.29.7.tgz 0ms (cache hit)
864 http cache @blazediff/core@https://registry.npmjs.org/@blazediff/core/-/core-1.9.1.tgz 1ms (cache hit)
865 http cache @babel/plugin-transform-unicode-sets-regex@https://registry.npmjs.org/@babel/plugin-transform-unicode-sets-regex/-/plugin-transform-unicode-sets-regex-7.29.7.tgz 0ms (cache hit)
866 http cache @babel/plugin-transform-unicode-regex@https://registry.npmjs.org/@babel/plugin-transform-unicode-regex/-/plugin-transform-unicode-regex-7.29.7.tgz 0ms (cache hit)
867 http cache @babel/plugin-transform-unicode-escapes@https://registry.npmjs.org/@babel/plugin-transform-unicode-escapes/-/plugin-transform-unicode-escapes-7.29.7.tgz 0ms (cache hit)
868 http cache @babel/plugin-transform-typeof-symbol@https://registry.npmjs.org/@babel/plugin-transform-typeof-symbol/-/plugin-transform-typeof-symbol-7.29.7.tgz 0ms (cache hit)
869 http cache @babel/plugin-transform-unicode-property-regex@https://registry.npmjs.org/@babel/plugin-transform-unicode-property-regex/-/plugin-transform-unicode-property-regex-7.29.7.tgz 0ms (cache hit)
870 http cache @babel/plugin-transform-template-literals@https://registry.npmjs.org/@babel/plugin-transform-template-literals/-/plugin-transform-template-literals-7.29.7.tgz 0ms (cache hit)
871 http cache @eslint-community/regexpp@https://registry.npmjs.org/@eslint-community/regexpp/-/regexpp-4.12.2.tgz 1ms (cache hit)
872 http cache @babel/plugin-transform-sticky-regex@https://registry.npmjs.org/@babel/plugin-transform-sticky-regex/-/plugin-transform-sticky-regex-7.29.7.tgz 0ms (cache hit)
873 http cache @babel/plugin-transform-spread@https://registry.npmjs.org/@babel/plugin-transform-spread/-/plugin-transform-spread-7.29.7.tgz 0ms (cache hit)
874 http cache @babel/plugin-transform-reserved-words@https://registry.npmjs.org/@babel/plugin-transform-reserved-words/-/plugin-transform-reserved-words-7.29.7.tgz 0ms (cache hit)
875 http cache @babel/plugin-transform-shorthand-properties@https://registry.npmjs.org/@babel/plugin-transform-shorthand-properties/-/plugin-transform-shorthand-properties-7.29.7.tgz 1ms (cache hit)
876 http cache @babel/plugin-transform-regenerator@https://registry.npmjs.org/@babel/plugin-transform-regenerator/-/plugin-transform-regenerator-7.29.7.tgz 0ms (cache hit)
877 http cache @babel/plugin-transform-regexp-modifiers@https://registry.npmjs.org/@babel/plugin-transform-regexp-modifiers/-/plugin-transform-regexp-modifiers-7.29.7.tgz 0ms (cache hit)
878 http cache @babel/plugin-transform-property-literals@https://registry.npmjs.org/@babel/plugin-transform-property-literals/-/plugin-transform-property-literals-7.29.7.tgz 0ms (cache hit)
879 http cache @babel/plugin-transform-private-property-in-object@https://registry.npmjs.org/@babel/plugin-transform-private-property-in-object/-/plugin-transform-private-property-in-object-7.29.7.tgz 0ms (cache hit)
880 http cache @babel/plugin-transform-private-methods@https://registry.npmjs.org/@babel/plugin-transform-private-methods/-/plugin-transform-private-methods-7.29.7.tgz 0ms (cache hit)
881 http cache @babel/plugin-transform-parameters@https://registry.npmjs.org/@babel/plugin-transform-parameters/-/plugin-transform-parameters-7.29.7.tgz 1ms (cache hit)
882 http cache @babel/plugin-transform-optional-chaining@https://registry.npmjs.org/@babel/plugin-transform-optional-chaining/-/plugin-transform-optional-chaining-7.29.7.tgz 0ms (cache hit)
883 http cache @babel/plugin-transform-optional-catch-binding@https://registry.npmjs.org/@babel/plugin-transform-optional-catch-binding/-/plugin-transform-optional-catch-binding-7.29.7.tgz 0ms (cache hit)
884 http cache @babel/plugin-transform-object-super@https://registry.npmjs.org/@babel/plugin-transform-object-super/-/plugin-transform-object-super-7.29.7.tgz 0ms (cache hit)
885 http cache @babel/plugin-transform-object-rest-spread@https://registry.npmjs.org/@babel/plugin-transform-object-rest-spread/-/plugin-transform-object-rest-spread-7.29.7.tgz 0ms (cache hit)
886 http cache @babel/plugin-transform-numeric-separator@https://registry.npmjs.org/@babel/plugin-transform-numeric-separator/-/plugin-transform-numeric-separator-7.29.7.tgz 0ms (cache hit)
887 http cache @babel/plugin-transform-nullish-coalescing-operator@https://registry.npmjs.org/@babel/plugin-transform-nullish-coalescing-operator/-/plugin-transform-nullish-coalescing-operator-7.29.7.tgz 0ms (cache hit)
888 http cache @babel/plugin-transform-new-target@https://registry.npmjs.org/@babel/plugin-transform-new-target/-/plugin-transform-new-target-7.29.7.tgz 0ms (cache hit)
889 http cache @babel/plugin-transform-named-capturing-groups-regex@https://registry.npmjs.org/@babel/plugin-transform-named-capturing-groups-regex/-/plugin-transform-named-capturing-groups-regex-7.29.7.tgz 0ms (cache hit)
890 http cache @babel/plugin-transform-modules-umd@https://registry.npmjs.org/@babel/plugin-transform-modules-umd/-/plugin-transform-modules-umd-7.29.7.tgz 0ms (cache hit)
891 http cache @babel/plugin-transform-modules-systemjs@https://registry.npmjs.org/@babel/plugin-transform-modules-systemjs/-/plugin-transform-modules-systemjs-7.29.7.tgz 0ms (cache hit)
892 http cache @babel/plugin-transform-modules-commonjs@https://registry.npmjs.org/@babel/plugin-transform-modules-commonjs/-/plugin-transform-modules-commonjs-7.29.7.tgz 0ms (cache hit)
893 http cache @babel/plugin-transform-modules-amd@https://registry.npmjs.org/@babel/plugin-transform-modules-amd/-/plugin-transform-modules-amd-7.29.7.tgz 0ms (cache hit)
894 http cache @babel/plugin-transform-member-expression-literals@https://registry.npmjs.org/@babel/plugin-transform-member-expression-literals/-/plugin-transform-member-expression-literals-7.29.7.tgz 0ms (cache hit)
895 http cache @babel/plugin-transform-logical-assignment-operators@https://registry.npmjs.org/@babel/plugin-transform-logical-assignment-operators/-/plugin-transform-logical-assignment-operators-7.29.7.tgz 0ms (cache hit)
896 http cache @babel/plugin-transform-literals@https://registry.npmjs.org/@babel/plugin-transform-literals/-/plugin-transform-literals-7.29.7.tgz 0ms (cache hit)
897 http cache @babel/plugin-transform-json-strings@https://registry.npmjs.org/@babel/plugin-transform-json-strings/-/plugin-transform-json-strings-7.29.7.tgz 0ms (cache hit)
898 http cache @babel/plugin-transform-function-name@https://registry.npmjs.org/@babel/plugin-transform-function-name/-/plugin-transform-function-name-7.29.7.tgz 0ms (cache hit)
899 http cache @babel/plugin-transform-for-of@https://registry.npmjs.org/@babel/plugin-transform-for-of/-/plugin-transform-for-of-7.29.7.tgz 0ms (cache hit)
900 http cache @babel/plugin-transform-export-namespace-from@https://registry.npmjs.org/@babel/plugin-transform-export-namespace-from/-/plugin-transform-export-namespace-from-7.29.7.tgz 0ms (cache hit)
901 http cache @babel/plugin-transform-exponentiation-operator@https://registry.npmjs.org/@babel/plugin-transform-exponentiation-operator/-/plugin-transform-exponentiation-operator-7.29.7.tgz 0ms (cache hit)
902 http cache @babel/plugin-transform-explicit-resource-management@https://registry.npmjs.org/@babel/plugin-transform-explicit-resource-management/-/plugin-transform-explicit-resource-management-7.29.7.tgz 0ms (cache hit)
903 http cache @babel/plugin-transform-dynamic-import@https://registry.npmjs.org/@babel/plugin-transform-dynamic-import/-/plugin-transform-dynamic-import-7.29.7.tgz 0ms (cache hit)
904 http cache @babel/plugin-transform-duplicate-named-capturing-groups-regex@https://registry.npmjs.org/@babel/plugin-transform-duplicate-named-capturing-groups-regex/-/plugin-transform-duplicate-named-capturing-groups-regex-7.29.7.tgz 0ms (cache hit)
905 http cache @babel/plugin-transform-duplicate-keys@https://registry.npmjs.org/@babel/plugin-transform-duplicate-keys/-/plugin-transform-duplicate-keys-7.29.7.tgz 0ms (cache hit)
906 http cache @bcoe/v8-coverage@https://registry.npmjs.org/@bcoe/v8-coverage/-/v8-coverage-1.0.2.tgz 0ms (cache hit)
907 http cache @babel/plugin-transform-dotall-regex@https://registry.npmjs.org/@babel/plugin-transform-dotall-regex/-/plugin-transform-dotall-regex-7.29.7.tgz 1ms (cache hit)
908 http cache @babel/plugin-transform-destructuring@https://registry.npmjs.org/@babel/plugin-transform-destructuring/-/plugin-transform-destructuring-7.29.7.tgz 0ms (cache hit)
909 http cache @babel/plugin-transform-computed-properties@https://registry.npmjs.org/@babel/plugin-transform-computed-properties/-/plugin-transform-computed-properties-7.29.7.tgz 0ms (cache hit)
910 http cache @babel/plugin-transform-classes@https://registry.npmjs.org/@babel/plugin-transform-classes/-/plugin-transform-classes-7.29.7.tgz 0ms (cache hit)
911 http cache @babel/plugin-transform-class-static-block@https://registry.npmjs.org/@babel/plugin-transform-class-static-block/-/plugin-transform-class-static-block-7.29.7.tgz 0ms (cache hit)
912 http cache @babel/plugin-transform-class-properties@https://registry.npmjs.org/@babel/plugin-transform-class-properties/-/plugin-transform-class-properties-7.29.7.tgz 0ms (cache hit)
913 http cache @babel/plugin-transform-block-scoping@https://registry.npmjs.org/@babel/plugin-transform-block-scoping/-/plugin-transform-block-scoping-7.29.7.tgz 0ms (cache hit)
914 http cache @babel/plugin-transform-block-scoped-functions@https://registry.npmjs.org/@babel/plugin-transform-block-scoped-functions/-/plugin-transform-block-scoped-functions-7.29.7.tgz 0ms (cache hit)
915 http cache @babel/plugin-transform-async-to-generator@https://registry.npmjs.org/@babel/plugin-transform-async-to-generator/-/plugin-transform-async-to-generator-7.29.7.tgz 0ms (cache hit)
916 http cache @babel/plugin-transform-async-generator-functions@https://registry.npmjs.org/@babel/plugin-transform-async-generator-functions/-/plugin-transform-async-generator-functions-7.29.7.tgz 0ms (cache hit)
917 http cache @babel/plugin-transform-arrow-functions@https://registry.npmjs.org/@babel/plugin-transform-arrow-functions/-/plugin-transform-arrow-functions-7.29.7.tgz 0ms (cache hit)
918 http cache @babel/plugin-syntax-unicode-sets-regex@https://registry.npmjs.org/@babel/plugin-syntax-unicode-sets-regex/-/plugin-syntax-unicode-sets-regex-7.18.6.tgz 0ms (cache hit)
919 http cache @babel/plugin-syntax-import-attributes@https://registry.npmjs.org/@babel/plugin-syntax-import-attributes/-/plugin-syntax-import-attributes-7.29.7.tgz 1ms (cache hit)
920 http cache @babel/plugin-syntax-import-assertions@https://registry.npmjs.org/@babel/plugin-syntax-import-assertions/-/plugin-syntax-import-assertions-7.29.7.tgz 0ms (cache hit)
921 http cache @babel/plugin-proposal-private-property-in-object@https://registry.npmjs.org/@babel/plugin-proposal-private-property-in-object/-/plugin-proposal-private-property-in-object-7.21.0-placeholder-for-preset-env.2.tgz 0ms (cache hit)
922 http cache @babel/plugin-bugfix-v8-static-class-fields-redefine-readonly@https://registry.npmjs.org/@babel/plugin-bugfix-v8-static-class-fields-redefine-readonly/-/plugin-bugfix-v8-static-class-fields-redefine-readonly-7.29.7.tgz 0ms (cache hit)
923 http cache @babel/plugin-bugfix-v8-spread-parameters-in-optional-chaining@https://registry.npmjs.org/@babel/plugin-bugfix-v8-spread-parameters-in-optional-chaining/-/plugin-bugfix-v8-spread-parameters-in-optional-chaining-7.29.7.tgz 0ms (cache hit)
924 http cache @babel/plugin-bugfix-safari-rest-destructuring-rhs-array@https://registry.npmjs.org/@babel/plugin-bugfix-safari-rest-destructuring-rhs-array/-/plugin-bugfix-safari-rest-destructuring-rhs-array-7.29.7.tgz 0ms (cache hit)
925 http cache @babel/plugin-bugfix-safari-id-destructuring-collision-in-function-expression@https://registry.npmjs.org/@babel/plugin-bugfix-safari-id-destructuring-collision-in-function-expression/-/plugin-bugfix-safari-id-destructuring-collision-in-function-expression-7.29.7.tgz 0ms (cache hit)
926 http cache @babel/plugin-bugfix-safari-class-field-initializer-scope@https://registry.npmjs.org/@babel/plugin-bugfix-safari-class-field-initializer-scope/-/plugin-bugfix-safari-class-field-initializer-scope-7.29.7.tgz 0ms (cache hit)
927 http cache @babel/plugin-bugfix-firefox-class-in-computed-class-key@https://registry.npmjs.org/@babel/plugin-bugfix-firefox-class-in-computed-class-key/-/plugin-bugfix-firefox-class-in-computed-class-key-7.29.7.tgz 0ms (cache hit)
928 http cache @babel/parser@https://registry.npmjs.org/@babel/parser/-/parser-7.29.7.tgz 0ms (cache hit)
929 http cache @babel/helpers@https://registry.npmjs.org/@babel/helpers/-/helpers-7.29.7.tgz 0ms (cache hit)
930 http cache @babel/helper-wrap-function@https://registry.npmjs.org/@babel/helper-wrap-function/-/helper-wrap-function-7.29.7.tgz 0ms (cache hit)
931 http cache @babel/helper-validator-option@https://registry.npmjs.org/@babel/helper-validator-option/-/helper-validator-option-7.29.7.tgz 0ms (cache hit)
932 http cache @babel/helper-validator-identifier@https://registry.npmjs.org/@babel/helper-validator-identifier/-/helper-validator-identifier-7.29.7.tgz 0ms (cache hit)
933 http cache @babel/helper-string-parser@https://registry.npmjs.org/@babel/helper-string-parser/-/helper-string-parser-7.29.7.tgz 0ms (cache hit)
934 http cache @babel/helper-skip-transparent-expression-wrappers@https://registry.npmjs.org/@babel/helper-skip-transparent-expression-wrappers/-/helper-skip-transparent-expression-wrappers-7.29.7.tgz 0ms (cache hit)
935 http cache @babel/helper-replace-supers@https://registry.npmjs.org/@babel/helper-replace-supers/-/helper-replace-supers-7.29.7.tgz 0ms (cache hit)
936 http cache @babel/helper-remap-async-to-generator@https://registry.npmjs.org/@babel/helper-remap-async-to-generator/-/helper-remap-async-to-generator-7.29.7.tgz 0ms (cache hit)
937 http cache @babel/helper-plugin-utils@https://registry.npmjs.org/@babel/helper-plugin-utils/-/helper-plugin-utils-7.29.7.tgz 0ms (cache hit)
938 http cache @babel/helper-optimise-call-expression@https://registry.npmjs.org/@babel/helper-optimise-call-expression/-/helper-optimise-call-expression-7.29.7.tgz 0ms (cache hit)
939 http cache @babel/helper-module-transforms@https://registry.npmjs.org/@babel/helper-module-transforms/-/helper-module-transforms-7.29.7.tgz 0ms (cache hit)
940 http cache @babel/helper-module-imports@https://registry.npmjs.org/@babel/helper-module-imports/-/helper-module-imports-7.29.7.tgz 0ms (cache hit)
941 http cache @babel/helper-member-expression-to-functions@https://registry.npmjs.org/@babel/helper-member-expression-to-functions/-/helper-member-expression-to-functions-7.29.7.tgz 0ms (cache hit)
942 http cache @babel/helper-globals@https://registry.npmjs.org/@babel/helper-globals/-/helper-globals-7.29.7.tgz 0ms (cache hit)
943 http cache @babel/helper-define-polyfill-provider@https://registry.npmjs.org/@babel/helper-define-polyfill-provider/-/helper-define-polyfill-provider-0.6.8.tgz 0ms (cache hit)
944 http cache @babel/helper-create-regexp-features-plugin@https://registry.npmjs.org/@babel/helper-create-regexp-features-plugin/-/helper-create-regexp-features-plugin-7.29.7.tgz 0ms (cache hit)
945 http cache @babel/helper-create-class-features-plugin@https://registry.npmjs.org/@babel/helper-create-class-features-plugin/-/helper-create-class-features-plugin-7.29.7.tgz 0ms (cache hit)
946 http cache @babel/helper-annotate-as-pure@https://registry.npmjs.org/@babel/helper-annotate-as-pure/-/helper-annotate-as-pure-7.29.7.tgz 0ms (cache hit)
947 http cache @babel/generator@https://registry.npmjs.org/@babel/generator/-/generator-7.29.7.tgz 0ms (cache hit)
948 http cache @babel/core@https://registry.npmjs.org/@babel/core/-/core-7.29.7.tgz 0ms (cache hit)
949 http cache @babel/compat-data@https://registry.npmjs.org/@babel/compat-data/-/compat-data-7.29.7.tgz 0ms (cache hit)
950 http cache @babel/helper-compilation-targets@https://registry.npmjs.org/@babel/helper-compilation-targets/-/helper-compilation-targets-7.29.7.tgz 1ms (cache hit)
951 http cache @ampproject/remapping@https://registry.npmjs.org/@ampproject/remapping/-/remapping-2.3.0.tgz 0ms (cache hit)
952 http cache pretty-bytes@https://registry.npmjs.org/pretty-bytes/-/pretty-bytes-5.6.0.tgz 1ms (cache hit)
953 http cache @antfu/install-pkg@https://registry.npmjs.org/@antfu/install-pkg/-/install-pkg-1.1.0.tgz 0ms (cache hit)
954 http cache minimatch@https://registry.npmjs.org/minimatch/-/minimatch-10.2.5.tgz 0ms (cache hit)
955 http cache path-scurry@https://registry.npmjs.org/path-scurry/-/path-scurry-2.0.2.tgz 0ms (cache hit)
956 http cache lru-cache@https://registry.npmjs.org/lru-cache/-/lru-cache-11.5.1.tgz 1ms (cache hit)
957 http cache @babel/code-frame@https://registry.npmjs.org/@babel/code-frame/-/code-frame-7.29.7.tgz 0ms (cache hit)
958 http cache @adobe/css-tools@https://registry.npmjs.org/@adobe/css-tools/-/css-tools-4.5.0.tgz 1ms (cache hit)
959 http cache @apideck/better-ajv-errors@https://registry.npmjs.org/@apideck/better-ajv-errors/-/better-ajv-errors-0.3.7.tgz 0ms (cache hit)
960 http cache jackspeak@https://registry.npmjs.org/jackspeak/-/jackspeak-4.2.3.tgz 1ms (cache hit)
961 http cache glob@https://registry.npmjs.org/glob/-/glob-11.1.0.tgz 1ms (cache hit)
962 http cache source-map@https://registry.npmjs.org/source-map/-/source-map-0.8.0-beta.0.tgz 0ms (cache hit)
963 http cache brace-expansion@https://registry.npmjs.org/brace-expansion/-/brace-expansion-5.0.9.tgz 0ms (cache hit)
964 http cache balanced-match@https://registry.npmjs.org/balanced-match/-/balanced-match-4.0.4.tgz 0ms (cache hit)
965 http cache @isaacs/cliui@https://registry.npmjs.org/@isaacs/cliui/-/cliui-9.0.0.tgz 0ms (cache hit)
966 http cache iconv-lite@https://registry.npmjs.org/iconv-lite/-/iconv-lite-0.6.3.tgz 1ms (cache hit)
967 http cache chai@https://registry.npmjs.org/chai/-/chai-6.2.2.tgz 0ms (cache hit)
968 http cache @vitest/expect@https://registry.npmjs.org/@vitest/expect/-/expect-4.1.10.tgz 0ms (cache hit)
969 http cache uuid@https://registry.npmjs.org/uuid/-/uuid-11.1.1.tgz 0ms (cache hit)
970 http cache unist-util-stringify-position@https://registry.npmjs.org/unist-util-stringify-position/-/unist-util-stringify-position-2.0.3.tgz 0ms (cache hit)
971 http cache @types/unist@https://registry.npmjs.org/@types/unist/-/unist-3.0.3.tgz 0ms (cache hit)
972 http cache vfile-message@https://registry.npmjs.org/vfile-message/-/vfile-message-4.0.3.tgz 0ms (cache hit)
973 http cache @types/unist@https://registry.npmjs.org/@types/unist/-/unist-3.0.3.tgz 0ms (cache hit)
974 http cache @types/unist@https://registry.npmjs.org/@types/unist/-/unist-3.0.3.tgz 0ms (cache hit)
975 http cache @types/unist@https://registry.npmjs.org/@types/unist/-/unist-3.0.3.tgz 0ms (cache hit)
976 http cache @types/unist@https://registry.npmjs.org/@types/unist/-/unist-3.0.3.tgz 0ms (cache hit)
977 http cache @types/unist@https://registry.npmjs.org/@types/unist/-/unist-3.0.3.tgz 0ms (cache hit)
978 http cache @types/unist@https://registry.npmjs.org/@types/unist/-/unist-3.0.3.tgz 0ms (cache hit)
979 http cache @types/unist@https://registry.npmjs.org/@types/unist/-/unist-3.0.3.tgz 0ms (cache hit)
980 http cache @types/unist@https://registry.npmjs.org/@types/unist/-/unist-3.0.3.tgz 0ms (cache hit)
981 http cache @types/unist@https://registry.npmjs.org/@types/unist/-/unist-3.0.3.tgz 0ms (cache hit)
982 http cache content-type@https://registry.npmjs.org/content-type/-/content-type-2.0.0.tgz 0ms (cache hit)
983 http cache commander@https://registry.npmjs.org/commander/-/commander-2.20.3.tgz 0ms (cache hit)
984 http cache yallist@https://registry.npmjs.org/yallist/-/yallist-5.0.0.tgz 0ms (cache hit)
985 http cache type-fest@https://registry.npmjs.org/type-fest/-/type-fest-0.16.0.tgz 0ms (cache hit)
986 http cache runed@https://registry.npmjs.org/runed/-/runed-0.28.0.tgz 0ms (cache hit)
987 http cache postcss-selector-parser@https://registry.npmjs.org/postcss-selector-parser/-/postcss-selector-parser-7.1.1.tgz 0ms (cache hit)
988 http cache readdirp@https://registry.npmjs.org/readdirp/-/readdirp-4.1.2.tgz 0ms (cache hit)
989 http cache chokidar@https://registry.npmjs.org/chokidar/-/chokidar-4.0.3.tgz 0ms (cache hit)
990 http cache zimmerframe@https://registry.npmjs.org/zimmerframe/-/zimmerframe-1.1.2.tgz 0ms (cache hit)
991 http cache esrap@https://registry.npmjs.org/esrap/-/esrap-1.2.2.tgz 0ms (cache hit)
992 http cache esrap@https://registry.npmjs.org/esrap/-/esrap-2.2.11.tgz 0ms (cache hit)
993 http cache aria-query@https://registry.npmjs.org/aria-query/-/aria-query-5.3.1.tgz 1ms (cache hit)
994 http cache ansi-regex@https://registry.npmjs.org/ansi-regex/-/ansi-regex-6.2.2.tgz 0ms (cache hit)
995 http cache ansi-styles@https://registry.npmjs.org/ansi-styles/-/ansi-styles-5.2.0.tgz 0ms (cache hit)
996 http cache yaml@https://registry.npmjs.org/yaml/-/yaml-1.10.3.tgz 0ms (cache hit)
997 http cache @vitest/spy@https://registry.npmjs.org/@vitest/spy/-/spy-3.2.4.tgz 1ms (cache hit)
998 http cache svelte-toolbelt@https://registry.npmjs.org/svelte-toolbelt/-/svelte-toolbelt-0.7.1.tgz 0ms (cache hit)
999 http cache runed@https://registry.npmjs.org/runed/-/runed-0.23.4.tgz 0ms (cache hit)
1000 http cache runed@https://registry.npmjs.org/runed/-/runed-0.25.0.tgz 0ms (cache hit)
1001 http cache unist-util-visit-parents@https://registry.npmjs.org/unist-util-visit-parents/-/unist-util-visit-parents-3.1.1.tgz 0ms (cache hit)
1002 http cache unist-util-is@https://registry.npmjs.org/unist-util-is/-/unist-util-is-4.1.0.tgz 0ms (cache hit)
1003 http cache unist-util-visit@https://registry.npmjs.org/unist-util-visit/-/unist-util-visit-2.0.3.tgz 0ms (cache hit)
1004 http cache escape-string-regexp@https://registry.npmjs.org/escape-string-regexp/-/escape-string-regexp-5.0.0.tgz 0ms (cache hit)
1005 http cache @types/unist@https://registry.npmjs.org/@types/unist/-/unist-3.0.3.tgz 0ms (cache hit)
1006 http cache @types/unist@https://registry.npmjs.org/@types/unist/-/unist-3.0.3.tgz 0ms (cache hit)
1007 http cache commander@https://registry.npmjs.org/commander/-/commander-8.3.0.tgz 0ms (cache hit)
1008 http cache @types/unist@https://registry.npmjs.org/@types/unist/-/unist-3.0.3.tgz 1ms (cache hit)
1009 http cache @types/unist@https://registry.npmjs.org/@types/unist/-/unist-3.0.3.tgz 0ms (cache hit)
1010 http cache @types/unist@https://registry.npmjs.org/@types/unist/-/unist-3.0.3.tgz 0ms (cache hit)
1011 http cache vfile-message@https://registry.npmjs.org/vfile-message/-/vfile-message-4.0.3.tgz 0ms (cache hit)
1012 http cache @types/unist@https://registry.npmjs.org/@types/unist/-/unist-3.0.3.tgz 0ms (cache hit)
1013 http cache minimatch@https://registry.npmjs.org/minimatch/-/minimatch-5.1.9.tgz 0ms (cache hit)
1014 http cache brace-expansion@https://registry.npmjs.org/brace-expansion/-/brace-expansion-2.1.4.tgz 0ms (cache hit)
1015 http cache minimatch@https://registry.npmjs.org/minimatch/-/minimatch-10.2.6.tgz 0ms (cache hit)
1016 http cache eslint-visitor-keys@https://registry.npmjs.org/eslint-visitor-keys/-/eslint-visitor-keys-5.0.1.tgz 0ms (cache hit)
1017 http cache brace-expansion@https://registry.npmjs.org/brace-expansion/-/brace-expansion-5.0.9.tgz 0ms (cache hit)
1018 http cache balanced-match@https://registry.npmjs.org/balanced-match/-/balanced-match-4.0.4.tgz 0ms (cache hit)
1019 http cache @typescript-eslint/visitor-keys@https://registry.npmjs.org/@typescript-eslint/visitor-keys/-/visitor-keys-8.66.0.tgz 0ms (cache hit)
1020 http cache @typescript-eslint/utils@https://registry.npmjs.org/@typescript-eslint/utils/-/utils-8.66.0.tgz 0ms (cache hit)
1021 http cache @typescript-eslint/typescript-estree@https://registry.npmjs.org/@typescript-eslint/typescript-estree/-/typescript-estree-8.66.0.tgz 1ms (cache hit)
1022 http cache @typescript-eslint/types@https://registry.npmjs.org/@typescript-eslint/types/-/types-8.66.0.tgz 0ms (cache hit)
1023 http cache @typescript-eslint/tsconfig-utils@https://registry.npmjs.org/@typescript-eslint/tsconfig-utils/-/tsconfig-utils-8.66.0.tgz 0ms (cache hit)
1024 http cache @typescript-eslint/scope-manager@https://registry.npmjs.org/@typescript-eslint/scope-manager/-/scope-manager-8.66.0.tgz 0ms (cache hit)
1025 http cache @typescript-eslint/project-service@https://registry.npmjs.org/@typescript-eslint/project-service/-/project-service-8.66.0.tgz 0ms (cache hit)
1026 http cache json-schema-traverse@https://registry.npmjs.org/json-schema-traverse/-/json-schema-traverse-0.4.1.tgz 0ms (cache hit)
1027 http cache ajv@https://registry.npmjs.org/ajv/-/ajv-6.15.0.tgz 0ms (cache hit)
1028 http cache @eslint/js@https://registry.npmjs.org/@eslint/js/-/js-9.39.4.tgz 0ms (cache hit)
1029 http cache d3-shape@https://registry.npmjs.org/d3-shape/-/d3-shape-1.3.7.tgz 0ms (cache hit)
1030 http cache internmap@https://registry.npmjs.org/internmap/-/internmap-1.0.1.tgz 0ms (cache hit)
1031 http cache d3-path@https://registry.npmjs.org/d3-path/-/d3-path-1.0.9.tgz 0ms (cache hit)
1032 http cache d3-array@https://registry.npmjs.org/d3-array/-/d3-array-2.12.1.tgz 0ms (cache hit)
1033 http cache iconv-lite@https://registry.npmjs.org/iconv-lite/-/iconv-lite-0.6.3.tgz 0ms (cache hit)
1034 http cache layout-base@https://registry.npmjs.org/layout-base/-/layout-base-2.0.1.tgz 0ms (cache hit)
1035 http cache cose-base@https://registry.npmjs.org/cose-base/-/cose-base-2.2.0.tgz 0ms (cache hit)
1036 http cache content-type@https://registry.npmjs.org/content-type/-/content-type-2.0.0.tgz 0ms (cache hit)
1037 http cache semver@https://registry.npmjs.org/semver/-/semver-6.3.1.tgz 0ms (cache hit)
1038 http cache js-tokens@https://registry.npmjs.org/js-tokens/-/js-tokens-10.0.0.tgz 1ms (cache hit)
1039 http cache tinyrainbow@https://registry.npmjs.org/tinyrainbow/-/tinyrainbow-2.0.0.tgz 0ms (cache hit)
1040 http cache @vitest/utils@https://registry.npmjs.org/@vitest/utils/-/utils-3.2.4.tgz 0ms (cache hit)
1041 http cache @vitest/spy@https://registry.npmjs.org/@vitest/spy/-/spy-3.2.4.tgz 0ms (cache hit)
1042 http cache @vitest/pretty-format@https://registry.npmjs.org/@vitest/pretty-format/-/pretty-format-3.2.4.tgz 0ms (cache hit)
1043 http cache eslint-visitor-keys@https://registry.npmjs.org/eslint-visitor-keys/-/eslint-visitor-keys-5.0.1.tgz 0ms (cache hit)
1044 http cache minimatch@https://registry.npmjs.org/minimatch/-/minimatch-10.2.5.tgz 0ms (cache hit)
1045 http cache brace-expansion@https://registry.npmjs.org/brace-expansion/-/brace-expansion-5.0.9.tgz 0ms (cache hit)
1046 http cache balanced-match@https://registry.npmjs.org/balanced-match/-/balanced-match-4.0.4.tgz 0ms (cache hit)
1047 http cache ignore@https://registry.npmjs.org/ignore/-/ignore-7.0.5.tgz 0ms (cache hit)
1048 http cache @valibot/to-json-schema@https://registry.npmjs.org/@valibot/to-json-schema/-/to-json-schema-1.7.1.tgz 0ms (cache hit)
1049 http cache dom-accessibility-api@https://registry.npmjs.org/dom-accessibility-api/-/dom-accessibility-api-0.6.3.tgz 1ms (cache hit)
1050 http cache tailwindcss@https://registry.npmjs.org/tailwindcss/-/tailwindcss-4.1.11.tgz 0ms (cache hit)
1051 http cache tailwindcss@https://registry.npmjs.org/tailwindcss/-/tailwindcss-4.1.11.tgz 1ms (cache hit)
1052 http cache type-fest@https://registry.npmjs.org/type-fest/-/type-fest-5.8.0.tgz 0ms (cache hit)
1053 http cache @storybook/svelte-vite@https://registry.npmjs.org/@storybook/svelte-vite/-/svelte-vite-10.5.6.tgz 0ms (cache hit)
1054 http cache estree-walker@https://registry.npmjs.org/estree-walker/-/estree-walker-2.0.2.tgz 0ms (cache hit)
1055 http cache globals@https://registry.npmjs.org/globals/-/globals-14.0.0.tgz 0ms (cache hit)
1056 http cache json-schema-traverse@https://registry.npmjs.org/json-schema-traverse/-/json-schema-traverse-0.4.1.tgz 1ms (cache hit)
1057 http cache ajv@https://registry.npmjs.org/ajv/-/ajv-6.15.0.tgz 0ms (cache hit)
1058 http cache semver@https://registry.npmjs.org/semver/-/semver-6.3.1.tgz 0ms (cache hit)
1059 http cache eslint-visitor-keys@https://registry.npmjs.org/eslint-visitor-keys/-/eslint-visitor-keys-3.4.3.tgz 0ms (cache hit)
1060 http cache semver@https://registry.npmjs.org/semver/-/semver-6.3.1.tgz 0ms (cache hit)
1061 http cache semver@https://registry.npmjs.org/semver/-/semver-6.3.1.tgz 0ms (cache hit)
1062 http cache semver@https://registry.npmjs.org/semver/-/semver-6.3.1.tgz 0ms (cache hit)
1063 http cache lru-cache@https://registry.npmjs.org/lru-cache/-/lru-cache-5.1.1.tgz 0ms (cache hit)
1064 http cache semver@https://registry.npmjs.org/semver/-/semver-6.3.1.tgz 0ms (cache hit)
1065 silly tarball no local data for zwitch@https://registry.npmjs.org/zwitch/-/zwitch-2.0.4.tgz. Extracting by manifest.
1066 silly tarball no local data for zod@https://registry.npmjs.org/zod/-/zod-4.4.3.tgz. Extracting by manifest.
1067 silly tarball no local data for zimmerframe@https://registry.npmjs.org/zimmerframe/-/zimmerframe-1.1.4.tgz. Extracting by manifest.
1068 silly tarball no local data for zod-to-json-schema@https://registry.npmjs.org/zod-to-json-schema/-/zod-to-json-schema-3.25.2.tgz. Extracting by manifest.
1069 silly tarball no local data for yocto-queue@https://registry.npmjs.org/yocto-queue/-/yocto-queue-0.1.0.tgz. Extracting by manifest.
1070 silly tarball no local data for wsl-utils@https://registry.npmjs.org/wsl-utils/-/wsl-utils-0.1.0.tgz. Extracting by manifest.
1071 silly tarball no local data for ws@https://registry.npmjs.org/ws/-/ws-8.21.2.tgz. Extracting by manifest.
1072 silly tarball no local data for wrappy@https://registry.npmjs.org/wrappy/-/wrappy-1.0.2.tgz. Extracting by manifest.
1073 silly tarball no local data for workbox-sw@https://registry.npmjs.org/workbox-sw/-/workbox-sw-7.4.1.tgz. Extracting by manifest.
1074 silly tarball no local data for workbox-window@https://registry.npmjs.org/workbox-window/-/workbox-window-7.4.1.tgz. Extracting by manifest.
1075 silly tarball no local data for workbox-streams@https://registry.npmjs.org/workbox-streams/-/workbox-streams-7.4.1.tgz. Extracting by manifest.
1076 silly tarball no local data for workbox-strategies@https://registry.npmjs.org/workbox-strategies/-/workbox-strategies-7.4.1.tgz. Extracting by manifest.
1077 silly tarball no local data for workbox-routing@https://registry.npmjs.org/workbox-routing/-/workbox-routing-7.4.1.tgz. Extracting by manifest.
1078 silly tarball no local data for workbox-recipes@https://registry.npmjs.org/workbox-recipes/-/workbox-recipes-7.4.1.tgz. Extracting by manifest.
1079 silly tarball no local data for workbox-range-requests@https://registry.npmjs.org/workbox-range-requests/-/workbox-range-requests-7.4.1.tgz. Extracting by manifest.
1080 silly tarball no local data for workbox-precaching@https://registry.npmjs.org/workbox-precaching/-/workbox-precaching-7.4.1.tgz. Extracting by manifest.
1081 silly tarball no local data for workbox-navigation-preload@https://registry.npmjs.org/workbox-navigation-preload/-/workbox-navigation-preload-7.4.1.tgz. Extracting by manifest.
1082 silly tarball no local data for workbox-google-analytics@https://registry.npmjs.org/workbox-google-analytics/-/workbox-google-analytics-7.4.1.tgz. Extracting by manifest.
1083 silly tarball no local data for workbox-expiration@https://registry.npmjs.org/workbox-expiration/-/workbox-expiration-7.4.1.tgz. Extracting by manifest.
1084 silly tarball no local data for workbox-core@https://registry.npmjs.org/workbox-core/-/workbox-core-7.4.1.tgz. Extracting by manifest.
1085 silly tarball no local data for workbox-cacheable-response@https://registry.npmjs.org/workbox-cacheable-response/-/workbox-cacheable-response-7.4.1.tgz. Extracting by manifest.
1086 silly tarball no local data for workbox-build@https://registry.npmjs.org/workbox-build/-/workbox-build-7.4.1.tgz. Extracting by manifest.
1087 silly tarball no local data for workbox-broadcast-update@https://registry.npmjs.org/workbox-broadcast-update/-/workbox-broadcast-update-7.4.1.tgz. Extracting by manifest.
1088 silly tarball no local data for workbox-background-sync@https://registry.npmjs.org/workbox-background-sync/-/workbox-background-sync-7.4.1.tgz. Extracting by manifest.
1089 silly tarball no local data for word-wrap@https://registry.npmjs.org/word-wrap/-/word-wrap-1.2.5.tgz. Extracting by manifest.
1090 silly tarball no local data for why-is-node-running@https://registry.npmjs.org/why-is-node-running/-/why-is-node-running-2.3.0.tgz. Extracting by manifest.
1091 silly tarball no local data for which-typed-array@https://registry.npmjs.org/which-typed-array/-/which-typed-array-1.1.21.tgz. Extracting by manifest.
1092 silly tarball no local data for which-collection@https://registry.npmjs.org/which-collection/-/which-collection-1.0.2.tgz. Extracting by manifest.
1093 silly tarball no local data for which-builtin-type@https://registry.npmjs.org/which-builtin-type/-/which-builtin-type-1.2.1.tgz. Extracting by manifest.
1094 silly tarball no local data for which-boxed-primitive@https://registry.npmjs.org/which-boxed-primitive/-/which-boxed-primitive-1.1.1.tgz. Extracting by manifest.
1095 silly tarball no local data for whatwg-url@https://registry.npmjs.org/whatwg-url/-/whatwg-url-7.1.0.tgz. Extracting by manifest.
1096 silly tarball no local data for whatwg-encoding@https://registry.npmjs.org/whatwg-encoding/-/whatwg-encoding-2.0.0.tgz. Extracting by manifest.
1097 silly tarball no local data for webidl-conversions@https://registry.npmjs.org/webidl-conversions/-/webidl-conversions-4.0.2.tgz. Extracting by manifest.
1098 silly tarball no local data for webpack-virtual-modules@https://registry.npmjs.org/webpack-virtual-modules/-/webpack-virtual-modules-0.6.2.tgz. Extracting by manifest.
1099 silly tarball no local data for web-namespaces@https://registry.npmjs.org/web-namespaces/-/web-namespaces-2.0.1.tgz. Extracting by manifest.
1100 silly tarball no local data for vitest-browser-svelte@https://registry.npmjs.org/vitest-browser-svelte/-/vitest-browser-svelte-2.1.1.tgz. Extracting by manifest.
1101 silly tarball no local data for vitest@https://registry.npmjs.org/vitest/-/vitest-4.1.10.tgz. Extracting by manifest.
1102 silly tarball no local data for vitefu@https://registry.npmjs.org/vitefu/-/vitefu-1.1.3.tgz. Extracting by manifest.
1103 silly tarball no local data for vite-plugin-pwa@https://registry.npmjs.org/vite-plugin-pwa/-/vite-plugin-pwa-1.3.0.tgz. Extracting by manifest.
1104 silly tarball no local data for vite-plugin-devtools-json@https://registry.npmjs.org/vite-plugin-devtools-json/-/vite-plugin-devtools-json-0.2.1.tgz. Extracting by manifest.
1105 silly tarball no local data for vite@https://registry.npmjs.org/vite/-/vite-7.3.6.tgz. Extracting by manifest.
1106 silly tarball no local data for vfile-message@https://registry.npmjs.org/vfile-message/-/vfile-message-2.0.4.tgz. Extracting by manifest.
1107 silly tarball no local data for vfile-location@https://registry.npmjs.org/vfile-location/-/vfile-location-5.0.3.tgz. Extracting by manifest.
1108 silly tarball no local data for vfile@https://registry.npmjs.org/vfile/-/vfile-6.0.3.tgz. Extracting by manifest.
1109 silly tarball no local data for valibot@https://registry.npmjs.org/valibot/-/valibot-1.4.2.tgz. Extracting by manifest.
1110 silly tarball no local data for uuid@https://registry.npmjs.org/uuid/-/uuid-13.0.2.tgz. Extracting by manifest.
1111 silly tarball no local data for use-sync-external-store@https://registry.npmjs.org/use-sync-external-store/-/use-sync-external-store-1.6.0.tgz. Extracting by manifest.
1112 silly tarball no local data for url-join@https://registry.npmjs.org/url-join/-/url-join-4.0.1.tgz. Extracting by manifest.
1113 silly tarball no local data for uri-template-matcher@https://registry.npmjs.org/uri-template-matcher/-/uri-template-matcher-1.1.2.tgz. Extracting by manifest.
1114 silly tarball no local data for uri-js@https://registry.npmjs.org/uri-js/-/uri-js-4.4.1.tgz. Extracting by manifest.
1115 silly tarball no local data for update-browserslist-db@https://registry.npmjs.org/update-browserslist-db/-/update-browserslist-db-1.2.3.tgz. Extracting by manifest.
1116 silly tarball no local data for upath@https://registry.npmjs.org/upath/-/upath-1.2.0.tgz. Extracting by manifest.
1117 silly tarball no local data for unplugin@https://registry.npmjs.org/unplugin/-/unplugin-2.3.11.tgz. Extracting by manifest.
1118 silly tarball no local data for unist-util-visit@https://registry.npmjs.org/unist-util-visit/-/unist-util-visit-5.1.0.tgz. Extracting by manifest.
1119 silly tarball no local data for unist-util-visit-parents@https://registry.npmjs.org/unist-util-visit-parents/-/unist-util-visit-parents-6.0.2.tgz. Extracting by manifest.
1120 silly tarball no local data for unist-util-stringify-position@https://registry.npmjs.org/unist-util-stringify-position/-/unist-util-stringify-position-4.0.0.tgz. Extracting by manifest.
1121 silly tarball no local data for unist-util-remove-position@https://registry.npmjs.org/unist-util-remove-position/-/unist-util-remove-position-5.0.0.tgz. Extracting by manifest.
1122 silly tarball no local data for unist-util-position@https://registry.npmjs.org/unist-util-position/-/unist-util-position-5.0.0.tgz. Extracting by manifest.
1123 silly tarball no local data for unist-util-is@https://registry.npmjs.org/unist-util-is/-/unist-util-is-6.0.1.tgz. Extracting by manifest.
1124 silly tarball no local data for unist-util-find-after@https://registry.npmjs.org/unist-util-find-after/-/unist-util-find-after-5.0.0.tgz. Extracting by manifest.
1125 silly tarball no local data for unique-string@https://registry.npmjs.org/unique-string/-/unique-string-2.0.0.tgz. Extracting by manifest.
1126 silly tarball no local data for union@https://registry.npmjs.org/union/-/union-0.5.0.tgz. Extracting by manifest.
1127 silly tarball no local data for unified@https://registry.npmjs.org/unified/-/unified-11.0.5.tgz. Extracting by manifest.
1128 silly tarball no local data for unicode-property-aliases-ecmascript@https://registry.npmjs.org/unicode-property-aliases-ecmascript/-/unicode-property-aliases-ecmascript-2.2.0.tgz. Extracting by manifest.
1129 silly tarball no local data for unicode-match-property-value-ecmascript@https://registry.npmjs.org/unicode-match-property-value-ecmascript/-/unicode-match-property-value-ecmascript-2.2.1.tgz. Extracting by manifest.
1130 silly tarball no local data for unicode-match-property-ecmascript@https://registry.npmjs.org/unicode-match-property-ecmascript/-/unicode-match-property-ecmascript-2.0.0.tgz. Extracting by manifest.
1131 silly tarball no local data for unicode-canonical-property-names-ecmascript@https://registry.npmjs.org/unicode-canonical-property-names-ecmascript/-/unicode-canonical-property-names-ecmascript-2.0.1.tgz. Extracting by manifest.
1132 silly tarball no local data for undici-types@https://registry.npmjs.org/undici-types/-/undici-types-7.18.2.tgz. Extracting by manifest.
1133 silly tarball no local data for unconfig-core@https://registry.npmjs.org/unconfig-core/-/unconfig-core-7.5.0.tgz. Extracting by manifest.
1134 silly tarball no local data for unconfig@https://registry.npmjs.org/unconfig/-/unconfig-7.5.0.tgz. Extracting by manifest.
1135 silly tarball no local data for unbox-primitive@https://registry.npmjs.org/unbox-primitive/-/unbox-primitive-1.1.0.tgz. Extracting by manifest.
1136 silly tarball no local data for typescript-eslint@https://registry.npmjs.org/typescript-eslint/-/typescript-eslint-8.60.1.tgz. Extracting by manifest.
1137 silly tarball no local data for typescript@https://registry.npmjs.org/typescript/-/typescript-5.9.3.tgz. Extracting by manifest.
1138 silly tarball no local data for typed-array-length@https://registry.npmjs.org/typed-array-length/-/typed-array-length-1.0.8.tgz. Extracting by manifest.
1139 silly tarball no local data for typed-array-byte-offset@https://registry.npmjs.org/typed-array-byte-offset/-/typed-array-byte-offset-1.0.4.tgz. Extracting by manifest.
1140 silly tarball no local data for typed-array-byte-length@https://registry.npmjs.org/typed-array-byte-length/-/typed-array-byte-length-1.0.3.tgz. Extracting by manifest.
1141 silly tarball no local data for typed-array-buffer@https://registry.npmjs.org/typed-array-buffer/-/typed-array-buffer-1.0.3.tgz. Extracting by manifest.
1142 silly tarball no local data for type-is@https://registry.npmjs.org/type-is/-/type-is-2.1.0.tgz. Extracting by manifest.
1143 silly tarball no local data for type-fest@https://registry.npmjs.org/type-fest/-/type-fest-2.19.0.tgz. Extracting by manifest.
1144 silly tarball no local data for type-check@https://registry.npmjs.org/type-check/-/type-check-0.4.0.tgz. Extracting by manifest.
1145 silly tarball no local data for tw-animate-css@https://registry.npmjs.org/tw-animate-css/-/tw-animate-css-1.4.0.tgz. Extracting by manifest.
1146 silly tarball no local data for ts-dedent@https://registry.npmjs.org/ts-dedent/-/ts-dedent-2.2.0.tgz. Extracting by manifest.
1147 silly tarball no local data for ts-api-utils@https://registry.npmjs.org/ts-api-utils/-/ts-api-utils-2.5.0.tgz. Extracting by manifest.
1148 silly tarball no local data for trough@https://registry.npmjs.org/trough/-/trough-2.2.0.tgz. Extracting by manifest.
1149 silly tarball no local data for trim-lines@https://registry.npmjs.org/trim-lines/-/trim-lines-3.0.1.tgz. Extracting by manifest.
1150 silly tarball no local data for tr46@https://registry.npmjs.org/tr46/-/tr46-1.0.1.tgz. Extracting by manifest.
1151 silly tarball no local data for totalist@https://registry.npmjs.org/totalist/-/totalist-3.0.1.tgz. Extracting by manifest.
1152 silly tarball no local data for to-data-view@https://registry.npmjs.org/to-data-view/-/to-data-view-1.1.0.tgz. Extracting by manifest.
1153 silly tarball no local data for tmcp@https://registry.npmjs.org/tmcp/-/tmcp-1.19.4.tgz. Extracting by manifest.
1154 silly tarball no local data for tinyspy@https://registry.npmjs.org/tinyspy/-/tinyspy-4.0.4.tgz. Extracting by manifest.
1155 silly tarball no local data for tinyrainbow@https://registry.npmjs.org/tinyrainbow/-/tinyrainbow-3.1.1.tgz. Extracting by manifest.
1156 silly tarball no local data for tinyexec@https://registry.npmjs.org/tinyexec/-/tinyexec-1.2.4.tgz. Extracting by manifest.
1157 silly tarball no local data for tinybench@https://registry.npmjs.org/tinybench/-/tinybench-2.9.0.tgz. Extracting by manifest.
1158 silly tarball no local data for tiny-invariant@https://registry.npmjs.org/tiny-invariant/-/tiny-invariant-1.3.3.tgz. Extracting by manifest.
1159 silly tarball no local data for terser@https://registry.npmjs.org/terser/-/terser-5.48.0.tgz. Extracting by manifest.
1160 silly tarball no local data for tempy@https://registry.npmjs.org/tempy/-/tempy-0.6.0.tgz. Extracting by manifest.
1161 silly tarball no local data for temp-dir@https://registry.npmjs.org/temp-dir/-/temp-dir-2.0.0.tgz. Extracting by manifest.
1162 silly tarball no local data for tailwindcss@https://registry.npmjs.org/tailwindcss/-/tailwindcss-4.3.0.tgz. Extracting by manifest.
1163 silly tarball no local data for tailwind-variants@https://registry.npmjs.org/tailwind-variants/-/tailwind-variants-3.2.2.tgz. Extracting by manifest.
1164 silly tarball no local data for tailwind-merge@https://registry.npmjs.org/tailwind-merge/-/tailwind-merge-3.6.0.tgz. Extracting by manifest.
1165 silly tarball no local data for tagged-tag@https://registry.npmjs.org/tagged-tag/-/tagged-tag-1.0.0.tgz. Extracting by manifest.
1166 silly tarball no local data for tabbable@https://registry.npmjs.org/tabbable/-/tabbable-6.4.0.tgz. Extracting by manifest.
1167 silly tarball no local data for svelte2tsx@https://registry.npmjs.org/svelte2tsx/-/svelte2tsx-0.7.59.tgz. Extracting by manifest.
1168 silly tarball no local data for svelte-toolbelt@https://registry.npmjs.org/svelte-toolbelt/-/svelte-toolbelt-0.10.6.tgz. Extracting by manifest.
1169 silly tarball no local data for svelte-sonner@https://registry.npmjs.org/svelte-sonner/-/svelte-sonner-1.1.1.tgz. Extracting by manifest.
1170 silly tarball no local data for svelte-eslint-parser@https://registry.npmjs.org/svelte-eslint-parser/-/svelte-eslint-parser-1.8.0.tgz. Extracting by manifest.
1171 silly tarball no local data for svelte-check@https://registry.npmjs.org/svelte-check/-/svelte-check-4.6.0.tgz. Extracting by manifest.
1172 silly tarball no local data for svelte-ast-print@https://registry.npmjs.org/svelte-ast-print/-/svelte-ast-print-0.4.2.tgz. Extracting by manifest.
1173 silly tarball no local data for svelte@https://registry.npmjs.org/svelte/-/svelte-5.56.1.tgz. Extracting by manifest.
1174 silly tarball no local data for supports-preserve-symlinks-flag@https://registry.npmjs.org/supports-preserve-symlinks-flag/-/supports-preserve-symlinks-flag-1.0.0.tgz. Extracting by manifest.
1175 silly tarball no local data for supports-color@https://registry.npmjs.org/supports-color/-/supports-color-7.2.0.tgz. Extracting by manifest.
1176 silly tarball no local data for stylis@https://registry.npmjs.org/stylis/-/stylis-4.4.0.tgz. Extracting by manifest.
1177 silly tarball no local data for style-to-object@https://registry.npmjs.org/style-to-object/-/style-to-object-1.0.14.tgz. Extracting by manifest.
1178 silly tarball no local data for strip-json-comments@https://registry.npmjs.org/strip-json-comments/-/strip-json-comments-3.1.1.tgz. Extracting by manifest.
1179 silly tarball no local data for strip-indent@https://registry.npmjs.org/strip-indent/-/strip-indent-3.0.0.tgz. Extracting by manifest.
1180 silly tarball no local data for strip-comments@https://registry.npmjs.org/strip-comments/-/strip-comments-2.0.1.tgz. Extracting by manifest.
1181 silly tarball no local data for strip-ansi@https://registry.npmjs.org/strip-ansi/-/strip-ansi-7.2.0.tgz. Extracting by manifest.
1182 silly tarball no local data for stringify-object@https://registry.npmjs.org/stringify-object/-/stringify-object-3.3.0.tgz. Extracting by manifest.
1183 silly tarball no local data for stringify-entities@https://registry.npmjs.org/stringify-entities/-/stringify-entities-4.0.4.tgz. Extracting by manifest.
1184 silly tarball no local data for string.prototype.trimstart@https://registry.npmjs.org/string.prototype.trimstart/-/string.prototype.trimstart-1.0.8.tgz. Extracting by manifest.
1185 silly tarball no local data for string.prototype.trimend@https://registry.npmjs.org/string.prototype.trimend/-/string.prototype.trimend-1.0.9.tgz. Extracting by manifest.
1186 silly tarball no local data for string.prototype.trim@https://registry.npmjs.org/string.prototype.trim/-/string.prototype.trim-1.2.10.tgz. Extracting by manifest.
1187 silly tarball no local data for string.prototype.matchall@https://registry.npmjs.org/string.prototype.matchall/-/string.prototype.matchall-4.0.12.tgz. Extracting by manifest.
1188 silly tarball no local data for storybook@https://registry.npmjs.org/storybook/-/storybook-10.5.6.tgz. Extracting by manifest.
1189 silly tarball no local data for stop-iteration-iterator@https://registry.npmjs.org/stop-iteration-iterator/-/stop-iteration-iterator-1.1.0.tgz. Extracting by manifest.
1190 silly tarball no local data for std-env@https://registry.npmjs.org/std-env/-/std-env-4.1.0.tgz. Extracting by manifest.
1191 silly tarball no local data for stackback@https://registry.npmjs.org/stackback/-/stackback-0.0.2.tgz. Extracting by manifest.
1192 silly tarball no local data for sqids@https://registry.npmjs.org/sqids/-/sqids-0.3.0.tgz. Extracting by manifest.
1193 silly tarball no local data for space-separated-tokens@https://registry.npmjs.org/space-separated-tokens/-/space-separated-tokens-2.0.2.tgz. Extracting by manifest.
1194 silly tarball no local data for source-map-support@https://registry.npmjs.org/source-map-support/-/source-map-support-0.5.21.tgz. Extracting by manifest.
1195 silly tarball no local data for source-map@https://registry.npmjs.org/source-map/-/source-map-0.6.1.tgz. Extracting by manifest.
1196 silly tarball no local data for smob@https://registry.npmjs.org/smob/-/smob-1.6.2.tgz. Extracting by manifest.
1197 silly tarball no local data for sirv@https://registry.npmjs.org/sirv/-/sirv-3.0.2.tgz. Extracting by manifest.
1198 silly tarball no local data for signal-exit@https://registry.npmjs.org/signal-exit/-/signal-exit-4.1.0.tgz. Extracting by manifest.
1199 silly tarball no local data for siginfo@https://registry.npmjs.org/siginfo/-/siginfo-2.0.0.tgz. Extracting by manifest.
1200 silly tarball no local data for side-channel@https://registry.npmjs.org/side-channel/-/side-channel-1.1.0.tgz. Extracting by manifest.
1201 silly tarball no local data for sharp-ico@https://registry.npmjs.org/sharp-ico/-/sharp-ico-0.1.5.tgz. Extracting by manifest.
1202 silly tarball no local data for sharp@https://registry.npmjs.org/sharp/-/sharp-0.35.3.tgz. Extracting by manifest.
1203 silly tarball no local data for set-proto@https://registry.npmjs.org/set-proto/-/set-proto-1.0.0.tgz. Extracting by manifest.
1204 silly tarball no local data for set-function-name@https://registry.npmjs.org/set-function-name/-/set-function-name-2.0.2.tgz. Extracting by manifest.
1205 silly tarball no local data for set-function-length@https://registry.npmjs.org/set-function-length/-/set-function-length-1.2.2.tgz. Extracting by manifest.
1206 silly tarball no local data for set-cookie-parser@https://registry.npmjs.org/set-cookie-parser/-/set-cookie-parser-3.1.0.tgz. Extracting by manifest.
1207 silly tarball no local data for serve-static@https://registry.npmjs.org/serve-static/-/serve-static-2.2.1.tgz. Extracting by manifest.
1208 silly tarball no local data for serialize-javascript@https://registry.npmjs.org/serialize-javascript/-/serialize-javascript-7.0.5.tgz. Extracting by manifest.
1209 silly tarball no local data for send@https://registry.npmjs.org/send/-/send-1.2.1.tgz. Extracting by manifest.
1210 silly tarball no local data for secure-compare@https://registry.npmjs.org/secure-compare/-/secure-compare-3.0.1.tgz. Extracting by manifest.
1211 silly tarball no local data for scule@https://registry.npmjs.org/scule/-/scule-1.3.0.tgz. Extracting by manifest.
1212 silly tarball no local data for sass@https://registry.npmjs.org/sass/-/sass-1.100.0.tgz. Extracting by manifest.
1213 silly tarball no local data for safe-regex-test@https://registry.npmjs.org/safe-regex-test/-/safe-regex-test-1.1.0.tgz. Extracting by manifest.
1214 silly tarball no local data for safe-push-apply@https://registry.npmjs.org/safe-push-apply/-/safe-push-apply-1.0.0.tgz. Extracting by manifest.
1215 silly tarball no local data for safe-array-concat@https://registry.npmjs.org/safe-array-concat/-/safe-array-concat-1.1.4.tgz. Extracting by manifest.
1216 silly tarball no local data for sade@https://registry.npmjs.org/sade/-/sade-1.8.1.tgz. Extracting by manifest.
1217 silly tarball no local data for rw@https://registry.npmjs.org/rw/-/rw-1.3.3.tgz. Extracting by manifest.
1218 silly tarball no local data for runed@https://registry.npmjs.org/runed/-/runed-0.35.1.tgz. Extracting by manifest.
1219 silly tarball no local data for router@https://registry.npmjs.org/router/-/router-2.2.0.tgz. Extracting by manifest.
1220 silly tarball no local data for run-applescript@https://registry.npmjs.org/run-applescript/-/run-applescript-7.1.0.tgz. Extracting by manifest.
1221 silly tarball no local data for roughjs@https://registry.npmjs.org/roughjs/-/roughjs-4.6.6.tgz. Extracting by manifest.
1222 silly tarball no local data for rollup@https://registry.npmjs.org/rollup/-/rollup-4.61.1.tgz. Extracting by manifest.
1223 silly tarball no local data for robust-predicates@https://registry.npmjs.org/robust-predicates/-/robust-predicates-3.0.3.tgz. Extracting by manifest.
1224 silly tarball no local data for resolve-from@https://registry.npmjs.org/resolve-from/-/resolve-from-4.0.0.tgz. Extracting by manifest.
1225 silly tarball no local data for resolve@https://registry.npmjs.org/resolve/-/resolve-1.22.12.tgz. Extracting by manifest.
1226 silly tarball no local data for requires-port@https://registry.npmjs.org/requires-port/-/requires-port-1.0.0.tgz. Extracting by manifest.
1227 silly tarball no local data for require-from-string@https://registry.npmjs.org/require-from-string/-/require-from-string-2.0.2.tgz. Extracting by manifest.
1228 silly tarball no local data for remark-stringify@https://registry.npmjs.org/remark-stringify/-/remark-stringify-11.0.0.tgz. Extracting by manifest.
1229 silly tarball no local data for remark-rehype@https://registry.npmjs.org/remark-rehype/-/remark-rehype-11.1.2.tgz. Extracting by manifest.
1230 silly tarball no local data for remark-parse@https://registry.npmjs.org/remark-parse/-/remark-parse-11.0.0.tgz. Extracting by manifest.
1231 silly tarball no local data for remark-math@https://registry.npmjs.org/remark-math/-/remark-math-6.0.0.tgz. Extracting by manifest.
1232 silly tarball no local data for remark-html@https://registry.npmjs.org/remark-html/-/remark-html-16.0.1.tgz. Extracting by manifest.
1233 silly tarball no local data for remark-gfm@https://registry.npmjs.org/remark-gfm/-/remark-gfm-4.0.1.tgz. Extracting by manifest.
1234 silly tarball no local data for remark-breaks@https://registry.npmjs.org/remark-breaks/-/remark-breaks-4.0.0.tgz. Extracting by manifest.
1235 silly tarball no local data for remark@https://registry.npmjs.org/remark/-/remark-15.0.1.tgz. Extracting by manifest.
1236 silly tarball no local data for rehype-stringify@https://registry.npmjs.org/rehype-stringify/-/rehype-stringify-10.0.1.tgz. Extracting by manifest.
1237 silly tarball no local data for rehype-katex@https://registry.npmjs.org/rehype-katex/-/rehype-katex-7.0.1.tgz. Extracting by manifest.
1238 silly tarball no local data for rehype-highlight@https://registry.npmjs.org/rehype-highlight/-/rehype-highlight-7.0.2.tgz. Extracting by manifest.
1239 silly tarball no local data for regjsparser@https://registry.npmjs.org/regjsparser/-/regjsparser-0.13.1.tgz. Extracting by manifest.
1240 silly tarball no local data for regjsgen@https://registry.npmjs.org/regjsgen/-/regjsgen-0.8.0.tgz. Extracting by manifest.
1241 silly tarball no local data for regexpu-core@https://registry.npmjs.org/regexpu-core/-/regexpu-core-6.4.0.tgz. Extracting by manifest.
1242 silly tarball no local data for regexp.prototype.flags@https://registry.npmjs.org/regexp.prototype.flags/-/regexp.prototype.flags-1.5.4.tgz. Extracting by manifest.
1243 silly tarball no local data for regenerate-unicode-properties@https://registry.npmjs.org/regenerate-unicode-properties/-/regenerate-unicode-properties-10.2.2.tgz. Extracting by manifest.
1244 silly tarball no local data for regenerate@https://registry.npmjs.org/regenerate/-/regenerate-1.4.2.tgz. Extracting by manifest.
1245 silly tarball no local data for reflect.getprototypeof@https://registry.npmjs.org/reflect.getprototypeof/-/reflect.getprototypeof-1.0.10.tgz. Extracting by manifest.
1246 silly tarball no local data for redent@https://registry.npmjs.org/redent/-/redent-3.0.0.tgz. Extracting by manifest.
1247 silly tarball no local data for recast@https://registry.npmjs.org/recast/-/recast-0.23.11.tgz. Extracting by manifest.
1248 silly tarball no local data for readdirp@https://registry.npmjs.org/readdirp/-/readdirp-5.0.0.tgz. Extracting by manifest.
1249 silly tarball no local data for react-is@https://registry.npmjs.org/react-is/-/react-is-17.0.2.tgz. Extracting by manifest.
1250 silly tarball no local data for react-dom@https://registry.npmjs.org/react-dom/-/react-dom-19.2.7.tgz. Extracting by manifest.
1251 silly tarball no local data for react@https://registry.npmjs.org/react/-/react-19.2.7.tgz. Extracting by manifest.
1252 silly tarball no local data for raw-body@https://registry.npmjs.org/raw-body/-/raw-body-3.0.2.tgz. Extracting by manifest.
1253 silly tarball no local data for quansync@https://registry.npmjs.org/quansync/-/quansync-1.0.0.tgz. Extracting by manifest.
1254 silly tarball no local data for qs@https://registry.npmjs.org/qs/-/qs-6.15.2.tgz. Extracting by manifest.
1255 silly tarball no local data for punycode@https://registry.npmjs.org/punycode/-/punycode-2.3.1.tgz. Extracting by manifest.
1256 silly tarball no local data for property-information@https://registry.npmjs.org/property-information/-/property-information-7.2.0.tgz. Extracting by manifest.
1257 silly tarball no local data for prismjs@https://registry.npmjs.org/prismjs/-/prismjs-1.30.0.tgz. Extracting by manifest.
1258 silly tarball no local data for prism-svelte@https://registry.npmjs.org/prism-svelte/-/prism-svelte-0.4.7.tgz. Extracting by manifest.
1259 silly tarball no local data for pretty-format@https://registry.npmjs.org/pretty-format/-/pretty-format-27.5.1.tgz. Extracting by manifest.
1260 silly tarball no local data for pretty-bytes@https://registry.npmjs.org/pretty-bytes/-/pretty-bytes-6.1.1.tgz. Extracting by manifest.
1261 silly tarball no local data for prettier-plugin-tailwindcss@https://registry.npmjs.org/prettier-plugin-tailwindcss/-/prettier-plugin-tailwindcss-0.8.0.tgz. Extracting by manifest.
1262 silly tarball no local data for prettier-plugin-svelte@https://registry.npmjs.org/prettier-plugin-svelte/-/prettier-plugin-svelte-4.1.0.tgz. Extracting by manifest.
1263 silly tarball no local data for prettier@https://registry.npmjs.org/prettier/-/prettier-3.8.3.tgz. Extracting by manifest.
1264 silly tarball no local data for prelude-ls@https://registry.npmjs.org/prelude-ls/-/prelude-ls-1.2.1.tgz. Extracting by manifest.
1265 silly tarball no local data for postcss-selector-parser@https://registry.npmjs.org/postcss-selector-parser/-/postcss-selector-parser-6.0.10.tgz. Extracting by manifest.
1266 silly tarball no local data for postcss-scss@https://registry.npmjs.org/postcss-scss/-/postcss-scss-4.0.9.tgz. Extracting by manifest.
1267 silly tarball no local data for postcss-safe-parser@https://registry.npmjs.org/postcss-safe-parser/-/postcss-safe-parser-7.0.1.tgz. Extracting by manifest.
1268 silly tarball no local data for postcss-load-config@https://registry.npmjs.org/postcss-load-config/-/postcss-load-config-3.1.4.tgz. Extracting by manifest.
1269 silly tarball no local data for postcss@https://registry.npmjs.org/postcss/-/postcss-8.5.25.tgz. Extracting by manifest.
1270 silly tarball no local data for possible-typed-array-names@https://registry.npmjs.org/possible-typed-array-names/-/possible-typed-array-names-1.1.0.tgz. Extracting by manifest.
1271 silly tarball no local data for portfinder@https://registry.npmjs.org/portfinder/-/portfinder-1.0.38.tgz. Extracting by manifest.
1272 silly tarball no local data for points-on-path@https://registry.npmjs.org/points-on-path/-/points-on-path-0.2.1.tgz. Extracting by manifest.
1273 silly tarball no local data for points-on-curve@https://registry.npmjs.org/points-on-curve/-/points-on-curve-0.2.0.tgz. Extracting by manifest.
1274 silly tarball no local data for pngjs@https://registry.npmjs.org/pngjs/-/pngjs-7.0.0.tgz. Extracting by manifest.
1275 silly tarball no local data for playwright-core@https://registry.npmjs.org/playwright-core/-/playwright-core-1.56.1.tgz. Extracting by manifest.
1276 silly tarball no local data for playwright@https://registry.npmjs.org/playwright/-/playwright-1.56.1.tgz. Extracting by manifest.
1277 silly tarball no local data for pkce-challenge@https://registry.npmjs.org/pkce-challenge/-/pkce-challenge-5.0.1.tgz. Extracting by manifest.
1278 silly tarball no local data for picoquery@https://registry.npmjs.org/picoquery/-/picoquery-2.5.0.tgz. Extracting by manifest.
1279 silly tarball no local data for picomatch@https://registry.npmjs.org/picomatch/-/picomatch-4.0.4.tgz. Extracting by manifest.
1280 silly tarball no local data for pathval@https://registry.npmjs.org/pathval/-/pathval-2.0.1.tgz. Extracting by manifest.
1281 silly tarball no local data for pdfjs-dist@https://registry.npmjs.org/pdfjs-dist/-/pdfjs-dist-5.4.54.tgz. Extracting by manifest.
1282 silly tarball no local data for path-to-regexp@https://registry.npmjs.org/path-to-regexp/-/path-to-regexp-8.4.2.tgz. Extracting by manifest.
1283 silly tarball no local data for pathe@https://registry.npmjs.org/pathe/-/pathe-2.0.3.tgz. Extracting by manifest.
1284 silly tarball no local data for path-parse@https://registry.npmjs.org/path-parse/-/path-parse-1.0.7.tgz. Extracting by manifest.
1285 silly tarball no local data for path-exists@https://registry.npmjs.org/path-exists/-/path-exists-4.0.0.tgz. Extracting by manifest.
1286 silly tarball no local data for path-data-parser@https://registry.npmjs.org/path-data-parser/-/path-data-parser-0.1.0.tgz. Extracting by manifest.
1287 silly tarball no local data for parse5@https://registry.npmjs.org/parse5/-/parse5-7.3.0.tgz. Extracting by manifest.
1288 silly tarball no local data for parent-module@https://registry.npmjs.org/parent-module/-/parent-module-1.0.1.tgz. Extracting by manifest.
1289 silly tarball no local data for package-manager-detector@https://registry.npmjs.org/package-manager-detector/-/package-manager-detector-1.6.0.tgz. Extracting by manifest.
1290 silly tarball no local data for p-locate@https://registry.npmjs.org/p-locate/-/p-locate-5.0.0.tgz. Extracting by manifest.
1291 silly tarball no local data for p-limit@https://registry.npmjs.org/p-limit/-/p-limit-3.1.0.tgz. Extracting by manifest.
1292 silly tarball no local data for oxc-resolver@https://registry.npmjs.org/oxc-resolver/-/oxc-resolver-11.20.0.tgz. Extracting by manifest.
1293 silly tarball no local data for oxc-parser@https://registry.npmjs.org/oxc-parser/-/oxc-parser-0.127.0.tgz. Extracting by manifest.
1294 silly tarball no local data for optionator@https://registry.npmjs.org/optionator/-/optionator-0.9.4.tgz. Extracting by manifest.
1295 silly tarball no local data for own-keys@https://registry.npmjs.org/own-keys/-/own-keys-1.0.1.tgz. Extracting by manifest.
1296 silly tarball no local data for opener@https://registry.npmjs.org/opener/-/opener-1.5.2.tgz. Extracting by manifest.
1297 silly tarball no local data for open@https://registry.npmjs.org/open/-/open-10.2.0.tgz. Extracting by manifest.
1298 silly tarball no local data for once@https://registry.npmjs.org/once/-/once-1.4.0.tgz. Extracting by manifest.
1299 silly tarball no local data for obug@https://registry.npmjs.org/obug/-/obug-2.1.2.tgz. Extracting by manifest.
1300 silly tarball no local data for object.assign@https://registry.npmjs.org/object.assign/-/object.assign-4.1.7.tgz. Extracting by manifest.
1301 silly tarball no local data for object-keys@https://registry.npmjs.org/object-keys/-/object-keys-1.1.1.tgz. Extracting by manifest.
1302 silly tarball no local data for object-assign@https://registry.npmjs.org/object-assign/-/object-assign-4.1.1.tgz. Extracting by manifest.
1303 silly tarball no local data for node-releases@https://registry.npmjs.org/node-releases/-/node-releases-2.0.47.tgz. Extracting by manifest.
1304 silly tarball no local data for node-addon-api@https://registry.npmjs.org/node-addon-api/-/node-addon-api-7.1.1.tgz. Extracting by manifest.
1305 silly tarball no local data for natural-orderby@https://registry.npmjs.org/natural-orderby/-/natural-orderby-5.0.0.tgz. Extracting by manifest.
1306 silly tarball no local data for negotiator@https://registry.npmjs.org/negotiator/-/negotiator-1.0.0.tgz. Extracting by manifest.
1307 silly tarball no local data for natural-compare@https://registry.npmjs.org/natural-compare/-/natural-compare-1.4.0.tgz. Extracting by manifest.
1308 silly tarball no local data for nanoid@https://registry.npmjs.org/nanoid/-/nanoid-3.3.17.tgz. Extracting by manifest.
1309 silly tarball no local data for mrmime@https://registry.npmjs.org/mrmime/-/mrmime-2.0.1.tgz. Extracting by manifest.
1310 silly tarball no local data for mri@https://registry.npmjs.org/mri/-/mri-1.2.0.tgz. Extracting by manifest.
1311 silly tarball no local data for mode-watcher@https://registry.npmjs.org/mode-watcher/-/mode-watcher-1.1.0.tgz. Extracting by manifest.
1312 silly tarball no local data for minimist@https://registry.npmjs.org/minimist/-/minimist-1.2.8.tgz. Extracting by manifest.
1313 silly tarball no local data for minimatch@https://registry.npmjs.org/minimatch/-/minimatch-3.1.5.tgz. Extracting by manifest.
1314 silly tarball no local data for mini-svg-data-uri@https://registry.npmjs.org/mini-svg-data-uri/-/mini-svg-data-uri-1.4.4.tgz. Extracting by manifest.
1315 silly tarball no local data for min-indent@https://registry.npmjs.org/min-indent/-/min-indent-1.0.1.tgz. Extracting by manifest.
1316 silly tarball no local data for mime-types@https://registry.npmjs.org/mime-types/-/mime-types-3.0.2.tgz. Extracting by manifest.
1317 silly tarball no local data for mime-db@https://registry.npmjs.org/mime-db/-/mime-db-1.54.0.tgz. Extracting by manifest.
1318 silly tarball no local data for micromark-util-types@https://registry.npmjs.org/micromark-util-types/-/micromark-util-types-2.0.2.tgz. Extracting by manifest.
1319 silly tarball no local data for micromark-util-symbol@https://registry.npmjs.org/micromark-util-symbol/-/micromark-util-symbol-2.0.1.tgz. Extracting by manifest.
1320 silly tarball no local data for micromark-util-subtokenize@https://registry.npmjs.org/micromark-util-subtokenize/-/micromark-util-subtokenize-2.1.0.tgz. Extracting by manifest.
1321 silly tarball no local data for micromark-util-sanitize-uri@https://registry.npmjs.org/micromark-util-sanitize-uri/-/micromark-util-sanitize-uri-2.0.1.tgz. Extracting by manifest.
1322 silly tarball no local data for micromark-util-resolve-all@https://registry.npmjs.org/micromark-util-resolve-all/-/micromark-util-resolve-all-2.0.1.tgz. Extracting by manifest.
1323 silly tarball no local data for micromark-util-normalize-identifier@https://registry.npmjs.org/micromark-util-normalize-identifier/-/micromark-util-normalize-identifier-2.0.1.tgz. Extracting by manifest.
1324 silly tarball no local data for micromark-util-html-tag-name@https://registry.npmjs.org/micromark-util-html-tag-name/-/micromark-util-html-tag-name-2.0.1.tgz. Extracting by manifest.
1325 silly tarball no local data for micromark-util-encode@https://registry.npmjs.org/micromark-util-encode/-/micromark-util-encode-2.0.1.tgz. Extracting by manifest.
1326 silly tarball no local data for micromark-util-decode-string@https://registry.npmjs.org/micromark-util-decode-string/-/micromark-util-decode-string-2.0.1.tgz. Extracting by manifest.
1327 silly tarball no local data for micromark-util-decode-numeric-character-reference@https://registry.npmjs.org/micromark-util-decode-numeric-character-reference/-/micromark-util-decode-numeric-character-reference-2.0.2.tgz. Extracting by manifest.
1328 silly tarball no local data for micromark-util-combine-extensions@https://registry.npmjs.org/micromark-util-combine-extensions/-/micromark-util-combine-extensions-2.0.1.tgz. Extracting by manifest.
1329 silly tarball no local data for micromark-util-classify-character@https://registry.npmjs.org/micromark-util-classify-character/-/micromark-util-classify-character-2.0.1.tgz. Extracting by manifest.
1330 silly tarball no local data for micromark-util-chunked@https://registry.npmjs.org/micromark-util-chunked/-/micromark-util-chunked-2.0.1.tgz. Extracting by manifest.
1331 silly tarball no local data for micromark-util-character@https://registry.npmjs.org/micromark-util-character/-/micromark-util-character-2.1.1.tgz. Extracting by manifest.
1332 silly tarball no local data for micromark-factory-whitespace@https://registry.npmjs.org/micromark-factory-whitespace/-/micromark-factory-whitespace-2.0.1.tgz. Extracting by manifest.
1333 silly tarball no local data for micromark-factory-title@https://registry.npmjs.org/micromark-factory-title/-/micromark-factory-title-2.0.1.tgz. Extracting by manifest.
1334 silly tarball no local data for micromark-factory-space@https://registry.npmjs.org/micromark-factory-space/-/micromark-factory-space-2.0.1.tgz. Extracting by manifest.
1335 silly tarball no local data for micromark-factory-label@https://registry.npmjs.org/micromark-factory-label/-/micromark-factory-label-2.0.1.tgz. Extracting by manifest.
1336 silly tarball no local data for micromark-factory-destination@https://registry.npmjs.org/micromark-factory-destination/-/micromark-factory-destination-2.0.1.tgz. Extracting by manifest.
1337 silly tarball no local data for micromark-extension-math@https://registry.npmjs.org/micromark-extension-math/-/micromark-extension-math-3.1.0.tgz. Extracting by manifest.
1338 silly tarball no local data for micromark-extension-gfm-task-list-item@https://registry.npmjs.org/micromark-extension-gfm-task-list-item/-/micromark-extension-gfm-task-list-item-2.1.0.tgz. Extracting by manifest.
1339 silly tarball no local data for micromark-extension-gfm-tagfilter@https://registry.npmjs.org/micromark-extension-gfm-tagfilter/-/micromark-extension-gfm-tagfilter-2.0.0.tgz. Extracting by manifest.
1340 silly tarball no local data for micromark-extension-gfm-table@https://registry.npmjs.org/micromark-extension-gfm-table/-/micromark-extension-gfm-table-2.1.1.tgz. Extracting by manifest.
1341 silly tarball no local data for micromark-extension-gfm-strikethrough@https://registry.npmjs.org/micromark-extension-gfm-strikethrough/-/micromark-extension-gfm-strikethrough-2.1.0.tgz. Extracting by manifest.
1342 silly tarball no local data for micromark-extension-gfm-footnote@https://registry.npmjs.org/micromark-extension-gfm-footnote/-/micromark-extension-gfm-footnote-2.1.0.tgz. Extracting by manifest.
1343 silly tarball no local data for micromark-extension-gfm-autolink-literal@https://registry.npmjs.org/micromark-extension-gfm-autolink-literal/-/micromark-extension-gfm-autolink-literal-2.1.0.tgz. Extracting by manifest.
1344 silly tarball no local data for micromark-extension-gfm@https://registry.npmjs.org/micromark-extension-gfm/-/micromark-extension-gfm-3.0.0.tgz. Extracting by manifest.
1345 silly tarball no local data for micromark-core-commonmark@https://registry.npmjs.org/micromark-core-commonmark/-/micromark-core-commonmark-2.0.3.tgz. Extracting by manifest.
1346 silly tarball no local data for micromark@https://registry.npmjs.org/micromark/-/micromark-4.0.2.tgz. Extracting by manifest.
1347 silly tarball no local data for mermaid@https://registry.npmjs.org/mermaid/-/mermaid-11.15.0.tgz. Extracting by manifest.
1348 silly tarball no local data for merge-descriptors@https://registry.npmjs.org/merge-descriptors/-/merge-descriptors-2.0.0.tgz. Extracting by manifest.
1349 silly tarball no local data for media-typer@https://registry.npmjs.org/media-typer/-/media-typer-1.1.0.tgz. Extracting by manifest.
1350 silly tarball no local data for mdsvex@https://registry.npmjs.org/mdsvex/-/mdsvex-0.12.7.tgz. Extracting by manifest.
1351 silly tarball no local data for mdast-util-to-string@https://registry.npmjs.org/mdast-util-to-string/-/mdast-util-to-string-4.0.0.tgz. Extracting by manifest.
1352 silly tarball no local data for mdast-util-to-markdown@https://registry.npmjs.org/mdast-util-to-markdown/-/mdast-util-to-markdown-2.1.2.tgz. Extracting by manifest.
1353 silly tarball no local data for mdast-util-to-hast@https://registry.npmjs.org/mdast-util-to-hast/-/mdast-util-to-hast-13.2.1.tgz. Extracting by manifest.
1354 silly tarball no local data for mdast-util-phrasing@https://registry.npmjs.org/mdast-util-phrasing/-/mdast-util-phrasing-4.1.0.tgz. Extracting by manifest.
1355 silly tarball no local data for mdast-util-newline-to-break@https://registry.npmjs.org/mdast-util-newline-to-break/-/mdast-util-newline-to-break-2.0.0.tgz. Extracting by manifest.
1356 silly tarball no local data for mdast-util-math@https://registry.npmjs.org/mdast-util-math/-/mdast-util-math-3.0.0.tgz. Extracting by manifest.
1357 silly tarball no local data for mdast-util-gfm-task-list-item@https://registry.npmjs.org/mdast-util-gfm-task-list-item/-/mdast-util-gfm-task-list-item-2.0.0.tgz. Extracting by manifest.
1358 silly tarball no local data for mdast-util-gfm-table@https://registry.npmjs.org/mdast-util-gfm-table/-/mdast-util-gfm-table-2.0.0.tgz. Extracting by manifest.
1359 silly tarball no local data for mdast-util-gfm-footnote@https://registry.npmjs.org/mdast-util-gfm-footnote/-/mdast-util-gfm-footnote-2.1.0.tgz. Extracting by manifest.
1360 silly tarball no local data for mdast-util-gfm-strikethrough@https://registry.npmjs.org/mdast-util-gfm-strikethrough/-/mdast-util-gfm-strikethrough-2.0.0.tgz. Extracting by manifest.
1361 silly tarball no local data for mdast-util-gfm-autolink-literal@https://registry.npmjs.org/mdast-util-gfm-autolink-literal/-/mdast-util-gfm-autolink-literal-2.0.1.tgz. Extracting by manifest.
1362 silly tarball no local data for mdast-util-gfm@https://registry.npmjs.org/mdast-util-gfm/-/mdast-util-gfm-3.1.0.tgz. Extracting by manifest.
1363 silly tarball no local data for mdast-util-from-markdown@https://registry.npmjs.org/mdast-util-from-markdown/-/mdast-util-from-markdown-2.0.3.tgz. Extracting by manifest.
1364 silly tarball no local data for mdast-util-find-and-replace@https://registry.npmjs.org/mdast-util-find-and-replace/-/mdast-util-find-and-replace-3.0.2.tgz. Extracting by manifest.
1365 silly tarball no local data for mdast@https://registry.npmjs.org/mdast/-/mdast-3.0.0.tgz. Extracting by manifest.
1366 silly tarball no local data for marked@https://registry.npmjs.org/marked/-/marked-16.4.2.tgz. Extracting by manifest.
1367 silly tarball no local data for markdown-table@https://registry.npmjs.org/markdown-table/-/markdown-table-3.0.4.tgz. Extracting by manifest.
1368 silly tarball no local data for make-dir@https://registry.npmjs.org/make-dir/-/make-dir-4.0.0.tgz. Extracting by manifest.
1369 silly tarball no local data for magicast@https://registry.npmjs.org/magicast/-/magicast-0.5.3.tgz. Extracting by manifest.
1370 silly tarball no local data for lz-string@https://registry.npmjs.org/lz-string/-/lz-string-1.5.0.tgz. Extracting by manifest.
1371 silly tarball no local data for lowlight@https://registry.npmjs.org/lowlight/-/lowlight-3.3.0.tgz. Extracting by manifest.
1372 silly tarball no local data for loupe@https://registry.npmjs.org/loupe/-/loupe-3.2.1.tgz. Extracting by manifest.
1373 silly tarball no local data for longest-streak@https://registry.npmjs.org/longest-streak/-/longest-streak-3.1.0.tgz. Extracting by manifest.
1374 silly tarball no local data for lodash.sortby@https://registry.npmjs.org/lodash.sortby/-/lodash.sortby-4.7.0.tgz. Extracting by manifest.
1375 silly tarball no local data for lodash.merge@https://registry.npmjs.org/lodash.merge/-/lodash.merge-4.6.2.tgz. Extracting by manifest.
1376 silly tarball no local data for lodash.isplainobject@https://registry.npmjs.org/lodash.isplainobject/-/lodash.isplainobject-4.0.6.tgz. Extracting by manifest.
1377 silly tarball no local data for lodash.debounce@https://registry.npmjs.org/lodash.debounce/-/lodash.debounce-4.0.8.tgz. Extracting by manifest.
1378 silly tarball no local data for lodash.castarray@https://registry.npmjs.org/lodash.castarray/-/lodash.castarray-4.4.0.tgz. Extracting by manifest.
1379 silly tarball no local data for lodash-es@https://registry.npmjs.org/lodash-es/-/lodash-es-4.18.1.tgz. Extracting by manifest.
1380 silly tarball no local data for locate-path@https://registry.npmjs.org/locate-path/-/locate-path-6.0.0.tgz. Extracting by manifest.
1381 silly tarball no local data for locate-character@https://registry.npmjs.org/locate-character/-/locate-character-3.0.0.tgz. Extracting by manifest.
1382 silly tarball no local data for lightningcss@https://registry.npmjs.org/lightningcss/-/lightningcss-1.30.1.tgz. Extracting by manifest.
1383 silly tarball no local data for lilconfig@https://registry.npmjs.org/lilconfig/-/lilconfig-2.1.0.tgz. Extracting by manifest.
1384 silly tarball no local data for levn@https://registry.npmjs.org/levn/-/levn-0.4.1.tgz. Extracting by manifest.
1385 silly tarball no local data for leven@https://registry.npmjs.org/leven/-/leven-3.1.0.tgz. Extracting by manifest.
1386 silly tarball no local data for layout-base@https://registry.npmjs.org/layout-base/-/layout-base-1.0.2.tgz. Extracting by manifest.
1387 silly tarball no local data for kolorist@https://registry.npmjs.org/kolorist/-/kolorist-1.8.0.tgz. Extracting by manifest.
1388 silly tarball no local data for known-css-properties@https://registry.npmjs.org/known-css-properties/-/known-css-properties-0.37.0.tgz. Extracting by manifest.
1389 silly tarball no local data for khroma@https://registry.npmjs.org/khroma/-/khroma-2.1.0.tgz. Extracting by manifest.
1390 silly tarball no local data for keyv@https://registry.npmjs.org/keyv/-/keyv-4.5.4.tgz. Extracting by manifest.
1391 silly tarball no local data for katex@https://registry.npmjs.org/katex/-/katex-0.16.47.tgz. Extracting by manifest.
1392 silly tarball no local data for jsonpointer@https://registry.npmjs.org/jsonpointer/-/jsonpointer-5.0.1.tgz. Extracting by manifest.
1393 silly tarball no local data for jsonc-parser@https://registry.npmjs.org/jsonc-parser/-/jsonc-parser-3.3.1.tgz. Extracting by manifest.
1394 silly tarball no local data for json-stable-stringify-without-jsonify@https://registry.npmjs.org/json-stable-stringify-without-jsonify/-/json-stable-stringify-without-jsonify-1.0.1.tgz. Extracting by manifest.
1395 silly tarball no local data for json-schema-typed@https://registry.npmjs.org/json-schema-typed/-/json-schema-typed-8.0.2.tgz. Extracting by manifest.
1396 silly tarball no local data for json-rpc-2.0@https://registry.npmjs.org/json-rpc-2.0/-/json-rpc-2.0-1.7.1.tgz. Extracting by manifest.
1397 silly tarball no local data for json-schema-traverse@https://registry.npmjs.org/json-schema-traverse/-/json-schema-traverse-1.0.0.tgz. Extracting by manifest.
1398 silly tarball no local data for json-buffer@https://registry.npmjs.org/json-buffer/-/json-buffer-3.0.1.tgz. Extracting by manifest.
1399 silly tarball no local data for js-yaml@https://registry.npmjs.org/js-yaml/-/js-yaml-4.3.1.tgz. Extracting by manifest.
1400 silly tarball no local data for jose@https://registry.npmjs.org/jose/-/jose-6.2.3.tgz. Extracting by manifest.
1401 silly tarball no local data for jake@https://registry.npmjs.org/jake/-/jake-10.9.4.tgz. Extracting by manifest.
1402 silly tarball no local data for istanbul-reports@https://registry.npmjs.org/istanbul-reports/-/istanbul-reports-3.2.0.tgz. Extracting by manifest.
1403 silly tarball no local data for istanbul-lib-coverage@https://registry.npmjs.org/istanbul-lib-coverage/-/istanbul-lib-coverage-3.2.2.tgz. Extracting by manifest.
1404 silly tarball no local data for istanbul-lib-report@https://registry.npmjs.org/istanbul-lib-report/-/istanbul-lib-report-3.0.1.tgz. Extracting by manifest.
1405 silly tarball no local data for isarray@https://registry.npmjs.org/isarray/-/isarray-2.0.5.tgz. Extracting by manifest.
1406 silly tarball no local data for is-wsl@https://registry.npmjs.org/is-wsl/-/is-wsl-3.1.1.tgz. Extracting by manifest.
1407 silly tarball no local data for is-weakset@https://registry.npmjs.org/is-weakset/-/is-weakset-2.0.4.tgz. Extracting by manifest.
1408 silly tarball no local data for is-weakref@https://registry.npmjs.org/is-weakref/-/is-weakref-1.1.1.tgz. Extracting by manifest.
1409 silly tarball no local data for is-weakmap@https://registry.npmjs.org/is-weakmap/-/is-weakmap-2.0.2.tgz. Extracting by manifest.
1410 silly tarball no local data for is-typed-array@https://registry.npmjs.org/is-typed-array/-/is-typed-array-1.1.15.tgz. Extracting by manifest.
1411 silly tarball no local data for is-symbol@https://registry.npmjs.org/is-symbol/-/is-symbol-1.1.1.tgz. Extracting by manifest.
1412 silly tarball no local data for is-string@https://registry.npmjs.org/is-string/-/is-string-1.1.1.tgz. Extracting by manifest.
1413 silly tarball no local data for is-stream@https://registry.npmjs.org/is-stream/-/is-stream-2.0.1.tgz. Extracting by manifest.
1414 silly tarball no local data for is-shared-array-buffer@https://registry.npmjs.org/is-shared-array-buffer/-/is-shared-array-buffer-1.0.4.tgz. Extracting by manifest.
1415 silly tarball no local data for is-set@https://registry.npmjs.org/is-set/-/is-set-2.0.3.tgz. Extracting by manifest.
1416 silly tarball no local data for is-regexp@https://registry.npmjs.org/is-regexp/-/is-regexp-1.0.0.tgz. Extracting by manifest.
1417 silly tarball no local data for is-regex@https://registry.npmjs.org/is-regex/-/is-regex-1.2.1.tgz. Extracting by manifest.
1418 silly tarball no local data for is-reference@https://registry.npmjs.org/is-reference/-/is-reference-3.0.3.tgz. Extracting by manifest.
1419 silly tarball no local data for is-promise@https://registry.npmjs.org/is-promise/-/is-promise-4.0.0.tgz. Extracting by manifest.
1420 silly tarball no local data for is-plain-obj@https://registry.npmjs.org/is-plain-obj/-/is-plain-obj-4.1.0.tgz. Extracting by manifest.
1421 silly tarball no local data for is-obj@https://registry.npmjs.org/is-obj/-/is-obj-1.0.1.tgz. Extracting by manifest.
1422 silly tarball no local data for is-number-object@https://registry.npmjs.org/is-number-object/-/is-number-object-1.1.1.tgz. Extracting by manifest.
1423 silly tarball no local data for is-negative-zero@https://registry.npmjs.org/is-negative-zero/-/is-negative-zero-2.0.3.tgz. Extracting by manifest.
1424 silly tarball no local data for is-module@https://registry.npmjs.org/is-module/-/is-module-1.0.0.tgz. Extracting by manifest.
1425 silly tarball no local data for is-map@https://registry.npmjs.org/is-map/-/is-map-2.0.3.tgz. Extracting by manifest.
1426 silly tarball no local data for is-inside-container@https://registry.npmjs.org/is-inside-container/-/is-inside-container-1.0.0.tgz. Extracting by manifest.
1427 silly tarball no local data for is-glob@https://registry.npmjs.org/is-glob/-/is-glob-4.0.3.tgz. Extracting by manifest.
1428 silly tarball no local data for is-generator-function@https://registry.npmjs.org/is-generator-function/-/is-generator-function-1.1.2.tgz. Extracting by manifest.
1429 silly tarball no local data for is-finalizationregistry@https://registry.npmjs.org/is-finalizationregistry/-/is-finalizationregistry-1.1.1.tgz. Extracting by manifest.
1430 silly tarball no local data for is-extglob@https://registry.npmjs.org/is-extglob/-/is-extglob-2.1.1.tgz. Extracting by manifest.
1431 silly tarball no local data for is-docker@https://registry.npmjs.org/is-docker/-/is-docker-3.0.0.tgz. Extracting by manifest.
1432 silly tarball no local data for is-date-object@https://registry.npmjs.org/is-date-object/-/is-date-object-1.1.0.tgz. Extracting by manifest.
1433 silly tarball no local data for is-data-view@https://registry.npmjs.org/is-data-view/-/is-data-view-1.0.2.tgz. Extracting by manifest.
1434 silly tarball no local data for is-core-module@https://registry.npmjs.org/is-core-module/-/is-core-module-2.16.2.tgz. Extracting by manifest.
1435 silly tarball no local data for is-callable@https://registry.npmjs.org/is-callable/-/is-callable-1.2.7.tgz. Extracting by manifest.
1436 silly tarball no local data for is-bigint@https://registry.npmjs.org/is-bigint/-/is-bigint-1.1.0.tgz. Extracting by manifest.
1437 silly tarball no local data for is-async-function@https://registry.npmjs.org/is-async-function/-/is-async-function-2.1.1.tgz. Extracting by manifest.
1438 silly tarball no local data for is-boolean-object@https://registry.npmjs.org/is-boolean-object/-/is-boolean-object-1.2.2.tgz. Extracting by manifest.
1439 silly tarball no local data for is-array-buffer@https://registry.npmjs.org/is-array-buffer/-/is-array-buffer-3.0.5.tgz. Extracting by manifest.
1440 silly tarball no local data for ip-address@https://registry.npmjs.org/ip-address/-/ip-address-10.4.0.tgz. Extracting by manifest.
1441 silly tarball no local data for internmap@https://registry.npmjs.org/internmap/-/internmap-2.0.3.tgz. Extracting by manifest.
1442 silly tarball no local data for internal-slot@https://registry.npmjs.org/internal-slot/-/internal-slot-1.1.0.tgz. Extracting by manifest.
1443 silly tarball no local data for inline-style-parser@https://registry.npmjs.org/inline-style-parser/-/inline-style-parser-0.2.7.tgz. Extracting by manifest.
1444 silly tarball no local data for indent-string@https://registry.npmjs.org/indent-string/-/indent-string-4.0.0.tgz. Extracting by manifest.
1445 silly tarball no local data for imurmurhash@https://registry.npmjs.org/imurmurhash/-/imurmurhash-0.1.4.tgz. Extracting by manifest.
1446 silly tarball no local data for import-meta-resolve@https://registry.npmjs.org/import-meta-resolve/-/import-meta-resolve-4.2.0.tgz. Extracting by manifest.
1447 silly tarball no local data for import-fresh@https://registry.npmjs.org/import-fresh/-/import-fresh-3.3.1.tgz. Extracting by manifest.
1448 silly tarball no local data for immutable@https://registry.npmjs.org/immutable/-/immutable-5.1.9.tgz. Extracting by manifest.
1449 silly tarball no local data for ignore@https://registry.npmjs.org/ignore/-/ignore-5.3.2.tgz. Extracting by manifest.
1450 silly tarball no local data for idb@https://registry.npmjs.org/idb/-/idb-7.1.1.tgz. Extracting by manifest.
1451 silly tarball no local data for iconv-lite@https://registry.npmjs.org/iconv-lite/-/iconv-lite-0.7.2.tgz. Extracting by manifest.
1452 silly tarball no local data for ico-endec@https://registry.npmjs.org/ico-endec/-/ico-endec-0.1.6.tgz. Extracting by manifest.
1453 silly tarball no local data for http-server@https://registry.npmjs.org/http-server/-/http-server-14.1.1.tgz. Extracting by manifest.
1454 silly tarball no local data for http-proxy@https://registry.npmjs.org/http-proxy/-/http-proxy-1.18.1.tgz. Extracting by manifest.
1455 silly tarball no local data for html-void-elements@https://registry.npmjs.org/html-void-elements/-/html-void-elements-3.0.0.tgz. Extracting by manifest.
1456 silly tarball no local data for html-escaper@https://registry.npmjs.org/html-escaper/-/html-escaper-2.0.2.tgz. Extracting by manifest.
1457 silly tarball no local data for html-encoding-sniffer@https://registry.npmjs.org/html-encoding-sniffer/-/html-encoding-sniffer-3.0.0.tgz. Extracting by manifest.
1458 silly tarball no local data for hono@https://registry.npmjs.org/hono/-/hono-4.13.0.tgz. Extracting by manifest.
1459 silly tarball no local data for highlight.js@https://registry.npmjs.org/highlight.js/-/highlight.js-11.11.1.tgz. Extracting by manifest.
1460 silly tarball no local data for he@https://registry.npmjs.org/he/-/he-1.2.0.tgz. Extracting by manifest.
1461 silly tarball no local data for hastscript@https://registry.npmjs.org/hastscript/-/hastscript-9.0.1.tgz. Extracting by manifest.
1462 silly tarball no local data for hast-util-whitespace@https://registry.npmjs.org/hast-util-whitespace/-/hast-util-whitespace-3.0.0.tgz. Extracting by manifest.
1463 silly tarball no local data for hast-util-to-text@https://registry.npmjs.org/hast-util-to-text/-/hast-util-to-text-4.0.2.tgz. Extracting by manifest.
1464 silly tarball no local data for hast-util-to-html@https://registry.npmjs.org/hast-util-to-html/-/hast-util-to-html-9.0.5.tgz. Extracting by manifest.
1465 silly tarball no local data for hast-util-sanitize@https://registry.npmjs.org/hast-util-sanitize/-/hast-util-sanitize-5.0.2.tgz. Extracting by manifest.
1466 silly tarball no local data for hast-util-parse-selector@https://registry.npmjs.org/hast-util-parse-selector/-/hast-util-parse-selector-4.0.0.tgz. Extracting by manifest.
1467 silly tarball no local data for hast-util-is-element@https://registry.npmjs.org/hast-util-is-element/-/hast-util-is-element-3.0.0.tgz. Extracting by manifest.
1468 silly tarball no local data for hast-util-from-parse5@https://registry.npmjs.org/hast-util-from-parse5/-/hast-util-from-parse5-8.0.3.tgz. Extracting by manifest.
1469 silly tarball no local data for hast-util-from-html-isomorphic@https://registry.npmjs.org/hast-util-from-html-isomorphic/-/hast-util-from-html-isomorphic-2.0.0.tgz. Extracting by manifest.
1470 silly tarball no local data for hast-util-from-html@https://registry.npmjs.org/hast-util-from-html/-/hast-util-from-html-2.0.3.tgz. Extracting by manifest.
1471 silly tarball no local data for has-tostringtag@https://registry.npmjs.org/has-tostringtag/-/has-tostringtag-1.0.2.tgz. Extracting by manifest.
1472 silly tarball no local data for has-proto@https://registry.npmjs.org/has-proto/-/has-proto-1.2.0.tgz. Extracting by manifest.
1473 silly tarball no local data for hast-util-from-dom@https://registry.npmjs.org/hast-util-from-dom/-/hast-util-from-dom-5.0.1.tgz. Extracting by manifest.
1474 silly tarball no local data for has-flag@https://registry.npmjs.org/has-flag/-/has-flag-4.0.0.tgz. Extracting by manifest.
1475 silly tarball no local data for has-property-descriptors@https://registry.npmjs.org/has-property-descriptors/-/has-property-descriptors-1.0.2.tgz. Extracting by manifest.
1476 silly tarball no local data for has-bigints@https://registry.npmjs.org/has-bigints/-/has-bigints-1.1.0.tgz. Extracting by manifest.
1477 silly tarball no local data for hachure-fill@https://registry.npmjs.org/hachure-fill/-/hachure-fill-0.5.2.tgz. Extracting by manifest.
1478 silly tarball no local data for globalthis@https://registry.npmjs.org/globalthis/-/globalthis-1.0.4.tgz. Extracting by manifest.
1479 silly tarball no local data for globals@https://registry.npmjs.org/globals/-/globals-16.5.0.tgz. Extracting by manifest.
1480 silly tarball no local data for glob-parent@https://registry.npmjs.org/glob-parent/-/glob-parent-6.0.2.tgz. Extracting by manifest.
1481 silly tarball no local data for get-symbol-description@https://registry.npmjs.org/get-symbol-description/-/get-symbol-description-1.1.0.tgz. Extracting by manifest.
1482 silly tarball no local data for get-own-enumerable-property-symbols@https://registry.npmjs.org/get-own-enumerable-property-symbols/-/get-own-enumerable-property-symbols-3.0.2.tgz. Extracting by manifest.
1483 silly tarball no local data for generator-function@https://registry.npmjs.org/generator-function/-/generator-function-2.0.1.tgz. Extracting by manifest.
1484 silly tarball no local data for functions-have-names@https://registry.npmjs.org/functions-have-names/-/functions-have-names-1.2.3.tgz. Extracting by manifest.
1485 silly tarball no local data for function.prototype.name@https://registry.npmjs.org/function.prototype.name/-/function.prototype.name-1.1.8.tgz. Extracting by manifest.
1486 silly tarball no local data for fresh@https://registry.npmjs.org/fresh/-/fresh-2.0.0.tgz. Extracting by manifest.
1487 silly tarball no local data for foreground-child@https://registry.npmjs.org/foreground-child/-/foreground-child-3.3.1.tgz. Extracting by manifest.
1488 silly tarball no local data for for-each@https://registry.npmjs.org/for-each/-/for-each-0.3.5.tgz. Extracting by manifest.
1489 silly tarball no local data for follow-redirects@https://registry.npmjs.org/follow-redirects/-/follow-redirects-1.16.0.tgz. Extracting by manifest.
1490 silly tarball no local data for flatted@https://registry.npmjs.org/flatted/-/flatted-3.4.2.tgz. Extracting by manifest.
1491 silly tarball no local data for flat-cache@https://registry.npmjs.org/flat-cache/-/flat-cache-4.0.1.tgz. Extracting by manifest.
1492 silly tarball no local data for find-up@https://registry.npmjs.org/find-up/-/find-up-5.0.0.tgz. Extracting by manifest.
1493 silly tarball no local data for filelist@https://registry.npmjs.org/filelist/-/filelist-1.0.6.tgz. Extracting by manifest.
1494 silly tarball no local data for finalhandler@https://registry.npmjs.org/finalhandler/-/finalhandler-2.1.1.tgz. Extracting by manifest.
1495 silly tarball no local data for file-entry-cache@https://registry.npmjs.org/file-entry-cache/-/file-entry-cache-8.0.0.tgz. Extracting by manifest.
1496 silly tarball no local data for fflate@https://registry.npmjs.org/fflate/-/fflate-0.8.3.tgz. Extracting by manifest.
1497 silly tarball no local data for fast-uri@https://registry.npmjs.org/fast-uri/-/fast-uri-3.1.5.tgz. Extracting by manifest.
1498 silly tarball no local data for fast-levenshtein@https://registry.npmjs.org/fast-levenshtein/-/fast-levenshtein-2.0.6.tgz. Extracting by manifest.
1499 silly tarball no local data for fast-json-stable-stringify@https://registry.npmjs.org/fast-json-stable-stringify/-/fast-json-stable-stringify-2.1.0.tgz. Extracting by manifest.
1500 silly tarball no local data for fast-deep-equal@https://registry.npmjs.org/fast-deep-equal/-/fast-deep-equal-3.1.3.tgz. Extracting by manifest.
1501 silly tarball no local data for express-rate-limit@https://registry.npmjs.org/express-rate-limit/-/express-rate-limit-8.5.2.tgz. Extracting by manifest.
1502 silly tarball no local data for express@https://registry.npmjs.org/express/-/express-5.2.1.tgz. Extracting by manifest.
1503 silly tarball no local data for expect-type@https://registry.npmjs.org/expect-type/-/expect-type-1.3.0.tgz. Extracting by manifest.
1504 silly tarball no local data for eventsource-parser@https://registry.npmjs.org/eventsource-parser/-/eventsource-parser-3.1.0.tgz. Extracting by manifest.
1505 silly tarball no local data for eventsource@https://registry.npmjs.org/eventsource/-/eventsource-3.0.7.tgz. Extracting by manifest.
1506 silly tarball no local data for eventemitter3@https://registry.npmjs.org/eventemitter3/-/eventemitter3-4.0.7.tgz. Extracting by manifest.
1507 silly tarball no local data for esutils@https://registry.npmjs.org/esutils/-/esutils-2.0.3.tgz. Extracting by manifest.
1508 silly tarball no local data for eta@https://registry.npmjs.org/eta/-/eta-4.6.0.tgz. Extracting by manifest.
1509 silly tarball no local data for estree-walker@https://registry.npmjs.org/estree-walker/-/estree-walker-3.0.3.tgz. Extracting by manifest.
1510 silly tarball no local data for estraverse@https://registry.npmjs.org/estraverse/-/estraverse-5.3.0.tgz. Extracting by manifest.
1511 silly tarball no local data for esrecurse@https://registry.npmjs.org/esrecurse/-/esrecurse-4.3.0.tgz. Extracting by manifest.
1512 silly tarball no local data for esrap@https://registry.npmjs.org/esrap/-/esrap-1.4.9.tgz. Extracting by manifest.
1513 silly tarball no local data for esquery@https://registry.npmjs.org/esquery/-/esquery-1.7.0.tgz. Extracting by manifest.
1514 silly tarball no local data for esprima@https://registry.npmjs.org/esprima/-/esprima-4.0.1.tgz. Extracting by manifest.
1515 silly tarball no local data for espree@https://registry.npmjs.org/espree/-/espree-10.4.0.tgz. Extracting by manifest.
1516 silly tarball no local data for esm-env@https://registry.npmjs.org/esm-env/-/esm-env-1.2.2.tgz. Extracting by manifest.
1517 silly tarball no local data for eslint-visitor-keys@https://registry.npmjs.org/eslint-visitor-keys/-/eslint-visitor-keys-4.2.1.tgz. Extracting by manifest.
1518 silly tarball no local data for eslint-scope@https://registry.npmjs.org/eslint-scope/-/eslint-scope-8.4.0.tgz. Extracting by manifest.
1519 silly tarball no local data for eslint-plugin-svelte@https://registry.npmjs.org/eslint-plugin-svelte/-/eslint-plugin-svelte-3.19.0.tgz. Extracting by manifest.
1520 silly tarball no local data for eslint-plugin-storybook@https://registry.npmjs.org/eslint-plugin-storybook/-/eslint-plugin-storybook-10.5.6.tgz. Extracting by manifest.
1521 silly tarball no local data for eslint-plugin-simple-import-sort@https://registry.npmjs.org/eslint-plugin-simple-import-sort/-/eslint-plugin-simple-import-sort-14.0.0.tgz. Extracting by manifest.
1522 silly tarball no local data for eslint-config-prettier@https://registry.npmjs.org/eslint-config-prettier/-/eslint-config-prettier-10.1.8.tgz. Extracting by manifest.
1523 silly tarball no local data for eslint-plugin-perfectionist@https://registry.npmjs.org/eslint-plugin-perfectionist/-/eslint-plugin-perfectionist-5.10.1.tgz. Extracting by manifest.
1524 silly tarball no local data for eslint@https://registry.npmjs.org/eslint/-/eslint-9.39.4.tgz. Extracting by manifest.
1525 silly tarball no local data for escape-string-regexp@https://registry.npmjs.org/escape-string-regexp/-/escape-string-regexp-4.0.0.tgz. Extracting by manifest.
1526 silly tarball no local data for esbuild@https://registry.npmjs.org/esbuild/-/esbuild-0.28.1.tgz. Extracting by manifest.
1527 silly tarball no local data for es-toolkit@https://registry.npmjs.org/es-toolkit/-/es-toolkit-1.47.0.tgz. Extracting by manifest.
1528 silly tarball no local data for es-to-primitive@https://registry.npmjs.org/es-to-primitive/-/es-to-primitive-1.3.0.tgz. Extracting by manifest.
1529 silly tarball no local data for es-set-tostringtag@https://registry.npmjs.org/es-set-tostringtag/-/es-set-tostringtag-2.1.0.tgz. Extracting by manifest.
1530 silly tarball no local data for es-module-lexer@https://registry.npmjs.org/es-module-lexer/-/es-module-lexer-2.1.0.tgz. Extracting by manifest.
1531 silly tarball no local data for es-abstract@https://registry.npmjs.org/es-abstract/-/es-abstract-1.24.2.tgz. Extracting by manifest.
1532 silly tarball no local data for entities@https://registry.npmjs.org/entities/-/entities-6.0.1.tgz. Extracting by manifest.
1533 silly tarball no local data for enhanced-resolve@https://registry.npmjs.org/enhanced-resolve/-/enhanced-resolve-5.23.0.tgz. Extracting by manifest.
1534 silly tarball no local data for electron-to-chromium@https://registry.npmjs.org/electron-to-chromium/-/electron-to-chromium-1.5.367.tgz. Extracting by manifest.
1535 silly tarball no local data for ejs@https://registry.npmjs.org/ejs/-/ejs-3.1.10.tgz. Extracting by manifest.
1536 silly tarball no local data for dompurify@https://registry.npmjs.org/dompurify/-/dompurify-3.4.13.tgz. Extracting by manifest.
1537 silly tarball no local data for dom-accessibility-api@https://registry.npmjs.org/dom-accessibility-api/-/dom-accessibility-api-0.5.16.tgz. Extracting by manifest.
1538 silly tarball no local data for dexie@https://registry.npmjs.org/dexie/-/dexie-4.4.3.tgz. Extracting by manifest.
1539 silly tarball no local data for devlop@https://registry.npmjs.org/devlop/-/devlop-1.1.0.tgz. Extracting by manifest.
1540 silly tarball no local data for devalue@https://registry.npmjs.org/devalue/-/devalue-5.8.1.tgz. Extracting by manifest.
1541 silly tarball no local data for dequal@https://registry.npmjs.org/dequal/-/dequal-2.0.3.tgz. Extracting by manifest.
1542 silly tarball no local data for delaunator@https://registry.npmjs.org/delaunator/-/delaunator-5.1.0.tgz. Extracting by manifest.
1543 silly tarball no local data for define-properties@https://registry.npmjs.org/define-properties/-/define-properties-1.2.1.tgz. Extracting by manifest.
1544 silly tarball no local data for defu@https://registry.npmjs.org/defu/-/defu-6.1.7.tgz. Extracting by manifest.
1545 silly tarball no local data for define-lazy-prop@https://registry.npmjs.org/define-lazy-prop/-/define-lazy-prop-3.0.0.tgz. Extracting by manifest.
1546 silly tarball no local data for define-data-property@https://registry.npmjs.org/define-data-property/-/define-data-property-1.1.4.tgz. Extracting by manifest.
1547 silly tarball no local data for default-browser@https://registry.npmjs.org/default-browser/-/default-browser-5.5.0.tgz. Extracting by manifest.
1548 silly tarball no local data for default-browser-id@https://registry.npmjs.org/default-browser-id/-/default-browser-id-5.0.1.tgz. Extracting by manifest.
1549 silly tarball no local data for deepmerge@https://registry.npmjs.org/deepmerge/-/deepmerge-4.3.1.tgz. Extracting by manifest.
1550 silly tarball no local data for deep-eql@https://registry.npmjs.org/deep-eql/-/deep-eql-5.0.2.tgz. Extracting by manifest.
1551 silly tarball no local data for dedent-js@https://registry.npmjs.org/dedent-js/-/dedent-js-1.0.1.tgz. Extracting by manifest.
1552 silly tarball no local data for dedent@https://registry.npmjs.org/dedent/-/dedent-1.7.2.tgz. Extracting by manifest.
1553 silly tarball no local data for deep-is@https://registry.npmjs.org/deep-is/-/deep-is-0.1.4.tgz. Extracting by manifest.
1554 silly tarball no local data for decode-named-character-reference@https://registry.npmjs.org/decode-named-character-reference/-/decode-named-character-reference-1.3.0.tgz. Extracting by manifest.
1555 silly tarball no local data for decode-ico@https://registry.npmjs.org/decode-ico/-/decode-ico-0.4.1.tgz. Extracting by manifest.
1556 silly tarball no local data for decode-bmp@https://registry.npmjs.org/decode-bmp/-/decode-bmp-0.2.1.tgz. Extracting by manifest.
1557 silly tarball no local data for dayjs@https://registry.npmjs.org/dayjs/-/dayjs-1.11.21.tgz. Extracting by manifest.
1558 silly tarball no local data for data-view-byte-offset@https://registry.npmjs.org/data-view-byte-offset/-/data-view-byte-offset-1.0.1.tgz. Extracting by manifest.
1559 silly tarball no local data for data-view-byte-length@https://registry.npmjs.org/data-view-byte-length/-/data-view-byte-length-1.0.2.tgz. Extracting by manifest.
1560 silly tarball no local data for data-view-buffer@https://registry.npmjs.org/data-view-buffer/-/data-view-buffer-1.0.2.tgz. Extracting by manifest.
1561 silly tarball no local data for dagre-d3-es@https://registry.npmjs.org/dagre-d3-es/-/dagre-d3-es-7.0.14.tgz. Extracting by manifest.
1562 silly tarball no local data for d3-zoom@https://registry.npmjs.org/d3-zoom/-/d3-zoom-3.0.0.tgz. Extracting by manifest.
1563 silly tarball no local data for d3-transition@https://registry.npmjs.org/d3-transition/-/d3-transition-3.0.1.tgz. Extracting by manifest.
1564 silly tarball no local data for d3-timer@https://registry.npmjs.org/d3-timer/-/d3-timer-3.0.1.tgz. Extracting by manifest.
1565 silly tarball no local data for d3-time-format@https://registry.npmjs.org/d3-time-format/-/d3-time-format-4.1.0.tgz. Extracting by manifest.
1566 silly tarball no local data for d3-time@https://registry.npmjs.org/d3-time/-/d3-time-3.1.0.tgz. Extracting by manifest.
1567 silly tarball no local data for d3-shape@https://registry.npmjs.org/d3-shape/-/d3-shape-3.2.0.tgz. Extracting by manifest.
1568 silly tarball no local data for d3-selection@https://registry.npmjs.org/d3-selection/-/d3-selection-3.0.0.tgz. Extracting by manifest.
1569 silly tarball no local data for d3-scale-chromatic@https://registry.npmjs.org/d3-scale-chromatic/-/d3-scale-chromatic-3.1.0.tgz. Extracting by manifest.
1570 silly tarball no local data for d3-scale@https://registry.npmjs.org/d3-scale/-/d3-scale-4.0.2.tgz. Extracting by manifest.
1571 silly tarball no local data for d3-sankey@https://registry.npmjs.org/d3-sankey/-/d3-sankey-0.12.3.tgz. Extracting by manifest.
1572 silly tarball no local data for d3-random@https://registry.npmjs.org/d3-random/-/d3-random-3.0.1.tgz. Extracting by manifest.
1573 silly tarball no local data for d3-quadtree@https://registry.npmjs.org/d3-quadtree/-/d3-quadtree-3.0.1.tgz. Extracting by manifest.
1574 silly tarball no local data for d3-polygon@https://registry.npmjs.org/d3-polygon/-/d3-polygon-3.0.1.tgz. Extracting by manifest.
1575 silly tarball no local data for d3-path@https://registry.npmjs.org/d3-path/-/d3-path-3.1.0.tgz. Extracting by manifest.
1576 silly tarball no local data for d3-hierarchy@https://registry.npmjs.org/d3-hierarchy/-/d3-hierarchy-3.1.2.tgz. Extracting by manifest.
1577 silly tarball no local data for d3-interpolate@https://registry.npmjs.org/d3-interpolate/-/d3-interpolate-3.0.1.tgz. Extracting by manifest.
1578 silly tarball no local data for d3-geo@https://registry.npmjs.org/d3-geo/-/d3-geo-3.1.1.tgz. Extracting by manifest.
1579 silly tarball no local data for d3-format@https://registry.npmjs.org/d3-format/-/d3-format-3.1.2.tgz. Extracting by manifest.
1580 silly tarball no local data for d3-force@https://registry.npmjs.org/d3-force/-/d3-force-3.0.0.tgz. Extracting by manifest.
1581 silly tarball no local data for d3-fetch@https://registry.npmjs.org/d3-fetch/-/d3-fetch-3.0.1.tgz. Extracting by manifest.
1582 silly tarball no local data for d3-ease@https://registry.npmjs.org/d3-ease/-/d3-ease-3.0.1.tgz. Extracting by manifest.
1583 silly tarball no local data for d3-dsv@https://registry.npmjs.org/d3-dsv/-/d3-dsv-3.0.1.tgz. Extracting by manifest.
1584 silly tarball no local data for d3-drag@https://registry.npmjs.org/d3-drag/-/d3-drag-3.0.0.tgz. Extracting by manifest.
1585 silly tarball no local data for d3-dispatch@https://registry.npmjs.org/d3-dispatch/-/d3-dispatch-3.0.1.tgz. Extracting by manifest.
1586 silly tarball no local data for d3-delaunay@https://registry.npmjs.org/d3-delaunay/-/d3-delaunay-6.0.4.tgz. Extracting by manifest.
1587 silly tarball no local data for d3-contour@https://registry.npmjs.org/d3-contour/-/d3-contour-4.0.2.tgz. Extracting by manifest.
1588 silly tarball no local data for d3-color@https://registry.npmjs.org/d3-color/-/d3-color-3.1.0.tgz. Extracting by manifest.
1589 silly tarball no local data for d3-chord@https://registry.npmjs.org/d3-chord/-/d3-chord-3.0.1.tgz. Extracting by manifest.
1590 silly tarball no local data for d3-brush@https://registry.npmjs.org/d3-brush/-/d3-brush-3.0.0.tgz. Extracting by manifest.
1591 silly tarball no local data for d3-axis@https://registry.npmjs.org/d3-axis/-/d3-axis-3.0.0.tgz. Extracting by manifest.
1592 silly tarball no local data for d3-array@https://registry.npmjs.org/d3-array/-/d3-array-3.2.4.tgz. Extracting by manifest.
1593 silly tarball no local data for d3@https://registry.npmjs.org/d3/-/d3-7.9.0.tgz. Extracting by manifest.
1594 silly tarball no local data for cytoscape-fcose@https://registry.npmjs.org/cytoscape-fcose/-/cytoscape-fcose-2.2.0.tgz. Extracting by manifest.
1595 silly tarball no local data for cytoscape-cose-bilkent@https://registry.npmjs.org/cytoscape-cose-bilkent/-/cytoscape-cose-bilkent-4.1.0.tgz. Extracting by manifest.
1596 silly tarball no local data for cytoscape@https://registry.npmjs.org/cytoscape/-/cytoscape-3.34.0.tgz. Extracting by manifest.
1597 silly tarball no local data for csstype@https://registry.npmjs.org/csstype/-/csstype-3.2.3.tgz. Extracting by manifest.
1598 silly tarball no local data for cssesc@https://registry.npmjs.org/cssesc/-/cssesc-3.0.0.tgz. Extracting by manifest.
1599 silly tarball no local data for css.escape@https://registry.npmjs.org/css.escape/-/css.escape-1.5.1.tgz. Extracting by manifest.
1600 silly tarball no local data for crypto-random-string@https://registry.npmjs.org/crypto-random-string/-/crypto-random-string-2.0.0.tgz. Extracting by manifest.
1601 silly tarball no local data for cose-base@https://registry.npmjs.org/cose-base/-/cose-base-1.0.3.tgz. Extracting by manifest.
1602 silly tarball no local data for corser@https://registry.npmjs.org/corser/-/corser-2.0.1.tgz. Extracting by manifest.
1603 silly tarball no local data for cors@https://registry.npmjs.org/cors/-/cors-2.8.6.tgz. Extracting by manifest.
1604 silly tarball no local data for core-js-compat@https://registry.npmjs.org/core-js-compat/-/core-js-compat-3.49.0.tgz. Extracting by manifest.
1605 silly tarball no local data for cookie-signature@https://registry.npmjs.org/cookie-signature/-/cookie-signature-1.2.2.tgz. Extracting by manifest.
1606 silly tarball no local data for cookie@https://registry.npmjs.org/cookie/-/cookie-1.1.1.tgz. Extracting by manifest.
1607 silly tarball no local data for content-disposition@https://registry.npmjs.org/content-disposition/-/content-disposition-1.1.0.tgz. Extracting by manifest.
1608 silly tarball no local data for consola@https://registry.npmjs.org/consola/-/consola-3.4.2.tgz. Extracting by manifest.
1609 silly tarball no local data for concat-map@https://registry.npmjs.org/concat-map/-/concat-map-0.0.1.tgz. Extracting by manifest.
1610 silly tarball no local data for common-tags@https://registry.npmjs.org/common-tags/-/common-tags-1.8.2.tgz. Extracting by manifest.
1611 silly tarball no local data for commander@https://registry.npmjs.org/commander/-/commander-7.2.0.tgz. Extracting by manifest.
1612 silly tarball no local data for comma-separated-tokens@https://registry.npmjs.org/comma-separated-tokens/-/comma-separated-tokens-2.0.3.tgz. Extracting by manifest.
1613 silly tarball no local data for colorette@https://registry.npmjs.org/colorette/-/colorette-2.0.20.tgz. Extracting by manifest.
1614 silly tarball no local data for clsx@https://registry.npmjs.org/clsx/-/clsx-2.1.1.tgz. Extracting by manifest.
1615 silly tarball no local data for chromatic@https://registry.npmjs.org/chromatic/-/chromatic-16.10.0.tgz. Extracting by manifest.
1616 silly tarball no local data for chokidar@https://registry.npmjs.org/chokidar/-/chokidar-5.0.0.tgz. Extracting by manifest.
1617 silly tarball no local data for check-error@https://registry.npmjs.org/check-error/-/check-error-2.1.3.tgz. Extracting by manifest.
1618 silly tarball no local data for character-entities-legacy@https://registry.npmjs.org/character-entities-legacy/-/character-entities-legacy-3.0.0.tgz. Extracting by manifest.
1619 silly tarball no local data for character-entities-html4@https://registry.npmjs.org/character-entities-html4/-/character-entities-html4-2.1.0.tgz. Extracting by manifest.
1620 silly tarball no local data for character-entities@https://registry.npmjs.org/character-entities/-/character-entities-2.0.2.tgz. Extracting by manifest.
1621 silly tarball no local data for chalk@https://registry.npmjs.org/chalk/-/chalk-4.1.2.tgz. Extracting by manifest.
1622 silly tarball no local data for chai@https://registry.npmjs.org/chai/-/chai-5.3.3.tgz. Extracting by manifest.
1623 silly tarball no local data for ccount@https://registry.npmjs.org/ccount/-/ccount-2.0.1.tgz. Extracting by manifest.
1624 silly tarball no local data for caniuse-lite@https://registry.npmjs.org/caniuse-lite/-/caniuse-lite-1.0.30001793.tgz. Extracting by manifest.
1625 silly tarball no local data for callsites@https://registry.npmjs.org/callsites/-/callsites-3.1.0.tgz. Extracting by manifest.
1626 silly tarball no local data for call-bind@https://registry.npmjs.org/call-bind/-/call-bind-1.0.9.tgz. Extracting by manifest.
1627 silly tarball no local data for cac@https://registry.npmjs.org/cac/-/cac-6.7.14.tgz. Extracting by manifest.
1628 silly tarball no local data for bundle-name@https://registry.npmjs.org/bundle-name/-/bundle-name-4.1.0.tgz. Extracting by manifest.
1629 silly tarball no local data for buffer-from@https://registry.npmjs.org/buffer-from/-/buffer-from-1.1.2.tgz. Extracting by manifest.
1630 silly tarball no local data for browserslist@https://registry.npmjs.org/browserslist/-/browserslist-4.28.2.tgz. Extracting by manifest.
1631 silly tarball no local data for brace-expansion@https://registry.npmjs.org/brace-expansion/-/brace-expansion-1.1.18.tgz. Extracting by manifest.
1632 silly tarball no local data for body-parser@https://registry.npmjs.org/body-parser/-/body-parser-2.3.0.tgz. Extracting by manifest.
1633 silly tarball no local data for bits-ui@https://registry.npmjs.org/bits-ui/-/bits-ui-2.18.1.tgz. Extracting by manifest.
1634 silly tarball no local data for basic-auth@https://registry.npmjs.org/basic-auth/-/basic-auth-2.0.1.tgz. Extracting by manifest.
1635 silly tarball no local data for baseline-browser-mapping@https://registry.npmjs.org/baseline-browser-mapping/-/baseline-browser-mapping-2.10.33.tgz. Extracting by manifest.
1636 silly tarball no local data for balanced-match@https://registry.npmjs.org/balanced-match/-/balanced-match-1.0.2.tgz. Extracting by manifest.
1637 silly tarball no local data for bail@https://registry.npmjs.org/bail/-/bail-2.0.2.tgz. Extracting by manifest.
1638 silly tarball no local data for babel-plugin-polyfill-regenerator@https://registry.npmjs.org/babel-plugin-polyfill-regenerator/-/babel-plugin-polyfill-regenerator-0.6.8.tgz. Extracting by manifest.
1639 silly tarball no local data for babel-plugin-polyfill-corejs3@https://registry.npmjs.org/babel-plugin-polyfill-corejs3/-/babel-plugin-polyfill-corejs3-0.14.2.tgz. Extracting by manifest.
1640 silly tarball no local data for babel-plugin-polyfill-corejs2@https://registry.npmjs.org/babel-plugin-polyfill-corejs2/-/babel-plugin-polyfill-corejs2-0.4.17.tgz. Extracting by manifest.
1641 silly tarball no local data for axobject-query@https://registry.npmjs.org/axobject-query/-/axobject-query-4.1.0.tgz. Extracting by manifest.
1642 silly tarball no local data for axe-core@https://registry.npmjs.org/axe-core/-/axe-core-4.12.0.tgz. Extracting by manifest.
1643 silly tarball no local data for available-typed-arrays@https://registry.npmjs.org/available-typed-arrays/-/available-typed-arrays-1.0.7.tgz. Extracting by manifest.
1644 silly tarball no local data for async-function@https://registry.npmjs.org/async-function/-/async-function-1.0.0.tgz. Extracting by manifest.
1645 silly tarball no local data for async@https://registry.npmjs.org/async/-/async-3.2.6.tgz. Extracting by manifest.
1646 silly tarball no local data for ast-v8-to-istanbul@https://registry.npmjs.org/ast-v8-to-istanbul/-/ast-v8-to-istanbul-1.0.3.tgz. Extracting by manifest.
1647 silly tarball no local data for ast-types@https://registry.npmjs.org/ast-types/-/ast-types-0.16.1.tgz. Extracting by manifest.
1648 silly tarball no local data for assertion-error@https://registry.npmjs.org/assertion-error/-/assertion-error-2.0.1.tgz. Extracting by manifest.
1649 silly tarball no local data for arraybuffer.prototype.slice@https://registry.npmjs.org/arraybuffer.prototype.slice/-/arraybuffer.prototype.slice-1.0.4.tgz. Extracting by manifest.
1650 silly tarball no local data for array-buffer-byte-length@https://registry.npmjs.org/array-buffer-byte-length/-/array-buffer-byte-length-1.0.2.tgz. Extracting by manifest.
1651 silly tarball no local data for aria-query@https://registry.npmjs.org/aria-query/-/aria-query-5.3.0.tgz. Extracting by manifest.
1652 silly tarball no local data for argparse@https://registry.npmjs.org/argparse/-/argparse-2.0.1.tgz. Extracting by manifest.
1653 silly tarball no local data for ajv-formats@https://registry.npmjs.org/ajv-formats/-/ajv-formats-3.0.1.tgz. Extracting by manifest.
1654 silly tarball no local data for ajv@https://registry.npmjs.org/ajv/-/ajv-8.20.0.tgz. Extracting by manifest.
1655 silly tarball no local data for acorn-jsx@https://registry.npmjs.org/acorn-jsx/-/acorn-jsx-5.3.2.tgz. Extracting by manifest.
1656 silly tarball no local data for acorn@https://registry.npmjs.org/acorn/-/acorn-8.16.0.tgz. Extracting by manifest.
1657 silly tarball no local data for accepts@https://registry.npmjs.org/accepts/-/accepts-2.0.0.tgz. Extracting by manifest.
1658 silly tarball no local data for @webcontainer/env@https://registry.npmjs.org/@webcontainer/env/-/env-1.1.1.tgz. Extracting by manifest.
1659 silly tarball no local data for @vitest/utils@https://registry.npmjs.org/@vitest/utils/-/utils-4.1.10.tgz. Extracting by manifest.
1660 silly tarball no local data for @vitest/spy@https://registry.npmjs.org/@vitest/spy/-/spy-4.1.10.tgz. Extracting by manifest.
1661 silly tarball no local data for @vitest/snapshot@https://registry.npmjs.org/@vitest/snapshot/-/snapshot-4.1.10.tgz. Extracting by manifest.
1662 silly tarball no local data for @vitest/runner@https://registry.npmjs.org/@vitest/runner/-/runner-4.1.10.tgz. Extracting by manifest.
1663 silly tarball no local data for @vitest/pretty-format@https://registry.npmjs.org/@vitest/pretty-format/-/pretty-format-4.1.10.tgz. Extracting by manifest.
1664 silly tarball no local data for @vitest/mocker@https://registry.npmjs.org/@vitest/mocker/-/mocker-4.1.10.tgz. Extracting by manifest.
1665 silly tarball no local data for @vitest/expect@https://registry.npmjs.org/@vitest/expect/-/expect-3.2.4.tgz. Extracting by manifest.
1666 silly tarball no local data for @vitest/coverage-v8@https://registry.npmjs.org/@vitest/coverage-v8/-/coverage-v8-4.1.10.tgz. Extracting by manifest.
1667 silly tarball no local data for @vitest/browser@https://registry.npmjs.org/@vitest/browser/-/browser-4.1.10.tgz. Extracting by manifest.
1668 silly tarball no local data for @vitest/browser-playwright@https://registry.npmjs.org/@vitest/browser-playwright/-/browser-playwright-4.1.10.tgz. Extracting by manifest.
1669 silly tarball no local data for @vite-pwa/sveltekit@https://registry.npmjs.org/@vite-pwa/sveltekit/-/sveltekit-1.1.0.tgz. Extracting by manifest.
1670 silly tarball no local data for @vite-pwa/assets-generator@https://registry.npmjs.org/@vite-pwa/assets-generator/-/assets-generator-1.0.2.tgz. Extracting by manifest.
1671 silly tarball no local data for @upsetjs/venn.js@https://registry.npmjs.org/@upsetjs/venn.js/-/venn.js-2.0.0.tgz. Extracting by manifest.
1672 silly tarball no local data for @ungap/structured-clone@https://registry.npmjs.org/@ungap/structured-clone/-/structured-clone-1.3.1.tgz. Extracting by manifest.
1673 silly tarball no local data for @typescript-eslint/visitor-keys@https://registry.npmjs.org/@typescript-eslint/visitor-keys/-/visitor-keys-8.60.1.tgz. Extracting by manifest.
1674 silly tarball no local data for @typescript-eslint/utils@https://registry.npmjs.org/@typescript-eslint/utils/-/utils-8.60.1.tgz. Extracting by manifest.
1675 silly tarball no local data for @typescript-eslint/typescript-estree@https://registry.npmjs.org/@typescript-eslint/typescript-estree/-/typescript-estree-8.60.1.tgz. Extracting by manifest.
1676 silly tarball no local data for @typescript-eslint/types@https://registry.npmjs.org/@typescript-eslint/types/-/types-8.60.1.tgz. Extracting by manifest.
1677 silly tarball no local data for @typescript-eslint/type-utils@https://registry.npmjs.org/@typescript-eslint/type-utils/-/type-utils-8.60.1.tgz. Extracting by manifest.
1678 silly tarball no local data for @typescript-eslint/tsconfig-utils@https://registry.npmjs.org/@typescript-eslint/tsconfig-utils/-/tsconfig-utils-8.60.1.tgz. Extracting by manifest.
1679 silly tarball no local data for @typescript-eslint/scope-manager@https://registry.npmjs.org/@typescript-eslint/scope-manager/-/scope-manager-8.60.1.tgz. Extracting by manifest.
1680 silly tarball no local data for @typescript-eslint/project-service@https://registry.npmjs.org/@typescript-eslint/project-service/-/project-service-8.60.1.tgz. Extracting by manifest.
1681 silly tarball no local data for @typescript-eslint/parser@https://registry.npmjs.org/@typescript-eslint/parser/-/parser-8.60.1.tgz. Extracting by manifest.
1682 silly tarball no local data for @typescript-eslint/eslint-plugin@https://registry.npmjs.org/@typescript-eslint/eslint-plugin/-/eslint-plugin-8.60.1.tgz. Extracting by manifest.
1683 silly tarball no local data for @types/unist@https://registry.npmjs.org/@types/unist/-/unist-2.0.11.tgz. Extracting by manifest.
1684 silly tarball no local data for @types/trusted-types@https://registry.npmjs.org/@types/trusted-types/-/trusted-types-2.0.7.tgz. Extracting by manifest.
1685 silly tarball no local data for @types/resolve@https://registry.npmjs.org/@types/resolve/-/resolve-1.20.2.tgz. Extracting by manifest.
1686 silly tarball no local data for @types/react@https://registry.npmjs.org/@types/react/-/react-19.2.17.tgz. Extracting by manifest.
1687 silly tarball no local data for @types/node@https://registry.npmjs.org/@types/node/-/node-24.13.0.tgz. Extracting by manifest.
1688 silly tarball no local data for @types/ms@https://registry.npmjs.org/@types/ms/-/ms-2.1.0.tgz. Extracting by manifest.
1689 silly tarball no local data for @types/mdx@https://registry.npmjs.org/@types/mdx/-/mdx-2.0.13.tgz. Extracting by manifest.
1690 silly tarball no local data for @types/mdast@https://registry.npmjs.org/@types/mdast/-/mdast-4.0.4.tgz. Extracting by manifest.
1691 silly tarball no local data for @types/katex@https://registry.npmjs.org/@types/katex/-/katex-0.16.8.tgz. Extracting by manifest.
1692 silly tarball no local data for @types/json-schema@https://registry.npmjs.org/@types/json-schema/-/json-schema-7.0.15.tgz. Extracting by manifest.
1693 silly tarball no local data for @types/hast@https://registry.npmjs.org/@types/hast/-/hast-3.0.4.tgz. Extracting by manifest.
1694 silly tarball no local data for @types/geojson@https://registry.npmjs.org/@types/geojson/-/geojson-7946.0.16.tgz. Extracting by manifest.
1695 silly tarball no local data for @types/deep-eql@https://registry.npmjs.org/@types/deep-eql/-/deep-eql-4.0.2.tgz. Extracting by manifest.
1696 silly tarball no local data for @types/debug@https://registry.npmjs.org/@types/debug/-/debug-4.1.13.tgz. Extracting by manifest.
1697 silly tarball no local data for @types/d3-zoom@https://registry.npmjs.org/@types/d3-zoom/-/d3-zoom-3.0.8.tgz. Extracting by manifest.
1698 silly tarball no local data for @types/d3-transition@https://registry.npmjs.org/@types/d3-transition/-/d3-transition-3.0.9.tgz. Extracting by manifest.
1699 silly tarball no local data for @types/d3-timer@https://registry.npmjs.org/@types/d3-timer/-/d3-timer-3.0.2.tgz. Extracting by manifest.
1700 silly tarball no local data for @types/d3-time-format@https://registry.npmjs.org/@types/d3-time-format/-/d3-time-format-4.0.3.tgz. Extracting by manifest.
1701 silly tarball no local data for @types/d3-time@https://registry.npmjs.org/@types/d3-time/-/d3-time-3.0.4.tgz. Extracting by manifest.
1702 silly tarball no local data for @types/d3-shape@https://registry.npmjs.org/@types/d3-shape/-/d3-shape-3.1.8.tgz. Extracting by manifest.
1703 silly tarball no local data for @types/d3-selection@https://registry.npmjs.org/@types/d3-selection/-/d3-selection-3.0.11.tgz. Extracting by manifest.
1704 silly tarball no local data for @types/d3-scale-chromatic@https://registry.npmjs.org/@types/d3-scale-chromatic/-/d3-scale-chromatic-3.1.0.tgz. Extracting by manifest.
1705 silly tarball no local data for @types/d3-scale@https://registry.npmjs.org/@types/d3-scale/-/d3-scale-4.0.9.tgz. Extracting by manifest.
1706 silly tarball no local data for @types/d3-random@https://registry.npmjs.org/@types/d3-random/-/d3-random-3.0.3.tgz. Extracting by manifest.
1707 silly tarball no local data for @types/d3-quadtree@https://registry.npmjs.org/@types/d3-quadtree/-/d3-quadtree-3.0.6.tgz. Extracting by manifest.
1708 silly tarball no local data for @types/d3-polygon@https://registry.npmjs.org/@types/d3-polygon/-/d3-polygon-3.0.2.tgz. Extracting by manifest.
1709 silly tarball no local data for @types/d3-path@https://registry.npmjs.org/@types/d3-path/-/d3-path-3.1.1.tgz. Extracting by manifest.
1710 silly tarball no local data for @types/d3-interpolate@https://registry.npmjs.org/@types/d3-interpolate/-/d3-interpolate-3.0.4.tgz. Extracting by manifest.
1711 silly tarball no local data for @types/d3-hierarchy@https://registry.npmjs.org/@types/d3-hierarchy/-/d3-hierarchy-3.1.7.tgz. Extracting by manifest.
1712 silly tarball no local data for @types/d3-geo@https://registry.npmjs.org/@types/d3-geo/-/d3-geo-3.1.0.tgz. Extracting by manifest.
1713 silly tarball no local data for @types/d3-format@https://registry.npmjs.org/@types/d3-format/-/d3-format-3.0.4.tgz. Extracting by manifest.
1714 silly tarball no local data for @types/d3-force@https://registry.npmjs.org/@types/d3-force/-/d3-force-3.0.10.tgz. Extracting by manifest.
1715 silly tarball no local data for @types/d3-fetch@https://registry.npmjs.org/@types/d3-fetch/-/d3-fetch-3.0.7.tgz. Extracting by manifest.
1716 silly tarball no local data for @types/d3-ease@https://registry.npmjs.org/@types/d3-ease/-/d3-ease-3.0.2.tgz. Extracting by manifest.
1717 silly tarball no local data for @types/d3-dsv@https://registry.npmjs.org/@types/d3-dsv/-/d3-dsv-3.0.7.tgz. Extracting by manifest.
1718 silly tarball no local data for @types/d3-drag@https://registry.npmjs.org/@types/d3-drag/-/d3-drag-3.0.7.tgz. Extracting by manifest.
1719 silly tarball no local data for @types/d3-dispatch@https://registry.npmjs.org/@types/d3-dispatch/-/d3-dispatch-3.0.7.tgz. Extracting by manifest.
1720 silly tarball no local data for @types/d3-delaunay@https://registry.npmjs.org/@types/d3-delaunay/-/d3-delaunay-6.0.4.tgz. Extracting by manifest.
1721 silly tarball no local data for @types/d3-contour@https://registry.npmjs.org/@types/d3-contour/-/d3-contour-3.0.6.tgz. Extracting by manifest.
1722 silly tarball no local data for @types/d3-color@https://registry.npmjs.org/@types/d3-color/-/d3-color-3.1.3.tgz. Extracting by manifest.
1723 silly tarball no local data for @types/d3-chord@https://registry.npmjs.org/@types/d3-chord/-/d3-chord-3.0.6.tgz. Extracting by manifest.
1724 silly tarball no local data for @types/d3-brush@https://registry.npmjs.org/@types/d3-brush/-/d3-brush-3.0.6.tgz. Extracting by manifest.
1725 silly tarball no local data for @types/d3-axis@https://registry.npmjs.org/@types/d3-axis/-/d3-axis-3.0.6.tgz. Extracting by manifest.
1726 silly tarball no local data for @types/d3-array@https://registry.npmjs.org/@types/d3-array/-/d3-array-3.2.2.tgz. Extracting by manifest.
1727 silly tarball no local data for @types/d3@https://registry.npmjs.org/@types/d3/-/d3-7.4.3.tgz. Extracting by manifest.
1728 silly tarball no local data for @types/cookie@https://registry.npmjs.org/@types/cookie/-/cookie-0.6.0.tgz. Extracting by manifest.
1729 silly tarball no local data for @types/chai@https://registry.npmjs.org/@types/chai/-/chai-5.2.3.tgz. Extracting by manifest.
1730 silly tarball no local data for @types/aria-query@https://registry.npmjs.org/@types/aria-query/-/aria-query-5.0.4.tgz. Extracting by manifest.
1731 silly tarball no local data for @trickfilm400/rollup-plugin-off-main-thread@https://registry.npmjs.org/@trickfilm400/rollup-plugin-off-main-thread/-/rollup-plugin-off-main-thread-3.0.0-pre1.tgz. Extracting by manifest.
1732 silly tarball no local data for @tmcp/transport-http@https://registry.npmjs.org/@tmcp/transport-http/-/transport-http-0.8.6.tgz. Extracting by manifest.
1733 silly tarball no local data for @tmcp/session-manager@https://registry.npmjs.org/@tmcp/session-manager/-/session-manager-0.2.2.tgz. Extracting by manifest.
1734 silly tarball no local data for @testing-library/user-event@https://registry.npmjs.org/@testing-library/user-event/-/user-event-14.6.1.tgz. Extracting by manifest.
1735 silly tarball no local data for @tmcp/adapter-valibot@https://registry.npmjs.org/@tmcp/adapter-valibot/-/adapter-valibot-0.1.6.tgz. Extracting by manifest.
1736 silly tarball no local data for @testing-library/svelte-core@https://registry.npmjs.org/@testing-library/svelte-core/-/svelte-core-1.0.0.tgz. Extracting by manifest.
1737 silly tarball no local data for @testing-library/jest-dom@https://registry.npmjs.org/@testing-library/jest-dom/-/jest-dom-6.9.1.tgz. Extracting by manifest.
1738 silly tarball no local data for @testing-library/dom@https://registry.npmjs.org/@testing-library/dom/-/dom-10.4.1.tgz. Extracting by manifest.
1739 silly tarball no local data for @tailwindcss/vite@https://registry.npmjs.org/@tailwindcss/vite/-/vite-4.1.11.tgz. Extracting by manifest.
1740 silly tarball no local data for @tailwindcss/typography@https://registry.npmjs.org/@tailwindcss/typography/-/typography-0.5.16.tgz. Extracting by manifest.
1741 silly tarball no local data for @tailwindcss/oxide-android-arm64@https://registry.npmjs.org/@tailwindcss/oxide-android-arm64/-/oxide-android-arm64-4.1.11.tgz. Extracting by manifest.
1742 silly tarball no local data for @tailwindcss/oxide@https://registry.npmjs.org/@tailwindcss/oxide/-/oxide-4.1.11.tgz. Extracting by manifest.
1743 silly tarball no local data for @tailwindcss/node@https://registry.npmjs.org/@tailwindcss/node/-/node-4.1.11.tgz. Extracting by manifest.
1744 silly tarball no local data for @tailwindcss/forms@https://registry.npmjs.org/@tailwindcss/forms/-/forms-0.5.10.tgz. Extracting by manifest.
1745 silly tarball no local data for @swc/helpers@https://registry.npmjs.org/@swc/helpers/-/helpers-0.5.23.tgz. Extracting by manifest.
1746 silly tarball no local data for @sveltejs/vite-plugin-svelte-inspector@https://registry.npmjs.org/@sveltejs/vite-plugin-svelte-inspector/-/vite-plugin-svelte-inspector-5.0.2.tgz. Extracting by manifest.
1747 silly tarball no local data for @sveltejs/vite-plugin-svelte@https://registry.npmjs.org/@sveltejs/vite-plugin-svelte/-/vite-plugin-svelte-6.2.1.tgz. Extracting by manifest.
1748 silly tarball no local data for @sveltejs/load-config@https://registry.npmjs.org/@sveltejs/load-config/-/load-config-0.1.1.tgz. Extracting by manifest.
1749 silly tarball no local data for @sveltejs/kit@https://registry.npmjs.org/@sveltejs/kit/-/kit-2.70.2.tgz. Extracting by manifest.
1750 silly tarball no local data for @sveltejs/adapter-static@https://registry.npmjs.org/@sveltejs/adapter-static/-/adapter-static-3.0.10.tgz. Extracting by manifest.
1751 silly tarball no local data for @sveltejs/acorn-typescript@https://registry.npmjs.org/@sveltejs/acorn-typescript/-/acorn-typescript-1.0.10.tgz. Extracting by manifest.
1752 silly tarball no local data for @storybook/sveltekit@https://registry.npmjs.org/@storybook/sveltekit/-/sveltekit-10.5.6.tgz. Extracting by manifest.
1753 silly tarball no local data for @storybook/svelte@https://registry.npmjs.org/@storybook/svelte/-/svelte-10.5.6.tgz. Extracting by manifest.
1754 silly tarball no local data for @storybook/react-dom-shim@https://registry.npmjs.org/@storybook/react-dom-shim/-/react-dom-shim-10.5.6.tgz. Extracting by manifest.
1755 silly tarball no local data for @storybook/mcp@https://registry.npmjs.org/@storybook/mcp/-/mcp-0.8.0.tgz. Extracting by manifest.
1756 silly tarball no local data for @storybook/icons@https://registry.npmjs.org/@storybook/icons/-/icons-2.0.2.tgz. Extracting by manifest.
1757 silly tarball no local data for @storybook/global@https://registry.npmjs.org/@storybook/global/-/global-5.0.0.tgz. Extracting by manifest.
1758 silly tarball no local data for @storybook/csf-plugin@https://registry.npmjs.org/@storybook/csf-plugin/-/csf-plugin-10.5.6.tgz. Extracting by manifest.
1759 silly tarball no local data for @storybook/csf@https://registry.npmjs.org/@storybook/csf/-/csf-0.1.13.tgz. Extracting by manifest.
1760 silly tarball no local data for @storybook/builder-vite@https://registry.npmjs.org/@storybook/builder-vite/-/builder-vite-10.5.6.tgz. Extracting by manifest.
1761 silly tarball no local data for @storybook/addon-vitest@https://registry.npmjs.org/@storybook/addon-vitest/-/addon-vitest-10.5.6.tgz. Extracting by manifest.
1762 silly tarball no local data for @storybook/addon-svelte-csf@https://registry.npmjs.org/@storybook/addon-svelte-csf/-/addon-svelte-csf-5.1.2.tgz. Extracting by manifest.
1763 silly tarball no local data for @storybook/addon-mcp@https://registry.npmjs.org/@storybook/addon-mcp/-/addon-mcp-0.7.0.tgz. Extracting by manifest.
1764 silly tarball no local data for @storybook/addon-docs@https://registry.npmjs.org/@storybook/addon-docs/-/addon-docs-10.5.6.tgz. Extracting by manifest.
1765 silly tarball no local data for @storybook/addon-a11y@https://registry.npmjs.org/@storybook/addon-a11y/-/addon-a11y-10.5.6.tgz. Extracting by manifest.
1766 silly tarball no local data for @standard-schema/spec@https://registry.npmjs.org/@standard-schema/spec/-/spec-1.1.0.tgz. Extracting by manifest.
1767 silly tarball no local data for @rollup/rollup-android-arm64@https://registry.npmjs.org/@rollup/rollup-android-arm64/-/rollup-android-arm64-4.61.1.tgz. Extracting by manifest.
1768 silly tarball no local data for @rollup/pluginutils@https://registry.npmjs.org/@rollup/pluginutils/-/pluginutils-5.4.0.tgz. Extracting by manifest.
1769 silly tarball no local data for @rollup/plugin-terser@https://registry.npmjs.org/@rollup/plugin-terser/-/plugin-terser-1.0.0.tgz. Extracting by manifest.
1770 silly tarball no local data for @rollup/plugin-replace@https://registry.npmjs.org/@rollup/plugin-replace/-/plugin-replace-6.0.3.tgz. Extracting by manifest.
1771 silly tarball no local data for @rollup/plugin-node-resolve@https://registry.npmjs.org/@rollup/plugin-node-resolve/-/plugin-node-resolve-16.0.3.tgz. Extracting by manifest.
1772 silly tarball no local data for @quansync/fs@https://registry.npmjs.org/@quansync/fs/-/fs-1.0.0.tgz. Extracting by manifest.
1773 silly tarball no local data for @polka/url@https://registry.npmjs.org/@polka/url/-/url-1.0.0-next.29.tgz. Extracting by manifest.
1774 silly tarball no local data for @rollup/plugin-babel@https://registry.npmjs.org/@rollup/plugin-babel/-/plugin-babel-6.1.0.tgz. Extracting by manifest.
1775 silly tarball no local data for @playwright/test@https://registry.npmjs.org/@playwright/test/-/test-1.56.1.tgz. Extracting by manifest.
1776 silly tarball no local data for @parcel/watcher-android-arm64@https://registry.npmjs.org/@parcel/watcher-android-arm64/-/watcher-android-arm64-2.5.6.tgz. Extracting by manifest.
1777 silly tarball no local data for @parcel/watcher@https://registry.npmjs.org/@parcel/watcher/-/watcher-2.5.6.tgz. Extracting by manifest.
1778 silly tarball no local data for @oxc-resolver/binding-android-arm64@https://registry.npmjs.org/@oxc-resolver/binding-android-arm64/-/binding-android-arm64-11.20.0.tgz. Extracting by manifest.
1779 silly tarball no local data for @oxc-project/types@https://registry.npmjs.org/@oxc-project/types/-/types-0.127.0.tgz. Extracting by manifest.
1780 silly tarball no local data for @napi-rs/canvas-android-arm64@https://registry.npmjs.org/@napi-rs/canvas-android-arm64/-/canvas-android-arm64-0.1.100.tgz. Extracting by manifest.
1781 silly tarball no local data for @modelcontextprotocol/sdk@https://registry.npmjs.org/@modelcontextprotocol/sdk/-/sdk-1.30.0.tgz. Extracting by manifest.
1782 silly tarball no local data for @neoconfetti/react@https://registry.npmjs.org/@neoconfetti/react/-/react-1.0.0.tgz. Extracting by manifest.
1783 silly tarball no local data for @oxc-parser/binding-android-arm64@https://registry.npmjs.org/@oxc-parser/binding-android-arm64/-/binding-android-arm64-0.127.0.tgz. Extracting by manifest.
1784 silly tarball no local data for @napi-rs/canvas@https://registry.npmjs.org/@napi-rs/canvas/-/canvas-0.1.100.tgz. Extracting by manifest.
1785 silly tarball no local data for @jridgewell/source-map@https://registry.npmjs.org/@jridgewell/source-map/-/source-map-0.3.11.tgz. Extracting by manifest.
1786 silly tarball no local data for @mdx-js/react@https://registry.npmjs.org/@mdx-js/react/-/react-3.1.1.tgz. Extracting by manifest.
1787 silly tarball no local data for @lucide/svelte@https://registry.npmjs.org/@lucide/svelte/-/svelte-1.25.0.tgz. Extracting by manifest.
1788 silly tarball no local data for @mermaid-js/parser@https://registry.npmjs.org/@mermaid-js/parser/-/parser-1.1.1.tgz. Extracting by manifest.
1789 silly tarball no local data for @iconify/utils@https://registry.npmjs.org/@iconify/utils/-/utils-3.1.3.tgz. Extracting by manifest.
1790 silly tarball no local data for @iconify/types@https://registry.npmjs.org/@iconify/types/-/types-2.0.0.tgz. Extracting by manifest.
1791 silly tarball no local data for @humanwhocodes/retry@https://registry.npmjs.org/@humanwhocodes/retry/-/retry-0.4.3.tgz. Extracting by manifest.
1792 silly tarball no local data for @internationalized/date@https://registry.npmjs.org/@internationalized/date/-/date-3.12.2.tgz. Extracting by manifest.
1793 silly tarball no local data for @humanfs/types@https://registry.npmjs.org/@humanfs/types/-/types-0.15.0.tgz. Extracting by manifest.
1794 silly tarball no local data for @humanfs/node@https://registry.npmjs.org/@humanfs/node/-/node-0.16.8.tgz. Extracting by manifest.
1795 silly tarball no local data for @humanwhocodes/module-importer@https://registry.npmjs.org/@humanwhocodes/module-importer/-/module-importer-1.0.1.tgz. Extracting by manifest.
1796 silly tarball no local data for @img/colour@https://registry.npmjs.org/@img/colour/-/colour-1.1.0.tgz. Extracting by manifest.
1797 silly tarball no local data for @floating-ui/utils@https://registry.npmjs.org/@floating-ui/utils/-/utils-0.2.11.tgz. Extracting by manifest.
1798 silly tarball no local data for @floating-ui/dom@https://registry.npmjs.org/@floating-ui/dom/-/dom-1.7.6.tgz. Extracting by manifest.
1799 silly tarball no local data for @eslint/plugin-kit@https://registry.npmjs.org/@eslint/plugin-kit/-/plugin-kit-0.4.1.tgz. Extracting by manifest.
1800 silly tarball no local data for @eslint/object-schema@https://registry.npmjs.org/@eslint/object-schema/-/object-schema-2.1.7.tgz. Extracting by manifest.
1801 silly tarball no local data for @eslint/js@https://registry.npmjs.org/@eslint/js/-/js-9.39.2.tgz. Extracting by manifest.
1802 silly tarball no local data for @humanfs/core@https://registry.npmjs.org/@humanfs/core/-/core-0.19.2.tgz. Extracting by manifest.
1803 silly tarball no local data for @eslint/core@https://registry.npmjs.org/@eslint/core/-/core-0.17.0.tgz. Extracting by manifest.
1804 silly tarball no local data for @eslint/config-helpers@https://registry.npmjs.org/@eslint/config-helpers/-/config-helpers-0.4.2.tgz. Extracting by manifest.
1805 silly tarball no local data for @eslint/config-array@https://registry.npmjs.org/@eslint/config-array/-/config-array-0.21.2.tgz. Extracting by manifest.
1806 silly tarball no local data for @hono/node-server@https://registry.npmjs.org/@hono/node-server/-/node-server-2.1.0.tgz. Extracting by manifest.
1807 silly tarball no local data for @eslint/eslintrc@https://registry.npmjs.org/@eslint/eslintrc/-/eslintrc-3.3.5.tgz. Extracting by manifest.
1808 silly tarball no local data for @eslint-community/eslint-utils@https://registry.npmjs.org/@eslint-community/eslint-utils/-/eslint-utils-4.9.1.tgz. Extracting by manifest.
1809 silly tarball no local data for @floating-ui/core@https://registry.npmjs.org/@floating-ui/core/-/core-1.7.5.tgz. Extracting by manifest.
1810 silly tarball no local data for @eslint/compat@https://registry.npmjs.org/@eslint/compat/-/compat-1.4.1.tgz. Extracting by manifest.
1811 silly tarball no local data for @esbuild/android-arm64@https://registry.npmjs.org/@esbuild/android-arm64/-/android-arm64-0.28.1.tgz. Extracting by manifest.
1812 silly tarball no local data for @chevrotain/types@https://registry.npmjs.org/@chevrotain/types/-/types-11.1.2.tgz. Extracting by manifest.
1813 silly tarball no local data for @canvas/image-data@https://registry.npmjs.org/@canvas/image-data/-/image-data-1.1.0.tgz. Extracting by manifest.
1814 silly tarball no local data for @chromatic-com/storybook@https://registry.npmjs.org/@chromatic-com/storybook/-/storybook-5.2.1.tgz. Extracting by manifest.
1815 silly tarball no local data for @braintree/sanitize-url@https://registry.npmjs.org/@braintree/sanitize-url/-/sanitize-url-7.1.2.tgz. Extracting by manifest.
1816 silly tarball no local data for @babel/types@https://registry.npmjs.org/@babel/types/-/types-7.29.7.tgz. Extracting by manifest.
1817 silly tarball no local data for @babel/traverse@https://registry.npmjs.org/@babel/traverse/-/traverse-7.29.7.tgz. Extracting by manifest.
1818 silly tarball no local data for @babel/runtime@https://registry.npmjs.org/@babel/runtime/-/runtime-7.29.7.tgz. Extracting by manifest.
1819 silly tarball no local data for @babel/preset-modules@https://registry.npmjs.org/@babel/preset-modules/-/preset-modules-0.1.6-no-external-plugins.tgz. Extracting by manifest.
1820 silly tarball no local data for @babel/preset-env@https://registry.npmjs.org/@babel/preset-env/-/preset-env-7.29.7.tgz. Extracting by manifest.
1821 silly tarball no local data for @blazediff/core@https://registry.npmjs.org/@blazediff/core/-/core-1.9.1.tgz. Extracting by manifest.
1822 silly tarball no local data for @babel/plugin-transform-unicode-sets-regex@https://registry.npmjs.org/@babel/plugin-transform-unicode-sets-regex/-/plugin-transform-unicode-sets-regex-7.29.7.tgz. Extracting by manifest.
1823 silly tarball no local data for @babel/plugin-transform-unicode-regex@https://registry.npmjs.org/@babel/plugin-transform-unicode-regex/-/plugin-transform-unicode-regex-7.29.7.tgz. Extracting by manifest.
1824 silly tarball no local data for @babel/plugin-transform-unicode-escapes@https://registry.npmjs.org/@babel/plugin-transform-unicode-escapes/-/plugin-transform-unicode-escapes-7.29.7.tgz. Extracting by manifest.
1825 silly tarball no local data for @babel/plugin-transform-typeof-symbol@https://registry.npmjs.org/@babel/plugin-transform-typeof-symbol/-/plugin-transform-typeof-symbol-7.29.7.tgz. Extracting by manifest.
1826 silly tarball no local data for @babel/plugin-transform-unicode-property-regex@https://registry.npmjs.org/@babel/plugin-transform-unicode-property-regex/-/plugin-transform-unicode-property-regex-7.29.7.tgz. Extracting by manifest.
1827 silly tarball no local data for @babel/plugin-transform-template-literals@https://registry.npmjs.org/@babel/plugin-transform-template-literals/-/plugin-transform-template-literals-7.29.7.tgz. Extracting by manifest.
1828 silly tarball no local data for @eslint-community/regexpp@https://registry.npmjs.org/@eslint-community/regexpp/-/regexpp-4.12.2.tgz. Extracting by manifest.
1829 silly tarball no local data for @babel/plugin-transform-sticky-regex@https://registry.npmjs.org/@babel/plugin-transform-sticky-regex/-/plugin-transform-sticky-regex-7.29.7.tgz. Extracting by manifest.
1830 silly tarball no local data for @babel/plugin-transform-spread@https://registry.npmjs.org/@babel/plugin-transform-spread/-/plugin-transform-spread-7.29.7.tgz. Extracting by manifest.
1831 silly tarball no local data for @babel/plugin-transform-reserved-words@https://registry.npmjs.org/@babel/plugin-transform-reserved-words/-/plugin-transform-reserved-words-7.29.7.tgz. Extracting by manifest.
1832 silly tarball no local data for @babel/plugin-transform-shorthand-properties@https://registry.npmjs.org/@babel/plugin-transform-shorthand-properties/-/plugin-transform-shorthand-properties-7.29.7.tgz. Extracting by manifest.
1833 silly tarball no local data for @babel/plugin-transform-regenerator@https://registry.npmjs.org/@babel/plugin-transform-regenerator/-/plugin-transform-regenerator-7.29.7.tgz. Extracting by manifest.
1834 silly tarball no local data for @babel/plugin-transform-regexp-modifiers@https://registry.npmjs.org/@babel/plugin-transform-regexp-modifiers/-/plugin-transform-regexp-modifiers-7.29.7.tgz. Extracting by manifest.
1835 silly tarball no local data for @babel/plugin-transform-property-literals@https://registry.npmjs.org/@babel/plugin-transform-property-literals/-/plugin-transform-property-literals-7.29.7.tgz. Extracting by manifest.
1836 silly tarball no local data for @babel/plugin-transform-private-property-in-object@https://registry.npmjs.org/@babel/plugin-transform-private-property-in-object/-/plugin-transform-private-property-in-object-7.29.7.tgz. Extracting by manifest.
1837 silly tarball no local data for @babel/plugin-transform-private-methods@https://registry.npmjs.org/@babel/plugin-transform-private-methods/-/plugin-transform-private-methods-7.29.7.tgz. Extracting by manifest.
1838 silly tarball no local data for @babel/plugin-transform-parameters@https://registry.npmjs.org/@babel/plugin-transform-parameters/-/plugin-transform-parameters-7.29.7.tgz. Extracting by manifest.
1839 silly tarball no local data for @babel/plugin-transform-optional-chaining@https://registry.npmjs.org/@babel/plugin-transform-optional-chaining/-/plugin-transform-optional-chaining-7.29.7.tgz. Extracting by manifest.
1840 silly tarball no local data for @babel/plugin-transform-optional-catch-binding@https://registry.npmjs.org/@babel/plugin-transform-optional-catch-binding/-/plugin-transform-optional-catch-binding-7.29.7.tgz. Extracting by manifest.
1841 silly tarball no local data for @babel/plugin-transform-object-super@https://registry.npmjs.org/@babel/plugin-transform-object-super/-/plugin-transform-object-super-7.29.7.tgz. Extracting by manifest.
1842 silly tarball no local data for @babel/plugin-transform-object-rest-spread@https://registry.npmjs.org/@babel/plugin-transform-object-rest-spread/-/plugin-transform-object-rest-spread-7.29.7.tgz. Extracting by manifest.
1843 silly tarball no local data for @babel/plugin-transform-numeric-separator@https://registry.npmjs.org/@babel/plugin-transform-numeric-separator/-/plugin-transform-numeric-separator-7.29.7.tgz. Extracting by manifest.
1844 silly tarball no local data for @babel/plugin-transform-nullish-coalescing-operator@https://registry.npmjs.org/@babel/plugin-transform-nullish-coalescing-operator/-/plugin-transform-nullish-coalescing-operator-7.29.7.tgz. Extracting by manifest.
1845 silly tarball no local data for @babel/plugin-transform-new-target@https://registry.npmjs.org/@babel/plugin-transform-new-target/-/plugin-transform-new-target-7.29.7.tgz. Extracting by manifest.
1846 silly tarball no local data for @babel/plugin-transform-named-capturing-groups-regex@https://registry.npmjs.org/@babel/plugin-transform-named-capturing-groups-regex/-/plugin-transform-named-capturing-groups-regex-7.29.7.tgz. Extracting by manifest.
1847 silly tarball no local data for @babel/plugin-transform-modules-umd@https://registry.npmjs.org/@babel/plugin-transform-modules-umd/-/plugin-transform-modules-umd-7.29.7.tgz. Extracting by manifest.
1848 silly tarball no local data for @babel/plugin-transform-modules-systemjs@https://registry.npmjs.org/@babel/plugin-transform-modules-systemjs/-/plugin-transform-modules-systemjs-7.29.7.tgz. Extracting by manifest.
1849 silly tarball no local data for @babel/plugin-transform-modules-commonjs@https://registry.npmjs.org/@babel/plugin-transform-modules-commonjs/-/plugin-transform-modules-commonjs-7.29.7.tgz. Extracting by manifest.
1850 silly tarball no local data for @babel/plugin-transform-modules-amd@https://registry.npmjs.org/@babel/plugin-transform-modules-amd/-/plugin-transform-modules-amd-7.29.7.tgz. Extracting by manifest.
1851 silly tarball no local data for @babel/plugin-transform-member-expression-literals@https://registry.npmjs.org/@babel/plugin-transform-member-expression-literals/-/plugin-transform-member-expression-literals-7.29.7.tgz. Extracting by manifest.
1852 silly tarball no local data for @babel/plugin-transform-logical-assignment-operators@https://registry.npmjs.org/@babel/plugin-transform-logical-assignment-operators/-/plugin-transform-logical-assignment-operators-7.29.7.tgz. Extracting by manifest.
1853 silly tarball no local data for @babel/plugin-transform-literals@https://registry.npmjs.org/@babel/plugin-transform-literals/-/plugin-transform-literals-7.29.7.tgz. Extracting by manifest.
1854 silly tarball no local data for @babel/plugin-transform-json-strings@https://registry.npmjs.org/@babel/plugin-transform-json-strings/-/plugin-transform-json-strings-7.29.7.tgz. Extracting by manifest.
1855 silly tarball no local data for @babel/plugin-transform-function-name@https://registry.npmjs.org/@babel/plugin-transform-function-name/-/plugin-transform-function-name-7.29.7.tgz. Extracting by manifest.
1856 silly tarball no local data for @babel/plugin-transform-for-of@https://registry.npmjs.org/@babel/plugin-transform-for-of/-/plugin-transform-for-of-7.29.7.tgz. Extracting by manifest.
1857 silly tarball no local data for @babel/plugin-transform-export-namespace-from@https://registry.npmjs.org/@babel/plugin-transform-export-namespace-from/-/plugin-transform-export-namespace-from-7.29.7.tgz. Extracting by manifest.
1858 silly tarball no local data for @babel/plugin-transform-exponentiation-operator@https://registry.npmjs.org/@babel/plugin-transform-exponentiation-operator/-/plugin-transform-exponentiation-operator-7.29.7.tgz. Extracting by manifest.
1859 silly tarball no local data for @babel/plugin-transform-explicit-resource-management@https://registry.npmjs.org/@babel/plugin-transform-explicit-resource-management/-/plugin-transform-explicit-resource-management-7.29.7.tgz. Extracting by manifest.
1860 silly tarball no local data for @babel/plugin-transform-dynamic-import@https://registry.npmjs.org/@babel/plugin-transform-dynamic-import/-/plugin-transform-dynamic-import-7.29.7.tgz. Extracting by manifest.
1861 silly tarball no local data for @babel/plugin-transform-duplicate-named-capturing-groups-regex@https://registry.npmjs.org/@babel/plugin-transform-duplicate-named-capturing-groups-regex/-/plugin-transform-duplicate-named-capturing-groups-regex-7.29.7.tgz. Extracting by manifest.
1862 silly tarball no local data for @babel/plugin-transform-duplicate-keys@https://registry.npmjs.org/@babel/plugin-transform-duplicate-keys/-/plugin-transform-duplicate-keys-7.29.7.tgz. Extracting by manifest.
1863 silly tarball no local data for @bcoe/v8-coverage@https://registry.npmjs.org/@bcoe/v8-coverage/-/v8-coverage-1.0.2.tgz. Extracting by manifest.
1864 silly tarball no local data for @babel/plugin-transform-dotall-regex@https://registry.npmjs.org/@babel/plugin-transform-dotall-regex/-/plugin-transform-dotall-regex-7.29.7.tgz. Extracting by manifest.
1865 silly tarball no local data for @babel/plugin-transform-destructuring@https://registry.npmjs.org/@babel/plugin-transform-destructuring/-/plugin-transform-destructuring-7.29.7.tgz. Extracting by manifest.
1866 silly tarball no local data for @babel/plugin-transform-computed-properties@https://registry.npmjs.org/@babel/plugin-transform-computed-properties/-/plugin-transform-computed-properties-7.29.7.tgz. Extracting by manifest.
1867 silly tarball no local data for @babel/plugin-transform-classes@https://registry.npmjs.org/@babel/plugin-transform-classes/-/plugin-transform-classes-7.29.7.tgz. Extracting by manifest.
1868 silly tarball no local data for @babel/plugin-transform-class-static-block@https://registry.npmjs.org/@babel/plugin-transform-class-static-block/-/plugin-transform-class-static-block-7.29.7.tgz. Extracting by manifest.
1869 silly tarball no local data for @babel/plugin-transform-class-properties@https://registry.npmjs.org/@babel/plugin-transform-class-properties/-/plugin-transform-class-properties-7.29.7.tgz. Extracting by manifest.
1870 silly tarball no local data for @babel/plugin-transform-block-scoping@https://registry.npmjs.org/@babel/plugin-transform-block-scoping/-/plugin-transform-block-scoping-7.29.7.tgz. Extracting by manifest.
1871 silly tarball no local data for @babel/plugin-transform-block-scoped-functions@https://registry.npmjs.org/@babel/plugin-transform-block-scoped-functions/-/plugin-transform-block-scoped-functions-7.29.7.tgz. Extracting by manifest.
1872 silly tarball no local data for @babel/plugin-transform-async-to-generator@https://registry.npmjs.org/@babel/plugin-transform-async-to-generator/-/plugin-transform-async-to-generator-7.29.7.tgz. Extracting by manifest.
1873 silly tarball no local data for @babel/plugin-transform-async-generator-functions@https://registry.npmjs.org/@babel/plugin-transform-async-generator-functions/-/plugin-transform-async-generator-functions-7.29.7.tgz. Extracting by manifest.
1874 silly tarball no local data for @babel/plugin-transform-arrow-functions@https://registry.npmjs.org/@babel/plugin-transform-arrow-functions/-/plugin-transform-arrow-functions-7.29.7.tgz. Extracting by manifest.
1875 silly tarball no local data for @babel/plugin-syntax-unicode-sets-regex@https://registry.npmjs.org/@babel/plugin-syntax-unicode-sets-regex/-/plugin-syntax-unicode-sets-regex-7.18.6.tgz. Extracting by manifest.
1876 silly tarball no local data for @babel/plugin-syntax-import-attributes@https://registry.npmjs.org/@babel/plugin-syntax-import-attributes/-/plugin-syntax-import-attributes-7.29.7.tgz. Extracting by manifest.
1877 silly tarball no local data for @babel/plugin-syntax-import-assertions@https://registry.npmjs.org/@babel/plugin-syntax-import-assertions/-/plugin-syntax-import-assertions-7.29.7.tgz. Extracting by manifest.
1878 silly tarball no local data for @babel/plugin-proposal-private-property-in-object@https://registry.npmjs.org/@babel/plugin-proposal-private-property-in-object/-/plugin-proposal-private-property-in-object-7.21.0-placeholder-for-preset-env.2.tgz. Extracting by manifest.
1879 silly tarball no local data for @babel/plugin-bugfix-v8-static-class-fields-redefine-readonly@https://registry.npmjs.org/@babel/plugin-bugfix-v8-static-class-fields-redefine-readonly/-/plugin-bugfix-v8-static-class-fields-redefine-readonly-7.29.7.tgz. Extracting by manifest.
1880 silly tarball no local data for @babel/plugin-bugfix-v8-spread-parameters-in-optional-chaining@https://registry.npmjs.org/@babel/plugin-bugfix-v8-spread-parameters-in-optional-chaining/-/plugin-bugfix-v8-spread-parameters-in-optional-chaining-7.29.7.tgz. Extracting by manifest.
1881 silly tarball no local data for @babel/plugin-bugfix-safari-rest-destructuring-rhs-array@https://registry.npmjs.org/@babel/plugin-bugfix-safari-rest-destructuring-rhs-array/-/plugin-bugfix-safari-rest-destructuring-rhs-array-7.29.7.tgz. Extracting by manifest.
1882 silly tarball no local data for @babel/plugin-bugfix-safari-id-destructuring-collision-in-function-expression@https://registry.npmjs.org/@babel/plugin-bugfix-safari-id-destructuring-collision-in-function-expression/-/plugin-bugfix-safari-id-destructuring-collision-in-function-expression-7.29.7.tgz. Extracting by manifest.
1883 silly tarball no local data for @babel/plugin-bugfix-safari-class-field-initializer-scope@https://registry.npmjs.org/@babel/plugin-bugfix-safari-class-field-initializer-scope/-/plugin-bugfix-safari-class-field-initializer-scope-7.29.7.tgz. Extracting by manifest.
1884 silly tarball no local data for @babel/plugin-bugfix-firefox-class-in-computed-class-key@https://registry.npmjs.org/@babel/plugin-bugfix-firefox-class-in-computed-class-key/-/plugin-bugfix-firefox-class-in-computed-class-key-7.29.7.tgz. Extracting by manifest.
1885 silly tarball no local data for @babel/parser@https://registry.npmjs.org/@babel/parser/-/parser-7.29.7.tgz. Extracting by manifest.
1886 silly tarball no local data for @babel/helper-wrap-function@https://registry.npmjs.org/@babel/helper-wrap-function/-/helper-wrap-function-7.29.7.tgz. Extracting by manifest.
1887 silly tarball no local data for @babel/helper-skip-transparent-expression-wrappers@https://registry.npmjs.org/@babel/helper-skip-transparent-expression-wrappers/-/helper-skip-transparent-expression-wrappers-7.29.7.tgz. Extracting by manifest.
1888 silly tarball no local data for @babel/helper-replace-supers@https://registry.npmjs.org/@babel/helper-replace-supers/-/helper-replace-supers-7.29.7.tgz. Extracting by manifest.
1889 silly tarball no local data for @babel/helper-remap-async-to-generator@https://registry.npmjs.org/@babel/helper-remap-async-to-generator/-/helper-remap-async-to-generator-7.29.7.tgz. Extracting by manifest.
1890 silly tarball no local data for @babel/helper-optimise-call-expression@https://registry.npmjs.org/@babel/helper-optimise-call-expression/-/helper-optimise-call-expression-7.29.7.tgz. Extracting by manifest.
1891 silly tarball no local data for @babel/helper-member-expression-to-functions@https://registry.npmjs.org/@babel/helper-member-expression-to-functions/-/helper-member-expression-to-functions-7.29.7.tgz. Extracting by manifest.
1892 silly tarball no local data for @babel/helper-define-polyfill-provider@https://registry.npmjs.org/@babel/helper-define-polyfill-provider/-/helper-define-polyfill-provider-0.6.8.tgz. Extracting by manifest.
1893 silly tarball no local data for @babel/helper-create-regexp-features-plugin@https://registry.npmjs.org/@babel/helper-create-regexp-features-plugin/-/helper-create-regexp-features-plugin-7.29.7.tgz. Extracting by manifest.
1894 silly tarball no local data for @babel/helper-create-class-features-plugin@https://registry.npmjs.org/@babel/helper-create-class-features-plugin/-/helper-create-class-features-plugin-7.29.7.tgz. Extracting by manifest.
1895 silly tarball no local data for @babel/helper-annotate-as-pure@https://registry.npmjs.org/@babel/helper-annotate-as-pure/-/helper-annotate-as-pure-7.29.7.tgz. Extracting by manifest.
1896 silly tarball no local data for @babel/generator@https://registry.npmjs.org/@babel/generator/-/generator-7.29.7.tgz. Extracting by manifest.
1897 silly tarball no local data for @ampproject/remapping@https://registry.npmjs.org/@ampproject/remapping/-/remapping-2.3.0.tgz. Extracting by manifest.
1898 silly tarball no local data for pretty-bytes@https://registry.npmjs.org/pretty-bytes/-/pretty-bytes-5.6.0.tgz. Extracting by manifest.
1899 silly tarball no local data for @antfu/install-pkg@https://registry.npmjs.org/@antfu/install-pkg/-/install-pkg-1.1.0.tgz. Extracting by manifest.
1900 silly tarball no local data for minimatch@https://registry.npmjs.org/minimatch/-/minimatch-10.2.5.tgz. Extracting by manifest.
1901 silly tarball no local data for lru-cache@https://registry.npmjs.org/lru-cache/-/lru-cache-11.5.1.tgz. Extracting by manifest.
1902 silly tarball no local data for @adobe/css-tools@https://registry.npmjs.org/@adobe/css-tools/-/css-tools-4.5.0.tgz. Extracting by manifest.
1903 silly tarball no local data for @apideck/better-ajv-errors@https://registry.npmjs.org/@apideck/better-ajv-errors/-/better-ajv-errors-0.3.7.tgz. Extracting by manifest.
1904 silly tarball no local data for jackspeak@https://registry.npmjs.org/jackspeak/-/jackspeak-4.2.3.tgz. Extracting by manifest.
1905 silly tarball no local data for glob@https://registry.npmjs.org/glob/-/glob-11.1.0.tgz. Extracting by manifest.
1906 silly tarball no local data for source-map@https://registry.npmjs.org/source-map/-/source-map-0.8.0-beta.0.tgz. Extracting by manifest.
1907 silly tarball no local data for @isaacs/cliui@https://registry.npmjs.org/@isaacs/cliui/-/cliui-9.0.0.tgz. Extracting by manifest.
1908 silly tarball no local data for iconv-lite@https://registry.npmjs.org/iconv-lite/-/iconv-lite-0.6.3.tgz. Extracting by manifest.
1909 silly tarball no local data for chai@https://registry.npmjs.org/chai/-/chai-6.2.2.tgz. Extracting by manifest.
1910 silly tarball no local data for @vitest/expect@https://registry.npmjs.org/@vitest/expect/-/expect-4.1.10.tgz. Extracting by manifest.
1911 silly tarball no local data for uuid@https://registry.npmjs.org/uuid/-/uuid-11.1.1.tgz. Extracting by manifest.
1912 silly tarball no local data for unist-util-stringify-position@https://registry.npmjs.org/unist-util-stringify-position/-/unist-util-stringify-position-2.0.3.tgz. Extracting by manifest.
1913 silly tarball no local data for @types/unist@https://registry.npmjs.org/@types/unist/-/unist-3.0.3.tgz. Extracting by manifest.
1914 silly tarball no local data for vfile-message@https://registry.npmjs.org/vfile-message/-/vfile-message-4.0.3.tgz. Extracting by manifest.
1915 silly tarball no local data for @types/unist@https://registry.npmjs.org/@types/unist/-/unist-3.0.3.tgz. Extracting by manifest.
1916 silly tarball no local data for @types/unist@https://registry.npmjs.org/@types/unist/-/unist-3.0.3.tgz. Extracting by manifest.
1917 silly tarball no local data for @types/unist@https://registry.npmjs.org/@types/unist/-/unist-3.0.3.tgz. Extracting by manifest.
1918 silly tarball no local data for @types/unist@https://registry.npmjs.org/@types/unist/-/unist-3.0.3.tgz. Extracting by manifest.
1919 silly tarball no local data for @types/unist@https://registry.npmjs.org/@types/unist/-/unist-3.0.3.tgz. Extracting by manifest.
1920 silly tarball no local data for @types/unist@https://registry.npmjs.org/@types/unist/-/unist-3.0.3.tgz. Extracting by manifest.
1921 silly tarball no local data for @types/unist@https://registry.npmjs.org/@types/unist/-/unist-3.0.3.tgz. Extracting by manifest.
1922 silly tarball no local data for @types/unist@https://registry.npmjs.org/@types/unist/-/unist-3.0.3.tgz. Extracting by manifest.
1923 silly tarball no local data for @types/unist@https://registry.npmjs.org/@types/unist/-/unist-3.0.3.tgz. Extracting by manifest.
1924 silly tarball no local data for content-type@https://registry.npmjs.org/content-type/-/content-type-2.0.0.tgz. Extracting by manifest.
1925 silly tarball no local data for commander@https://registry.npmjs.org/commander/-/commander-2.20.3.tgz. Extracting by manifest.
1926 silly tarball no local data for type-fest@https://registry.npmjs.org/type-fest/-/type-fest-0.16.0.tgz. Extracting by manifest.
1927 silly tarball no local data for runed@https://registry.npmjs.org/runed/-/runed-0.28.0.tgz. Extracting by manifest.
1928 silly tarball no local data for postcss-selector-parser@https://registry.npmjs.org/postcss-selector-parser/-/postcss-selector-parser-7.1.1.tgz. Extracting by manifest.
1929 silly tarball no local data for readdirp@https://registry.npmjs.org/readdirp/-/readdirp-4.1.2.tgz. Extracting by manifest.
1930 silly tarball no local data for chokidar@https://registry.npmjs.org/chokidar/-/chokidar-4.0.3.tgz. Extracting by manifest.
1931 silly tarball no local data for zimmerframe@https://registry.npmjs.org/zimmerframe/-/zimmerframe-1.1.2.tgz. Extracting by manifest.
1932 silly tarball no local data for esrap@https://registry.npmjs.org/esrap/-/esrap-1.2.2.tgz. Extracting by manifest.
1933 silly tarball no local data for esrap@https://registry.npmjs.org/esrap/-/esrap-2.2.11.tgz. Extracting by manifest.
1934 silly tarball no local data for aria-query@https://registry.npmjs.org/aria-query/-/aria-query-5.3.1.tgz. Extracting by manifest.
1935 silly tarball no local data for ansi-regex@https://registry.npmjs.org/ansi-regex/-/ansi-regex-6.2.2.tgz. Extracting by manifest.
1936 silly tarball no local data for ansi-styles@https://registry.npmjs.org/ansi-styles/-/ansi-styles-5.2.0.tgz. Extracting by manifest.
1937 silly tarball no local data for yaml@https://registry.npmjs.org/yaml/-/yaml-1.10.3.tgz. Extracting by manifest.
1938 silly tarball no local data for @vitest/spy@https://registry.npmjs.org/@vitest/spy/-/spy-3.2.4.tgz. Extracting by manifest.
1939 silly tarball no local data for svelte-toolbelt@https://registry.npmjs.org/svelte-toolbelt/-/svelte-toolbelt-0.7.1.tgz. Extracting by manifest.
1940 silly tarball no local data for runed@https://registry.npmjs.org/runed/-/runed-0.23.4.tgz. Extracting by manifest.
1941 silly tarball no local data for runed@https://registry.npmjs.org/runed/-/runed-0.25.0.tgz. Extracting by manifest.
1942 silly tarball no local data for unist-util-visit-parents@https://registry.npmjs.org/unist-util-visit-parents/-/unist-util-visit-parents-3.1.1.tgz. Extracting by manifest.
1943 silly tarball no local data for unist-util-is@https://registry.npmjs.org/unist-util-is/-/unist-util-is-4.1.0.tgz. Extracting by manifest.
1944 silly tarball no local data for unist-util-visit@https://registry.npmjs.org/unist-util-visit/-/unist-util-visit-2.0.3.tgz. Extracting by manifest.
1945 silly tarball no local data for escape-string-regexp@https://registry.npmjs.org/escape-string-regexp/-/escape-string-regexp-5.0.0.tgz. Extracting by manifest.
1946 silly tarball no local data for @types/unist@https://registry.npmjs.org/@types/unist/-/unist-3.0.3.tgz. Extracting by manifest.
1947 silly tarball no local data for @types/unist@https://registry.npmjs.org/@types/unist/-/unist-3.0.3.tgz. Extracting by manifest.
1948 silly tarball no local data for commander@https://registry.npmjs.org/commander/-/commander-8.3.0.tgz. Extracting by manifest.
1949 silly tarball no local data for @types/unist@https://registry.npmjs.org/@types/unist/-/unist-3.0.3.tgz. Extracting by manifest.
1950 silly tarball no local data for @types/unist@https://registry.npmjs.org/@types/unist/-/unist-3.0.3.tgz. Extracting by manifest.
1951 silly tarball no local data for @types/unist@https://registry.npmjs.org/@types/unist/-/unist-3.0.3.tgz. Extracting by manifest.
1952 silly tarball no local data for vfile-message@https://registry.npmjs.org/vfile-message/-/vfile-message-4.0.3.tgz. Extracting by manifest.
1953 silly tarball no local data for @types/unist@https://registry.npmjs.org/@types/unist/-/unist-3.0.3.tgz. Extracting by manifest.
1954 silly tarball no local data for minimatch@https://registry.npmjs.org/minimatch/-/minimatch-5.1.9.tgz. Extracting by manifest.
1955 silly tarball no local data for brace-expansion@https://registry.npmjs.org/brace-expansion/-/brace-expansion-2.1.4.tgz. Extracting by manifest.
1956 silly tarball no local data for eslint-visitor-keys@https://registry.npmjs.org/eslint-visitor-keys/-/eslint-visitor-keys-5.0.1.tgz. Extracting by manifest.
1957 silly tarball no local data for @typescript-eslint/visitor-keys@https://registry.npmjs.org/@typescript-eslint/visitor-keys/-/visitor-keys-8.66.0.tgz. Extracting by manifest.
1958 silly tarball no local data for @typescript-eslint/utils@https://registry.npmjs.org/@typescript-eslint/utils/-/utils-8.66.0.tgz. Extracting by manifest.
1959 silly tarball no local data for @typescript-eslint/typescript-estree@https://registry.npmjs.org/@typescript-eslint/typescript-estree/-/typescript-estree-8.66.0.tgz. Extracting by manifest.
1960 silly tarball no local data for @typescript-eslint/types@https://registry.npmjs.org/@typescript-eslint/types/-/types-8.66.0.tgz. Extracting by manifest.
1961 silly tarball no local data for @typescript-eslint/tsconfig-utils@https://registry.npmjs.org/@typescript-eslint/tsconfig-utils/-/tsconfig-utils-8.66.0.tgz. Extracting by manifest.
1962 silly tarball no local data for @typescript-eslint/scope-manager@https://registry.npmjs.org/@typescript-eslint/scope-manager/-/scope-manager-8.66.0.tgz. Extracting by manifest.
1963 silly tarball no local data for @typescript-eslint/project-service@https://registry.npmjs.org/@typescript-eslint/project-service/-/project-service-8.66.0.tgz. Extracting by manifest.
1964 silly tarball no local data for json-schema-traverse@https://registry.npmjs.org/json-schema-traverse/-/json-schema-traverse-0.4.1.tgz. Extracting by manifest.
1965 silly tarball no local data for ajv@https://registry.npmjs.org/ajv/-/ajv-6.15.0.tgz. Extracting by manifest.
1966 silly tarball no local data for @eslint/js@https://registry.npmjs.org/@eslint/js/-/js-9.39.4.tgz. Extracting by manifest.
1967 silly tarball no local data for d3-shape@https://registry.npmjs.org/d3-shape/-/d3-shape-1.3.7.tgz. Extracting by manifest.
1968 silly tarball no local data for internmap@https://registry.npmjs.org/internmap/-/internmap-1.0.1.tgz. Extracting by manifest.
1969 silly tarball no local data for d3-path@https://registry.npmjs.org/d3-path/-/d3-path-1.0.9.tgz. Extracting by manifest.
1970 silly tarball no local data for d3-array@https://registry.npmjs.org/d3-array/-/d3-array-2.12.1.tgz. Extracting by manifest.
1971 silly tarball no local data for iconv-lite@https://registry.npmjs.org/iconv-lite/-/iconv-lite-0.6.3.tgz. Extracting by manifest.
1972 silly tarball no local data for layout-base@https://registry.npmjs.org/layout-base/-/layout-base-2.0.1.tgz. Extracting by manifest.
1973 silly tarball no local data for cose-base@https://registry.npmjs.org/cose-base/-/cose-base-2.2.0.tgz. Extracting by manifest.
1974 silly tarball no local data for content-type@https://registry.npmjs.org/content-type/-/content-type-2.0.0.tgz. Extracting by manifest.
1975 silly tarball no local data for js-tokens@https://registry.npmjs.org/js-tokens/-/js-tokens-10.0.0.tgz. Extracting by manifest.
1976 silly tarball no local data for tinyrainbow@https://registry.npmjs.org/tinyrainbow/-/tinyrainbow-2.0.0.tgz. Extracting by manifest.
1977 silly tarball no local data for @vitest/utils@https://registry.npmjs.org/@vitest/utils/-/utils-3.2.4.tgz. Extracting by manifest.
1978 silly tarball no local data for @vitest/spy@https://registry.npmjs.org/@vitest/spy/-/spy-3.2.4.tgz. Extracting by manifest.
1979 silly tarball no local data for @vitest/pretty-format@https://registry.npmjs.org/@vitest/pretty-format/-/pretty-format-3.2.4.tgz. Extracting by manifest.
1980 silly tarball no local data for eslint-visitor-keys@https://registry.npmjs.org/eslint-visitor-keys/-/eslint-visitor-keys-5.0.1.tgz. Extracting by manifest.
1981 silly tarball no local data for minimatch@https://registry.npmjs.org/minimatch/-/minimatch-10.2.5.tgz. Extracting by manifest.
1982 silly tarball no local data for ignore@https://registry.npmjs.org/ignore/-/ignore-7.0.5.tgz. Extracting by manifest.
1983 silly tarball no local data for @valibot/to-json-schema@https://registry.npmjs.org/@valibot/to-json-schema/-/to-json-schema-1.7.1.tgz. Extracting by manifest.
1984 silly tarball no local data for dom-accessibility-api@https://registry.npmjs.org/dom-accessibility-api/-/dom-accessibility-api-0.6.3.tgz. Extracting by manifest.
1985 silly tarball no local data for tailwindcss@https://registry.npmjs.org/tailwindcss/-/tailwindcss-4.1.11.tgz. Extracting by manifest.
1986 silly tarball no local data for tailwindcss@https://registry.npmjs.org/tailwindcss/-/tailwindcss-4.1.11.tgz. Extracting by manifest.
1987 silly tarball no local data for type-fest@https://registry.npmjs.org/type-fest/-/type-fest-5.8.0.tgz. Extracting by manifest.
1988 silly tarball no local data for @storybook/svelte-vite@https://registry.npmjs.org/@storybook/svelte-vite/-/svelte-vite-10.5.6.tgz. Extracting by manifest.
1989 silly tarball no local data for estree-walker@https://registry.npmjs.org/estree-walker/-/estree-walker-2.0.2.tgz. Extracting by manifest.
1990 silly tarball no local data for globals@https://registry.npmjs.org/globals/-/globals-14.0.0.tgz. Extracting by manifest.
1991 silly tarball no local data for json-schema-traverse@https://registry.npmjs.org/json-schema-traverse/-/json-schema-traverse-0.4.1.tgz. Extracting by manifest.
1992 silly tarball no local data for ajv@https://registry.npmjs.org/ajv/-/ajv-6.15.0.tgz. Extracting by manifest.
1993 silly tarball no local data for eslint-visitor-keys@https://registry.npmjs.org/eslint-visitor-keys/-/eslint-visitor-keys-3.4.3.tgz. Extracting by manifest.
1994 http fetch POST 200 https://registry.npmjs.org/-/npm/v1/security/advisories/bulk 21037ms
1995 silly audit report {
1995 silly audit report   mermaid: [
1995 silly audit report     {
1995 silly audit report       id: 1138097,
1995 silly audit report       url: 'https://github.com/advisories/GHSA-c4c3-pg64-4m4v',
1995 silly audit report       title: 'Mermaid configuration APIs allow prototype pollution',
1995 silly audit report       severity: 'low',
1995 silly audit report       vulnerable_versions: '>=11.0.0-alpha.1 <11.16.1',
1995 silly audit report       cwe: [Array],
1995 silly audit report       cvss: [Object]
1995 silly audit report     },
1995 silly audit report     {
1995 silly audit report       id: 1138099,
1995 silly audit report       url: 'https://github.com/advisories/GHSA-6x64-9x62-f2gx',
1995 silly audit report       title: 'Mermaid allows CSS injection applying to sibling elements of the diagram',
1995 silly audit report       severity: 'moderate',
1995 silly audit report       vulnerable_versions: '>=11.0.0-alpha.1 <11.16.1',
1995 silly audit report       cwe: [Array],
1995 silly audit report       cvss: [Object]
1995 silly audit report     },
1995 silly audit report     {
1995 silly audit report       id: 1138100,
1995 silly audit report       url: 'https://github.com/advisories/GHSA-3rrr-jr9j-h3q3',
1995 silly audit report       title: 'Mermaid Architecture diagrams are vulnerable to prototype pollution',
1995 silly audit report       severity: 'moderate',
1995 silly audit report       vulnerable_versions: '>=11.5.0 <11.16.1',
1995 silly audit report       cwe: [Array],
1995 silly audit report       cvss: [Object]
1995 silly audit report     },
1995 silly audit report     {
1995 silly audit report       id: 1138101,
1995 silly audit report       url: 'https://github.com/advisories/GHSA-2v8p-3f2j-5mp7',
1995 silly audit report       title: 'Mermaid XY Charts are vulnerable to an infinite loop DoS',
1995 silly audit report       severity: 'moderate',
1995 silly audit report       vulnerable_versions: '>=11.0.0-alpha.1 <11.16.1',
1995 silly audit report       cwe: [Array],
1995 silly audit report       cvss: [Object]
1995 silly audit report     },
1995 silly audit report     {
1995 silly audit report       id: 1138113,
1995 silly audit report       url: 'https://github.com/advisories/GHSA-rhh3-jpg6-66xh',
1995 silly audit report       title: 'Mermaid radar diagrams are vulnerable to DoS',
1995 silly audit report       severity: 'moderate',
1995 silly audit report       vulnerable_versions: '>=11.6.0 <11.16.1',
1995 silly audit report       cwe: [Array],
1995 silly audit report       cvss: [Object]
1995 silly audit report     }
1995 silly audit report   ],
1995 silly audit report   nanoid: [
1995 silly audit report     {
1995 silly audit report       id: 1139427,
1995 silly audit report       url: 'https://github.com/advisories/GHSA-2v37-7h3g-55p8',
1995 silly audit report       title: 'nanoid: custom generators can loop indefinitely when size is zero',
1995 silly audit report       severity: 'high',
1995 silly audit report       vulnerable_versions: '<3.3.18',
1995 silly audit report       cwe: [Array],
1995 silly audit report       cvss: [Object]
1995 silly audit report     }
1995 silly audit report   ]
1995 silly audit report }
1996 silly packumentCache full:https://registry.npmjs.org/mermaid cache-miss
1997 silly packumentCache full:https://registry.npmjs.org/nanoid cache-miss
1998 http fetch GET 200 https://registry.npmjs.org/wrappy/-/wrappy-1.0.2.tgz 15314ms (cache miss)
1999 http fetch GET 200 https://registry.npmjs.org/yocto-queue/-/yocto-queue-0.1.0.tgz 15353ms (cache miss)
2000 http fetch GET 200 https://registry.npmjs.org/wsl-utils/-/wsl-utils-0.1.0.tgz 15411ms (cache miss)
2001 http fetch GET 200 https://registry.npmjs.org/zwitch/-/zwitch-2.0.4.tgz 15626ms (cache miss)
2002 http fetch GET 200 https://registry.npmjs.org/webidl-conversions/-/webidl-conversions-4.0.2.tgz 15366ms (cache miss)
2003 http fetch GET 200 https://registry.npmjs.org/web-namespaces/-/web-namespaces-2.0.1.tgz 15355ms (cache miss)
2004 http fetch GET 200 https://registry.npmjs.org/why-is-node-running/-/why-is-node-running-2.3.0.tgz 15419ms (cache miss)
2005 http fetch GET 200 https://registry.npmjs.org/which-collection/-/which-collection-1.0.2.tgz 15574ms (cache miss)
2006 http fetch GET 200 https://registry.npmjs.org/vite-plugin-devtools-json/-/vite-plugin-devtools-json-0.2.1.tgz 15521ms (cache miss)
2007 http fetch GET 200 https://registry.npmjs.org/word-wrap/-/word-wrap-1.2.5.tgz 15711ms (cache miss)
2008 http fetch GET 200 https://registry.npmjs.org/vitest-browser-svelte/-/vitest-browser-svelte-2.1.1.tgz 15652ms (cache miss)
2009 http fetch GET 200 https://registry.npmjs.org/which-boxed-primitive/-/which-boxed-primitive-1.1.1.tgz 15685ms (cache miss)
2010 http fetch GET 200 https://registry.npmjs.org/vfile-message/-/vfile-message-2.0.4.tgz 15631ms (cache miss)
2011 http fetch GET 200 https://registry.npmjs.org/unist-util-visit/-/unist-util-visit-5.1.0.tgz 15559ms (cache miss)
2012 http fetch GET 200 https://registry.npmjs.org/workbox-sw/-/workbox-sw-7.4.1.tgz 15973ms (cache miss)
2013 http fetch GET 200 https://registry.npmjs.org/whatwg-encoding/-/whatwg-encoding-2.0.0.tgz 15832ms (cache miss)
2014 http fetch GET 200 https://registry.npmjs.org/update-browserslist-db/-/update-browserslist-db-1.2.3.tgz 15727ms (cache miss)
2015 http fetch GET 200 https://registry.npmjs.org/unist-util-is/-/unist-util-is-6.0.1.tgz 15685ms (cache miss)
2016 http fetch GET 200 https://registry.npmjs.org/unicode-property-aliases-ecmascript/-/unicode-property-aliases-ecmascript-2.2.0.tgz 15646ms (cache miss)
2017 http fetch GET 200 https://registry.npmjs.org/zimmerframe/-/zimmerframe-1.1.4.tgz 16135ms (cache miss)
2018 warn deprecated whatwg-encoding@2.0.0: Use @exodus/bytes instead for a more spec-conformant and faster implementation
2019 http fetch GET 200 https://registry.npmjs.org/which-builtin-type/-/which-builtin-type-1.2.1.tgz 15943ms (cache miss)
2020 http fetch GET 200 https://registry.npmjs.org/upath/-/upath-1.2.0.tgz 15818ms (cache miss)
2021 http fetch GET 200 https://registry.npmjs.org/unique-string/-/unique-string-2.0.0.tgz 15757ms (cache miss)
2022 http fetch GET 200 https://registry.npmjs.org/unist-util-find-after/-/unist-util-find-after-5.0.0.tgz 15771ms (cache miss)
2023 http fetch GET 200 https://registry.npmjs.org/unicode-match-property-value-ecmascript/-/unicode-match-property-value-ecmascript-2.2.1.tgz 15733ms (cache miss)
2024 http fetch GET 200 https://registry.npmjs.org/unist-util-remove-position/-/unist-util-remove-position-5.0.0.tgz 15796ms (cache miss)
2025 http fetch GET 200 https://registry.npmjs.org/unist-util-position/-/unist-util-position-5.0.0.tgz 15793ms (cache miss)
2026 http fetch GET 200 https://registry.npmjs.org/unconfig/-/unconfig-7.5.0.tgz 15707ms (cache miss)
2027 http fetch GET 200 https://registry.npmjs.org/unicode-canonical-property-names-ecmascript/-/unicode-canonical-property-names-ecmascript-2.0.1.tgz 15730ms (cache miss)
2028 http fetch GET 200 https://registry.npmjs.org/unconfig-core/-/unconfig-core-7.5.0.tgz 15721ms (cache miss)
2029 http fetch GET 200 https://registry.npmjs.org/which-typed-array/-/which-typed-array-1.1.21.tgz 16123ms (cache miss)
2030 http fetch GET 200 https://registry.npmjs.org/vfile-location/-/vfile-location-5.0.3.tgz 16053ms (cache miss)
2031 http fetch GET 200 https://registry.npmjs.org/url-join/-/url-join-4.0.1.tgz 16029ms (cache miss)
2032 http fetch GET 200 https://registry.npmjs.org/unbox-primitive/-/unbox-primitive-1.1.0.tgz 15878ms (cache miss)
2033 http fetch GET 200 https://registry.npmjs.org/unicode-match-property-ecmascript/-/unicode-match-property-ecmascript-2.0.0.tgz 15921ms (cache miss)
2034 http fetch GET 200 https://registry.npmjs.org/typed-array-length/-/typed-array-length-1.0.8.tgz 15866ms (cache miss)
2035 http fetch GET 200 https://registry.npmjs.org/typed-array-buffer/-/typed-array-buffer-1.0.3.tgz 15835ms (cache miss)
2036 http fetch GET 200 https://registry.npmjs.org/unist-util-stringify-position/-/unist-util-stringify-position-4.0.0.tgz 16223ms (cache miss)
2037 http fetch GET 200 https://registry.npmjs.org/typed-array-byte-length/-/typed-array-byte-length-1.0.3.tgz 16076ms (cache miss)
2038 http fetch GET 200 https://registry.npmjs.org/typed-array-byte-offset/-/typed-array-byte-offset-1.0.4.tgz 16091ms (cache miss)
2039 http fetch GET 200 https://registry.npmjs.org/tw-animate-css/-/tw-animate-css-1.4.0.tgz 16030ms (cache miss)
2040 http fetch GET 200 https://registry.npmjs.org/trim-lines/-/trim-lines-3.0.1.tgz 16000ms (cache miss)
2041 http fetch GET 200 https://registry.npmjs.org/trough/-/trough-2.2.0.tgz 16382ms (cache miss)
2042 http fetch GET 200 https://registry.npmjs.org/to-data-view/-/to-data-view-1.1.0.tgz 16352ms (cache miss)
2043 http fetch GET 200 https://registry.npmjs.org/tinyrainbow/-/tinyrainbow-3.1.1.tgz 16337ms (cache miss)
2044 http fetch GET 200 https://registry.npmjs.org/totalist/-/totalist-3.0.1.tgz 16367ms (cache miss)
2045 http fetch GET 200 https://registry.npmjs.org/type-check/-/type-check-0.4.0.tgz 16699ms (cache miss)
2046 http fetch GET 200 https://registry.npmjs.org/tinyspy/-/tinyspy-4.0.4.tgz 16628ms (cache miss)
2047 http fetch GET 200 https://registry.npmjs.org/type-is/-/type-is-2.1.0.tgz 17027ms (cache miss)
2048 http fetch GET 200 https://registry.npmjs.org/tagged-tag/-/tagged-tag-1.0.0.tgz 16863ms (cache miss)
2049 http fetch GET 200 https://registry.npmjs.org/uri-template-matcher/-/uri-template-matcher-1.1.2.tgz 17424ms (cache miss)
2050 http fetch GET 200 https://registry.npmjs.org/tinyexec/-/tinyexec-1.2.4.tgz 17621ms (cache miss)
2051 http fetch GET 200 https://registry.npmjs.org/vitefu/-/vitefu-1.1.3.tgz 18200ms (cache miss)
2052 http fetch GET 200 https://registry.npmjs.org/tempy/-/tempy-0.6.0.tgz 17772ms (cache miss)
2053 http fetch GET 200 https://registry.npmjs.org/temp-dir/-/temp-dir-2.0.0.tgz 17859ms (cache miss)
2054 http fetch GET 200 https://registry.npmjs.org/supports-color/-/supports-color-7.2.0.tgz 17838ms (cache miss)
2055 http fetch GET 200 https://registry.npmjs.org/strip-indent/-/strip-indent-3.0.0.tgz 17798ms (cache miss)
2056 http fetch GET 200 https://registry.npmjs.org/strip-ansi/-/strip-ansi-7.2.0.tgz 17788ms (cache miss)
2057 http fetch GET 200 https://registry.npmjs.org/stringify-object/-/stringify-object-3.3.0.tgz 17787ms (cache miss)
2058 http fetch GET 200 https://registry.npmjs.org/supports-preserve-symlinks-flag/-/supports-preserve-symlinks-flag-1.0.0.tgz 18011ms (cache miss)
2059 http fetch GET 200 https://registry.npmjs.org/stringify-entities/-/stringify-entities-4.0.4.tgz 17940ms (cache miss)
2060 http fetch GET 200 https://registry.npmjs.org/string.prototype.trimend/-/string.prototype.trimend-1.0.9.tgz 17933ms (cache miss)
2061 http fetch GET 200 https://registry.npmjs.org/whatwg-url/-/whatwg-url-7.1.0.tgz 18897ms (cache miss)
2062 http fetch GET 200 https://registry.npmjs.org/tinybench/-/tinybench-2.9.0.tgz 18455ms (cache miss)
2063 http fetch GET 200 https://registry.npmjs.org/strip-json-comments/-/strip-json-comments-3.1.1.tgz 18244ms (cache miss)
2064 http fetch GET 200 https://registry.npmjs.org/stackback/-/stackback-0.0.2.tgz 18177ms (cache miss)
2065 http fetch GET 200 https://registry.npmjs.org/space-separated-tokens/-/space-separated-tokens-2.0.2.tgz 18169ms (cache miss)
2066 http fetch GET 200 https://registry.npmjs.org/typescript-eslint/-/typescript-eslint-8.60.1.tgz 18861ms (cache miss)
2067 http fetch GET 200 https://registry.npmjs.org/std-env/-/std-env-4.1.0.tgz 18413ms (cache miss)
2068 http fetch GET 200 https://registry.npmjs.org/string.prototype.trim/-/string.prototype.trim-1.2.10.tgz 18439ms (cache miss)
2069 http fetch GET 200 https://registry.npmjs.org/stop-iteration-iterator/-/stop-iteration-iterator-1.1.0.tgz 18428ms (cache miss)
2070 http fetch GET 200 https://registry.npmjs.org/smob/-/smob-1.6.2.tgz 18392ms (cache miss)
2071 http fetch GET 200 https://registry.npmjs.org/sirv/-/sirv-3.0.2.tgz 18385ms (cache miss)
2072 http fetch GET 200 https://registry.npmjs.org/siginfo/-/siginfo-2.0.0.tgz 18376ms (cache miss)
2073 http fetch GET 200 https://registry.npmjs.org/source-map-support/-/source-map-support-0.5.21.tgz 18568ms (cache miss)
2074 http fetch GET 200 https://registry.npmjs.org/side-channel/-/side-channel-1.1.0.tgz 18518ms (cache miss)
2075 http fetch GET 200 https://registry.npmjs.org/serialize-javascript/-/serialize-javascript-7.0.5.tgz 18459ms (cache miss)
2076 http fetch GET 200 https://registry.npmjs.org/set-proto/-/set-proto-1.0.0.tgz 18498ms (cache miss)
2077 http fetch GET 200 https://registry.npmjs.org/set-function-name/-/set-function-name-2.0.2.tgz 18492ms (cache miss)
2078 http fetch GET 200 https://registry.npmjs.org/set-function-length/-/set-function-length-1.2.2.tgz 18488ms (cache miss)
2079 http fetch GET 200 https://registry.npmjs.org/svelte-ast-print/-/svelte-ast-print-0.4.2.tgz 18877ms (cache miss)
2080 http fetch GET 200 https://registry.npmjs.org/sharp-ico/-/sharp-ico-0.1.5.tgz 18663ms (cache miss)
2081 http fetch GET 200 https://registry.npmjs.org/serve-static/-/serve-static-2.2.1.tgz 18616ms (cache miss)
2082 http fetch GET 200 https://registry.npmjs.org/secure-compare/-/secure-compare-3.0.1.tgz 18601ms (cache miss)
2083 http fetch GET 200 https://registry.npmjs.org/strip-comments/-/strip-comments-2.0.1.tgz 18985ms (cache miss)
2084 http fetch GET 200 https://registry.npmjs.org/send/-/send-1.2.1.tgz 18803ms (cache miss)
2085 http fetch GET 200 https://registry.npmjs.org/safe-push-apply/-/safe-push-apply-1.0.0.tgz 18783ms (cache miss)
2086 http fetch GET 200 https://registry.npmjs.org/safe-array-concat/-/safe-array-concat-1.1.4.tgz 18788ms (cache miss)
2087 http fetch GET 200 https://registry.npmjs.org/rw/-/rw-1.3.3.tgz 18784ms (cache miss)
2088 http fetch GET 200 https://registry.npmjs.org/run-applescript/-/run-applescript-7.1.0.tgz 18769ms (cache miss)
2089 http fetch GET 200 https://registry.npmjs.org/webpack-virtual-modules/-/webpack-virtual-modules-0.6.2.tgz 19804ms (cache miss)
2090 http fetch GET 200 https://registry.npmjs.org/set-cookie-parser/-/set-cookie-parser-3.1.0.tgz 18972ms (cache miss)
2091 http fetch GET 200 https://registry.npmjs.org/require-from-string/-/require-from-string-2.0.2.tgz 18869ms (cache miss)
2092 http fetch GET 200 https://registry.npmjs.org/resolve-from/-/resolve-from-4.0.0.tgz 18886ms (cache miss)
2093 http fetch GET 200 https://registry.npmjs.org/unified/-/unified-11.0.5.tgz 19773ms (cache miss)
2094 http fetch GET 200 https://registry.npmjs.org/sade/-/sade-1.8.1.tgz 19063ms (cache miss)
2095 http fetch GET 200 https://registry.npmjs.org/remark-stringify/-/remark-stringify-11.0.0.tgz 19012ms (cache miss)
2096 http fetch GET 200 https://registry.npmjs.org/requires-port/-/requires-port-1.0.0.tgz 19023ms (cache miss)
2097 http fetch GET 200 https://registry.npmjs.org/remark-html/-/remark-html-16.0.1.tgz 18998ms (cache miss)
2098 http fetch GET 200 https://registry.npmjs.org/remark-math/-/remark-math-6.0.0.tgz 19005ms (cache miss)
2099 http fetch GET 200 https://registry.npmjs.org/unist-util-visit-parents/-/unist-util-visit-parents-6.0.2.tgz 19920ms (cache miss)
2100 http fetch GET 200 https://registry.npmjs.org/remark-parse/-/remark-parse-11.0.0.tgz 19079ms (cache miss)
2101 http fetch GET 200 https://registry.npmjs.org/safe-regex-test/-/safe-regex-test-1.1.0.tgz 19160ms (cache miss)
2102 http fetch GET 200 https://registry.npmjs.org/remark/-/remark-15.0.1.tgz 19064ms (cache miss)
2103 http fetch GET 200 https://registry.npmjs.org/remark-gfm/-/remark-gfm-4.0.1.tgz 19077ms (cache miss)
2104 http fetch GET 200 https://registry.npmjs.org/rehype-stringify/-/rehype-stringify-10.0.1.tgz 19067ms (cache miss)
2105 http fetch GET 200 https://registry.npmjs.org/ts-dedent/-/ts-dedent-2.2.0.tgz 19955ms (cache miss)
2106 http fetch GET 200 https://registry.npmjs.org/remark-rehype/-/remark-rehype-11.1.2.tgz 19351ms (cache miss)
2107 http fetch GET 200 https://registry.npmjs.org/router/-/router-2.2.0.tgz 19397ms (cache miss)
2108 http fetch GET 200 https://registry.npmjs.org/regexp.prototype.flags/-/regexp.prototype.flags-1.5.4.tgz 19299ms (cache miss)
2109 http fetch GET 200 https://registry.npmjs.org/rehype-katex/-/rehype-katex-7.0.1.tgz 19396ms (cache miss)
2110 http fetch GET 200 https://registry.npmjs.org/regjsparser/-/regjsparser-0.13.1.tgz 19387ms (cache miss)
2111 http fetch GET 200 https://registry.npmjs.org/regjsgen/-/regjsgen-0.8.0.tgz 19385ms (cache miss)
2112 http fetch GET 200 https://registry.npmjs.org/regenerate/-/regenerate-1.4.2.tgz 19361ms (cache miss)
2113 http fetch GET 200 https://registry.npmjs.org/reflect.getprototypeof/-/reflect.getprototypeof-1.0.10.tgz 19360ms (cache miss)
2114 http fetch GET 200 https://registry.npmjs.org/redent/-/redent-3.0.0.tgz 19358ms (cache miss)
2115 http fetch GET 200 https://registry.npmjs.org/react-is/-/react-is-17.0.2.tgz 19350ms (cache miss)
2116 http fetch GET 200 https://registry.npmjs.org/string.prototype.trimstart/-/string.prototype.trimstart-1.0.8.tgz 19878ms (cache miss)
2117 http fetch GET 200 https://registry.npmjs.org/scule/-/scule-1.3.0.tgz 19687ms (cache miss)
2118 http fetch GET 200 https://registry.npmjs.org/remark-breaks/-/remark-breaks-4.0.0.tgz 19583ms (cache miss)
2119 http fetch GET 200 https://registry.npmjs.org/readdirp/-/readdirp-5.0.0.tgz 19519ms (cache miss)
2120 http fetch GET 200 https://registry.npmjs.org/quansync/-/quansync-1.0.0.tgz 19504ms (cache miss)
2121 http fetch GET 200 https://registry.npmjs.org/punycode/-/punycode-2.3.1.tgz 19500ms (cache miss)
2122 http fetch GET 200 https://registry.npmjs.org/rehype-highlight/-/rehype-highlight-7.0.2.tgz 19645ms (cache miss)
2123 http fetch GET 200 https://registry.npmjs.org/prism-svelte/-/prism-svelte-0.4.7.tgz 19568ms (cache miss)
2124 http fetch GET 200 https://registry.npmjs.org/workbox-cacheable-response/-/workbox-cacheable-response-7.4.1.tgz 20923ms (cache miss)
2125 http fetch GET 200 https://registry.npmjs.org/raw-body/-/raw-body-3.0.2.tgz 19949ms (cache miss)
2126 http fetch GET 200 https://registry.npmjs.org/tiny-invariant/-/tiny-invariant-1.3.3.tgz 20688ms (cache miss)
2127 http fetch GET 200 https://registry.npmjs.org/string.prototype.matchall/-/string.prototype.matchall-4.0.12.tgz 20434ms (cache miss)
2128 http fetch GET 200 https://registry.npmjs.org/pretty-bytes/-/pretty-bytes-6.1.1.tgz 20058ms (cache miss)
2129 http fetch GET 200 https://registry.npmjs.org/postcss-safe-parser/-/postcss-safe-parser-7.0.1.tgz 20226ms (cache miss)
2130 http fetch GET 200 https://registry.npmjs.org/use-sync-external-store/-/use-sync-external-store-1.6.0.tgz 21332ms (cache miss)
2131 http fetch GET 200 https://registry.npmjs.org/postcss-scss/-/postcss-scss-4.0.9.tgz 20375ms (cache miss)
2132 http fetch GET 200 https://registry.npmjs.org/postcss-load-config/-/postcss-load-config-3.1.4.tgz 20373ms (cache miss)
2133 http fetch GET 200 https://registry.npmjs.org/points-on-path/-/points-on-path-0.2.1.tgz 20597ms (cache miss)
2134 http fetch GET 200 https://registry.npmjs.org/pkce-challenge/-/pkce-challenge-5.0.1.tgz 20786ms (cache miss)
2135 http fetch GET 200 https://registry.npmjs.org/pathval/-/pathval-2.0.1.tgz 20982ms (cache miss)
2136 http fetch GET 200 https://registry.npmjs.org/tr46/-/tr46-1.0.1.tgz 22020ms (cache miss)
2137 http fetch GET 200 https://registry.npmjs.org/portfinder/-/portfinder-1.0.38.tgz 21266ms (cache miss)
2138 http fetch GET 200 https://registry.npmjs.org/path-to-regexp/-/path-to-regexp-8.4.2.tgz 21218ms (cache miss)
2139 http fetch GET 200 https://registry.npmjs.org/path-parse/-/path-parse-1.0.7.tgz 21212ms (cache miss)
2140 http fetch GET 200 https://registry.npmjs.org/path-data-parser/-/path-data-parser-0.1.0.tgz 21203ms (cache miss)
2141 http fetch GET 200 https://registry.npmjs.org/path-exists/-/path-exists-4.0.0.tgz 21212ms (cache miss)
2142 http fetch GET 200 https://registry.npmjs.org/p-locate/-/p-locate-5.0.0.tgz 21552ms (cache miss)
2143 http fetch GET 200 https://registry.npmjs.org/p-limit/-/p-limit-3.1.0.tgz 21569ms (cache miss)
2144 http fetch GET 200 https://registry.npmjs.org/oxc-resolver/-/oxc-resolver-11.20.0.tgz 21566ms (cache miss)
2145 http fetch GET 200 https://registry.npmjs.org/parent-module/-/parent-module-1.0.1.tgz 21591ms (cache miss)
2146 http fetch GET 200 https://registry.npmjs.org/optionator/-/optionator-0.9.4.tgz 21564ms (cache miss)
2147 http fetch GET 200 https://registry.npmjs.org/possible-typed-array-names/-/possible-typed-array-names-1.1.0.tgz 21681ms (cache miss)
2148 http fetch GET 200 https://registry.npmjs.org/own-keys/-/own-keys-1.0.1.tgz 21565ms (cache miss)
2149 http fetch GET 200 https://registry.npmjs.org/opener/-/opener-1.5.2.tgz 21563ms (cache miss)
2150 http fetch GET 200 https://registry.npmjs.org/regexpu-core/-/regexpu-core-6.4.0.tgz 21947ms (cache miss)
2151 http fetch GET 200 https://registry.npmjs.org/pathe/-/pathe-2.0.3.tgz 21800ms (cache miss)
2152 http fetch GET 200 https://registry.npmjs.org/object-assign/-/object-assign-4.1.1.tgz 21722ms (cache miss)
2153 http fetch GET 200 https://registry.npmjs.org/node-releases/-/node-releases-2.0.47.tgz 21722ms (cache miss)
2154 http fetch GET 200 https://registry.npmjs.org/package-manager-detector/-/package-manager-detector-1.6.0.tgz 22004ms (cache miss)
2155 http fetch GET 200 https://registry.npmjs.org/once/-/once-1.4.0.tgz 21968ms (cache miss)
2156 http fetch GET 200 https://registry.npmjs.org/obug/-/obug-2.1.2.tgz 21971ms (cache miss)
2157 http fetch GET 200 https://registry.npmjs.org/object-keys/-/object-keys-1.1.1.tgz 21968ms (cache miss)
2158 http fetch GET 200 https://registry.npmjs.org/nanoid/-/nanoid-3.3.17.tgz 21936ms (cache miss)
2159 http fetch GET 200 https://registry.npmjs.org/ts-api-utils/-/ts-api-utils-2.5.0.tgz 23080ms (cache miss)
2160 http fetch GET 200 https://registry.npmjs.org/open/-/open-10.2.0.tgz 22192ms (cache miss)
2161 http fetch GET 200 https://registry.npmjs.org/negotiator/-/negotiator-1.0.0.tgz 22161ms (cache miss)
2162 http fetch GET 200 https://registry.npmjs.org/min-indent/-/min-indent-1.0.1.tgz 22118ms (cache miss)
2163 http fetch GET 200 https://registry.npmjs.org/points-on-curve/-/points-on-curve-0.2.0.tgz 22487ms (cache miss)
2164 http fetch GET 200 https://registry.npmjs.org/natural-compare/-/natural-compare-1.4.0.tgz 22352ms (cache miss)
2165 http fetch GET 200 https://registry.npmjs.org/mrmime/-/mrmime-2.0.1.tgz 22344ms (cache miss)
2166 http fetch GET 200 https://registry.npmjs.org/mri/-/mri-1.2.0.tgz 22343ms (cache miss)
2167 http fetch GET 200 https://registry.npmjs.org/minimatch/-/minimatch-3.1.5.tgz 22470ms (cache miss)
2168 http fetch GET 200 https://registry.npmjs.org/micromark-util-symbol/-/micromark-util-symbol-2.0.1.tgz 22443ms (cache miss)
2169 http fetch GET 200 https://registry.npmjs.org/mini-svg-data-uri/-/mini-svg-data-uri-1.4.4.tgz 22471ms (cache miss)
2170 http fetch GET 200 https://registry.npmjs.org/micromark-util-types/-/micromark-util-types-2.0.2.tgz 22638ms (cache miss)
2171 http fetch GET 200 https://registry.npmjs.org/micromark-util-subtokenize/-/micromark-util-subtokenize-2.1.0.tgz 22633ms (cache miss)
2172 http fetch GET 200 https://registry.npmjs.org/micromark-util-sanitize-uri/-/micromark-util-sanitize-uri-2.0.1.tgz 22631ms (cache miss)
2173 http fetch GET 200 https://registry.npmjs.org/micromark-util-decode-numeric-character-reference/-/micromark-util-decode-numeric-character-reference-2.0.2.tgz 22609ms (cache miss)
2174 http fetch GET 200 https://registry.npmjs.org/micromark-util-resolve-all/-/micromark-util-resolve-all-2.0.1.tgz 22637ms (cache miss)
2175 http fetch GET 200 https://registry.npmjs.org/micromark-util-combine-extensions/-/micromark-util-combine-extensions-2.0.1.tgz 22611ms (cache miss)
2176 http fetch GET 200 https://registry.npmjs.org/prelude-ls/-/prelude-ls-1.2.1.tgz 23191ms (cache miss)
2177 http fetch GET 200 https://registry.npmjs.org/natural-orderby/-/natural-orderby-5.0.0.tgz 23025ms (cache miss)
2178 http fetch GET 200 https://registry.npmjs.org/micromark-util-normalize-identifier/-/micromark-util-normalize-identifier-2.0.1.tgz 22944ms (cache miss)
2179 http fetch GET 200 https://registry.npmjs.org/micromark-util-html-tag-name/-/micromark-util-html-tag-name-2.0.1.tgz 22939ms (cache miss)
2180 http fetch GET 200 https://registry.npmjs.org/micromark-util-decode-string/-/micromark-util-decode-string-2.0.1.tgz 22932ms (cache miss)
2181 http fetch GET 200 https://registry.npmjs.org/micromark-factory-destination/-/micromark-factory-destination-2.0.1.tgz 22888ms (cache miss)
2182 http fetch GET 200 https://registry.npmjs.org/mime-types/-/mime-types-3.0.2.tgz 22983ms (cache miss)
2183 http fetch GET 200 https://registry.npmjs.org/micromark-util-encode/-/micromark-util-encode-2.0.1.tgz 22942ms (cache miss)
2184 http fetch GET 200 https://registry.npmjs.org/micromark-util-classify-character/-/micromark-util-classify-character-2.0.1.tgz 23064ms (cache miss)
2185 http fetch GET 200 https://registry.npmjs.org/micromark-util-character/-/micromark-util-character-2.1.1.tgz 23056ms (cache miss)
2186 http fetch GET 200 https://registry.npmjs.org/micromark-factory-whitespace/-/micromark-factory-whitespace-2.0.1.tgz 23054ms (cache miss)
2187 http fetch GET 200 https://registry.npmjs.org/micromark-factory-title/-/micromark-factory-title-2.0.1.tgz 23052ms (cache miss)
2188 http fetch GET 200 https://registry.npmjs.org/micromark-factory-space/-/micromark-factory-space-2.0.1.tgz 23048ms (cache miss)
2189 http fetch GET 200 https://registry.npmjs.org/micromark-factory-label/-/micromark-factory-label-2.0.1.tgz 23044ms (cache miss)
2190 http fetch GET 200 https://registry.npmjs.org/micromark-extension-gfm/-/micromark-extension-gfm-3.0.0.tgz 23013ms (cache miss)
2191 http fetch GET 200 https://registry.npmjs.org/micromark-extension-gfm-autolink-literal/-/micromark-extension-gfm-autolink-literal-2.1.0.tgz 23019ms (cache miss)
2192 http fetch GET 200 https://registry.npmjs.org/micromark-extension-gfm-task-list-item/-/micromark-extension-gfm-task-list-item-2.1.0.tgz 23182ms (cache miss)
2193 http fetch GET 200 https://registry.npmjs.org/micromark-extension-gfm-tagfilter/-/micromark-extension-gfm-tagfilter-2.0.0.tgz 23180ms (cache miss)
2194 http fetch GET 200 https://registry.npmjs.org/micromark-extension-gfm-strikethrough/-/micromark-extension-gfm-strikethrough-2.1.0.tgz 23176ms (cache miss)
2195 http fetch GET 200 https://registry.npmjs.org/micromark-util-chunked/-/micromark-util-chunked-2.0.1.tgz 23371ms (cache miss)
2196 http fetch GET 200 https://registry.npmjs.org/merge-descriptors/-/merge-descriptors-2.0.0.tgz 23300ms (cache miss)
2197 http fetch GET 200 https://registry.npmjs.org/mdast-util-to-string/-/mdast-util-to-string-4.0.0.tgz 23288ms (cache miss)
2198 http fetch GET 200 https://registry.npmjs.org/media-typer/-/media-typer-1.1.0.tgz 23300ms (cache miss)
2199 http fetch GET 200 https://registry.npmjs.org/undici-types/-/undici-types-7.18.2.tgz 24764ms (cache miss)
2200 http fetch GET 200 https://registry.npmjs.org/picomatch/-/picomatch-4.0.4.tgz 23792ms (cache miss)
2201 http fetch GET 200 https://registry.npmjs.org/mdast-util-gfm-table/-/mdast-util-gfm-table-2.0.0.tgz 23472ms (cache miss)
2202 http fetch GET 200 https://registry.npmjs.org/mdast-util-phrasing/-/mdast-util-phrasing-4.1.0.tgz 23493ms (cache miss)
2203 http fetch GET 200 https://registry.npmjs.org/mdast-util-gfm-task-list-item/-/mdast-util-gfm-task-list-item-2.0.0.tgz 23483ms (cache miss)
2204 http fetch GET 200 https://registry.npmjs.org/mdast-util-gfm-strikethrough/-/mdast-util-gfm-strikethrough-2.0.0.tgz 23472ms (cache miss)
2205 http fetch GET 200 https://registry.npmjs.org/mdast/-/mdast-3.0.0.tgz 23451ms (cache miss)
2206 warn deprecated mdast@3.0.0: `mdast` was renamed to `remark`
2207 http fetch GET 200 https://registry.npmjs.org/mdast-util-newline-to-break/-/mdast-util-newline-to-break-2.0.0.tgz 23504ms (cache miss)
2208 http fetch GET 200 https://registry.npmjs.org/style-to-object/-/style-to-object-1.0.14.tgz 24631ms (cache miss)
2209 http fetch GET 200 https://registry.npmjs.org/mime-db/-/mime-db-1.54.0.tgz 23955ms (cache miss)
2210 http fetch GET 200 https://registry.npmjs.org/mdast-util-gfm-footnote/-/mdast-util-gfm-footnote-2.1.0.tgz 23777ms (cache miss)
2211 http fetch GET 200 https://registry.npmjs.org/mdast-util-math/-/mdast-util-math-3.0.0.tgz 23801ms (cache miss)
2212 http fetch GET 200 https://registry.npmjs.org/markdown-table/-/markdown-table-3.0.4.tgz 23755ms (cache miss)
2213 http fetch GET 200 https://registry.npmjs.org/mdast-util-gfm-autolink-literal/-/mdast-util-gfm-autolink-literal-2.0.1.tgz 23784ms (cache miss)
2214 http fetch GET 200 https://registry.npmjs.org/mdast-util-gfm/-/mdast-util-gfm-3.1.0.tgz 23786ms (cache miss)
2215 http fetch GET 200 https://registry.npmjs.org/longest-streak/-/longest-streak-3.1.0.tgz 23710ms (cache miss)
2216 http fetch GET 200 https://registry.npmjs.org/tailwind-variants/-/tailwind-variants-3.2.2.tgz 25040ms (cache miss)
2217 http fetch GET 200 https://registry.npmjs.org/workbox-navigation-preload/-/workbox-navigation-preload-7.4.1.tgz 25657ms (cache miss)
2218 http fetch GET 200 https://registry.npmjs.org/mdast-util-find-and-replace/-/mdast-util-find-and-replace-3.0.2.tgz 23999ms (cache miss)
2219 http fetch GET 200 https://registry.npmjs.org/lowlight/-/lowlight-3.3.0.tgz 23936ms (cache miss)
2220 http fetch GET 200 https://registry.npmjs.org/make-dir/-/make-dir-4.0.0.tgz 24219ms (cache miss)
2221 http fetch GET 200 https://registry.npmjs.org/lodash.sortby/-/lodash.sortby-4.7.0.tgz 24164ms (cache miss)
2222 http fetch GET 200 https://registry.npmjs.org/locate-path/-/locate-path-6.0.0.tgz 24135ms (cache miss)
2223 http fetch GET 200 https://registry.npmjs.org/lodash.isplainobject/-/lodash.isplainobject-4.0.6.tgz 24161ms (cache miss)
2224 http fetch GET 200 https://registry.npmjs.org/lodash.castarray/-/lodash.castarray-4.4.0.tgz 24151ms (cache miss)
2225 http fetch GET 200 https://registry.npmjs.org/known-css-properties/-/known-css-properties-0.37.0.tgz 24112ms (cache miss)
2226 http fetch GET 200 https://registry.npmjs.org/lodash.merge/-/lodash.merge-4.6.2.tgz 24387ms (cache miss)
2227 http fetch GET 200 https://registry.npmjs.org/lilconfig/-/lilconfig-2.1.0.tgz 24355ms (cache miss)
2228 http fetch GET 200 https://registry.npmjs.org/locate-character/-/locate-character-3.0.0.tgz 24367ms (cache miss)
2229 http fetch GET 200 https://registry.npmjs.org/levn/-/levn-0.4.1.tgz 24357ms (cache miss)
2230 http fetch GET 200 https://registry.npmjs.org/json-stable-stringify-without-jsonify/-/json-stable-stringify-without-jsonify-1.0.1.tgz 24442ms (cache miss)
2231 http fetch GET 200 https://registry.npmjs.org/leven/-/leven-3.1.0.tgz 24696ms (cache miss)
2232 http fetch GET 200 https://registry.npmjs.org/jsonpointer/-/jsonpointer-5.0.1.tgz 24673ms (cache miss)
2233 http fetch GET 200 https://registry.npmjs.org/stylis/-/stylis-4.4.0.tgz 25971ms (cache miss)
2234 http fetch GET 200 https://registry.npmjs.org/lodash.debounce/-/lodash.debounce-4.0.8.tgz 24983ms (cache miss)
2235 http fetch GET 200 https://registry.npmjs.org/json-schema-traverse/-/json-schema-traverse-1.0.0.tgz 24894ms (cache miss)
2236 http fetch GET 200 https://registry.npmjs.org/keyv/-/keyv-4.5.4.tgz 24930ms (cache miss)
2237 http fetch GET 200 https://registry.npmjs.org/json-rpc-2.0/-/json-rpc-2.0-1.7.1.tgz 24906ms (cache miss)
2238 http fetch GET 200 https://registry.npmjs.org/is-weakset/-/is-weakset-2.0.4.tgz 24853ms (cache miss)
2239 http fetch GET 200 https://registry.npmjs.org/json-buffer/-/json-buffer-3.0.1.tgz 25239ms (cache miss)
2240 http fetch GET 200 https://registry.npmjs.org/is-weakref/-/is-weakref-1.1.1.tgz 25187ms (cache miss)
2241 http fetch GET 200 https://registry.npmjs.org/is-weakmap/-/is-weakmap-2.0.2.tgz 25186ms (cache miss)
2242 http fetch GET 200 https://registry.npmjs.org/istanbul-lib-report/-/istanbul-lib-report-3.0.1.tgz 25208ms (cache miss)
2243 http fetch GET 200 https://registry.npmjs.org/isarray/-/isarray-2.0.5.tgz 25207ms (cache miss)
2244 http fetch GET 200 https://registry.npmjs.org/is-wsl/-/is-wsl-3.1.1.tgz 25205ms (cache miss)
2245 http fetch GET 200 https://registry.npmjs.org/is-set/-/is-set-2.0.3.tgz 25169ms (cache miss)
2246 http fetch GET 200 https://registry.npmjs.org/is-regexp/-/is-regexp-1.0.0.tgz 25165ms (cache miss)
2247 http fetch GET 200 https://registry.npmjs.org/workbox-google-analytics/-/workbox-google-analytics-7.4.1.tgz 27252ms (cache miss)
2248 http fetch GET 200 https://registry.npmjs.org/is-typed-array/-/is-typed-array-1.1.15.tgz 25342ms (cache miss)
2249 http fetch GET 200 https://registry.npmjs.org/is-string/-/is-string-1.1.1.tgz 25336ms (cache miss)
2250 http fetch GET 200 https://registry.npmjs.org/is-shared-array-buffer/-/is-shared-array-buffer-1.0.4.tgz 25328ms (cache miss)
2251 http fetch GET 200 https://registry.npmjs.org/is-stream/-/is-stream-2.0.1.tgz 25335ms (cache miss)
2252 http fetch GET 200 https://registry.npmjs.org/is-obj/-/is-obj-1.0.1.tgz 25472ms (cache miss)
2253 http fetch GET 200 https://registry.npmjs.org/is-number-object/-/is-number-object-1.1.1.tgz 25471ms (cache miss)
2254 http fetch GET 200 https://registry.npmjs.org/is-reference/-/is-reference-3.0.3.tgz 25496ms (cache miss)
2255 http fetch GET 200 https://registry.npmjs.org/is-regex/-/is-regex-1.2.1.tgz 25501ms (cache miss)
2256 http fetch GET 200 https://registry.npmjs.org/is-plain-obj/-/is-plain-obj-4.1.0.tgz 25486ms (cache miss)
2257 http fetch GET 200 https://registry.npmjs.org/is-promise/-/is-promise-4.0.0.tgz 25494ms (cache miss)
2258 http fetch GET 200 https://registry.npmjs.org/is-extglob/-/is-extglob-2.1.1.tgz 25443ms (cache miss)
2259 http fetch GET 200 https://registry.npmjs.org/is-finalizationregistry/-/is-finalizationregistry-1.1.1.tgz 25449ms (cache miss)
2260 http fetch GET 200 https://registry.npmjs.org/prettier-plugin-svelte/-/prettier-plugin-svelte-4.1.0.tgz 26343ms (cache miss)
2261 http fetch GET 200 https://registry.npmjs.org/is-symbol/-/is-symbol-1.1.1.tgz 25653ms (cache miss)
2262 http fetch GET 200 https://registry.npmjs.org/is-negative-zero/-/is-negative-zero-2.0.3.tgz 25596ms (cache miss)
2263 http fetch GET 200 https://registry.npmjs.org/is-module/-/is-module-1.0.0.tgz 25594ms (cache miss)
2264 http fetch GET 200 https://registry.npmjs.org/is-inside-container/-/is-inside-container-1.0.0.tgz 25584ms (cache miss)
2265 http fetch GET 200 https://registry.npmjs.org/is-async-function/-/is-async-function-2.1.1.tgz 25541ms (cache miss)
2266 http fetch GET 200 https://registry.npmjs.org/is-bigint/-/is-bigint-1.1.0.tgz 25546ms (cache miss)
2267 http fetch GET 200 https://registry.npmjs.org/is-glob/-/is-glob-4.0.3.tgz 25666ms (cache miss)
2268 http fetch GET 200 https://registry.npmjs.org/is-boolean-object/-/is-boolean-object-1.2.2.tgz 25626ms (cache miss)
2269 http fetch GET 200 https://registry.npmjs.org/is-data-view/-/is-data-view-1.0.2.tgz 25649ms (cache miss)
2270 http fetch GET 200 https://registry.npmjs.org/is-docker/-/is-docker-3.0.0.tgz 25660ms (cache miss)
2271 http fetch GET 200 https://registry.npmjs.org/indent-string/-/indent-string-4.0.0.tgz 25603ms (cache miss)
2272 http fetch GET 200 https://registry.npmjs.org/is-callable/-/is-callable-1.2.7.tgz 25647ms (cache miss)
2273 http fetch GET 200 https://registry.npmjs.org/imurmurhash/-/imurmurhash-0.1.4.tgz 25604ms (cache miss)
2274 http fetch GET 200 https://registry.npmjs.org/is-core-module/-/is-core-module-2.16.2.tgz 25745ms (cache miss)
2275 http fetch GET 200 https://registry.npmjs.org/is-array-buffer/-/is-array-buffer-3.0.5.tgz 25723ms (cache miss)
2276 http fetch GET 200 https://registry.npmjs.org/internmap/-/internmap-2.0.3.tgz 25715ms (cache miss)
2277 http fetch GET 200 https://registry.npmjs.org/istanbul-lib-coverage/-/istanbul-lib-coverage-3.2.2.tgz 26013ms (cache miss)
2278 http fetch GET 200 https://registry.npmjs.org/is-map/-/is-map-2.0.3.tgz 25921ms (cache miss)
2279 http fetch GET 200 https://registry.npmjs.org/is-date-object/-/is-date-object-1.1.0.tgz 25892ms (cache miss)
2280 http fetch GET 200 https://registry.npmjs.org/ico-endec/-/ico-endec-0.1.6.tgz 25805ms (cache miss)
2281 http fetch GET 200 https://registry.npmjs.org/import-fresh/-/import-fresh-3.3.1.tgz 25831ms (cache miss)
2282 http fetch GET 200 https://registry.npmjs.org/ignore/-/ignore-5.3.2.tgz 25915ms (cache miss)
2283 http fetch GET 200 https://registry.npmjs.org/html-escaper/-/html-escaper-2.0.2.tgz 25888ms (cache miss)
2284 http fetch GET 200 https://registry.npmjs.org/html-void-elements/-/html-void-elements-3.0.0.tgz 25894ms (cache miss)
2285 http fetch GET 200 https://registry.npmjs.org/html-encoding-sniffer/-/html-encoding-sniffer-3.0.0.tgz 25886ms (cache miss)
2286 http fetch GET 200 https://registry.npmjs.org/json-schema-typed/-/json-schema-typed-8.0.2.tgz 26259ms (cache miss)
2287 http fetch GET 200 https://registry.npmjs.org/internal-slot/-/internal-slot-1.1.0.tgz 26043ms (cache miss)
2288 http fetch GET 200 https://registry.npmjs.org/hast-util-whitespace/-/hast-util-whitespace-3.0.0.tgz 25961ms (cache miss)
2289 http fetch GET 200 https://registry.npmjs.org/hastscript/-/hastscript-9.0.1.tgz 25968ms (cache miss)
2290 http fetch GET 200 https://registry.npmjs.org/hast-util-to-text/-/hast-util-to-text-4.0.2.tgz 25960ms (cache miss)
2291 http fetch GET 200 https://registry.npmjs.org/hast-util-from-html-isomorphic/-/hast-util-from-html-isomorphic-2.0.0.tgz 25940ms (cache miss)
2292 http fetch GET 200 https://registry.npmjs.org/is-generator-function/-/is-generator-function-1.1.2.tgz 26201ms (cache miss)
2293 http fetch GET 200 https://registry.npmjs.org/hast-util-is-element/-/hast-util-is-element-3.0.0.tgz 26041ms (cache miss)
2294 http fetch GET 200 https://registry.npmjs.org/hast-util-from-parse5/-/hast-util-from-parse5-8.0.3.tgz 26040ms (cache miss)
2295 http fetch GET 200 https://registry.npmjs.org/he/-/he-1.2.0.tgz 26179ms (cache miss)
2296 http fetch GET 200 https://registry.npmjs.org/hast-util-parse-selector/-/hast-util-parse-selector-4.0.0.tgz 26158ms (cache miss)
2297 http fetch GET 200 https://registry.npmjs.org/has-property-descriptors/-/has-property-descriptors-1.0.2.tgz 26120ms (cache miss)
2298 http fetch GET 200 https://registry.npmjs.org/has-tostringtag/-/has-tostringtag-1.0.2.tgz 26141ms (cache miss)
2299 http fetch GET 200 https://registry.npmjs.org/hast-util-from-html/-/hast-util-from-html-2.0.3.tgz 26147ms (cache miss)
2300 http fetch GET 200 https://registry.npmjs.org/has-proto/-/has-proto-1.2.0.tgz 26140ms (cache miss)
2301 http fetch GET 200 https://registry.npmjs.org/hast-util-from-dom/-/hast-util-from-dom-5.0.1.tgz 26140ms (cache miss)
2302 http fetch GET 200 https://registry.npmjs.org/has-flag/-/has-flag-4.0.0.tgz 26137ms (cache miss)
2303 http fetch GET 200 https://registry.npmjs.org/get-symbol-description/-/get-symbol-description-1.1.0.tgz 26109ms (cache miss)
2304 http fetch GET 200 https://registry.npmjs.org/sqids/-/sqids-0.3.0.tgz 27596ms (cache miss)
2305 http fetch GET 200 https://registry.npmjs.org/hachure-fill/-/hachure-fill-0.5.2.tgz 26240ms (cache miss)
2306 http fetch GET 200 https://registry.npmjs.org/has-bigints/-/has-bigints-1.1.0.tgz 26246ms (cache miss)
2307 http fetch GET 200 https://registry.npmjs.org/for-each/-/for-each-0.3.5.tgz 26198ms (cache miss)
2308 http fetch GET 200 https://registry.npmjs.org/picoquery/-/picoquery-2.5.0.tgz 27235ms (cache miss)
2309 http fetch GET 200 https://registry.npmjs.org/functions-have-names/-/functions-have-names-1.2.3.tgz 26304ms (cache miss)
2310 http fetch GET 200 https://registry.npmjs.org/fresh/-/fresh-2.0.0.tgz 26296ms (cache miss)
2311 http fetch GET 200 https://registry.npmjs.org/file-entry-cache/-/file-entry-cache-8.0.0.tgz 26261ms (cache miss)
2312 http fetch GET 200 https://registry.npmjs.org/get-own-enumerable-property-symbols/-/get-own-enumerable-property-symbols-3.0.2.tgz 26320ms (cache miss)
2313 http fetch GET 200 https://registry.npmjs.org/generator-function/-/generator-function-2.0.1.tgz 26318ms (cache miss)
2314 http fetch GET 200 https://registry.npmjs.org/function.prototype.name/-/function.prototype.name-1.1.8.tgz 26315ms (cache miss)
2315 http fetch GET 200 https://registry.npmjs.org/glob-parent/-/glob-parent-6.0.2.tgz 26416ms (cache miss)
2316 http fetch GET 200 https://registry.npmjs.org/find-up/-/find-up-5.0.0.tgz 26367ms (cache miss)
2317 http fetch GET 200 https://registry.npmjs.org/filelist/-/filelist-1.0.6.tgz 26367ms (cache miss)
2318 http fetch GET 200 https://registry.npmjs.org/ws/-/ws-8.21.2.tgz 28799ms (cache miss)
2319 http fetch GET 200 https://registry.npmjs.org/object.assign/-/object.assign-4.1.7.tgz 27340ms (cache miss)
2320 http fetch GET 200 https://registry.npmjs.org/fast-levenshtein/-/fast-levenshtein-2.0.6.tgz 26419ms (cache miss)
2321 http fetch GET 200 https://registry.npmjs.org/fast-deep-equal/-/fast-deep-equal-3.1.3.tgz 26437ms (cache miss)
2322 http fetch GET 200 https://registry.npmjs.org/follow-redirects/-/follow-redirects-1.16.0.tgz 26492ms (cache miss)
2323 http fetch GET 200 https://registry.npmjs.org/estree-walker/-/estree-walker-3.0.3.tgz 26408ms (cache miss)
2324 http fetch GET 200 https://registry.npmjs.org/fast-json-stable-stringify/-/fast-json-stable-stringify-2.1.0.tgz 26454ms (cache miss)
2325 http fetch GET 200 https://registry.npmjs.org/vfile/-/vfile-6.0.3.tgz 28680ms (cache miss)
2326 http fetch GET 200 https://registry.npmjs.org/workbox-broadcast-update/-/workbox-broadcast-update-7.4.1.tgz 28798ms (cache miss)
2327 http fetch GET 200 https://registry.npmjs.org/flat-cache/-/flat-cache-4.0.1.tgz 26559ms (cache miss)
2328 http fetch GET 200 https://registry.npmjs.org/finalhandler/-/finalhandler-2.1.1.tgz 26550ms (cache miss)
2329 http fetch GET 200 https://registry.npmjs.org/esm-env/-/esm-env-1.2.2.tgz 26453ms (cache miss)
2330 http fetch GET 200 https://registry.npmjs.org/esrap/-/esrap-1.4.9.tgz 26538ms (cache miss)
2331 http fetch GET 200 https://registry.npmjs.org/esrecurse/-/esrecurse-4.3.0.tgz 26545ms (cache miss)
2332 http fetch GET 200 https://registry.npmjs.org/estraverse/-/estraverse-5.3.0.tgz 26605ms (cache miss)
2333 http fetch GET 200 https://registry.npmjs.org/eslint-visitor-keys/-/eslint-visitor-keys-4.2.1.tgz 26567ms (cache miss)
2334 http fetch GET 200 https://registry.npmjs.org/hast-util-sanitize/-/hast-util-sanitize-5.0.2.tgz 26867ms (cache miss)
2335 http fetch GET 200 https://registry.npmjs.org/globals/-/globals-16.5.0.tgz 26924ms (cache miss)
2336 http fetch GET 200 https://registry.npmjs.org/esutils/-/esutils-2.0.3.tgz 26820ms (cache miss)
2337 http fetch GET 200 https://registry.npmjs.org/tabbable/-/tabbable-6.4.0.tgz 28599ms (cache miss)
2338 http fetch GET 200 https://registry.npmjs.org/kolorist/-/kolorist-1.8.0.tgz 27396ms (cache miss)
2339 http fetch GET 200 https://registry.npmjs.org/eventemitter3/-/eventemitter3-4.0.7.tgz 26902ms (cache miss)
2340 http fetch GET 200 https://registry.npmjs.org/escape-string-regexp/-/escape-string-regexp-4.0.0.tgz 26809ms (cache miss)
2341 http fetch GET 200 https://registry.npmjs.org/es-set-tostringtag/-/es-set-tostringtag-2.1.0.tgz 26795ms (cache miss)
2342 http fetch GET 200 https://registry.npmjs.org/workbox-range-requests/-/workbox-range-requests-7.4.1.tgz 29364ms (cache miss)
2343 http fetch GET 200 https://registry.npmjs.org/eslint-plugin-simple-import-sort/-/eslint-plugin-simple-import-sort-14.0.0.tgz 26985ms (cache miss)
2344 http fetch GET 200 https://registry.npmjs.org/eslint-plugin-storybook/-/eslint-plugin-storybook-10.5.6.tgz 26991ms (cache miss)
2345 http fetch GET 200 https://registry.npmjs.org/workbox-recipes/-/workbox-recipes-7.4.1.tgz 29551ms (cache miss)
2346 http fetch GET 200 https://registry.npmjs.org/express/-/express-5.2.1.tgz 27303ms (cache miss)
2347 http fetch GET 200 https://registry.npmjs.org/tmcp/-/tmcp-1.19.4.tgz 29171ms (cache miss)
2348 http fetch GET 200 https://registry.npmjs.org/robust-predicates/-/robust-predicates-3.0.3.tgz 28643ms (cache miss)
2349 http fetch GET 200 https://registry.npmjs.org/globalthis/-/globalthis-1.0.4.tgz 27525ms (cache miss)
2350 http fetch GET 200 https://registry.npmjs.org/es-to-primitive/-/es-to-primitive-1.3.0.tgz 27525ms (cache miss)
2351 http fetch GET 200 https://registry.npmjs.org/node-addon-api/-/node-addon-api-7.1.1.tgz 28628ms (cache miss)
2352 http fetch GET 200 https://registry.npmjs.org/inline-style-parser/-/inline-style-parser-0.2.7.tgz 27969ms (cache miss)
2353 http fetch GET 200 https://registry.npmjs.org/eslint-config-prettier/-/eslint-config-prettier-10.1.8.tgz 27730ms (cache miss)
2354 http fetch GET 200 https://registry.npmjs.org/svelte2tsx/-/svelte2tsx-0.7.59.tgz 29565ms (cache miss)
2355 http fetch GET 200 https://registry.npmjs.org/workbox-streams/-/workbox-streams-7.4.1.tgz 30331ms (cache miss)
2356 http fetch GET 200 https://registry.npmjs.org/flatted/-/flatted-3.4.2.tgz 28035ms (cache miss)
2357 http fetch GET 200 https://registry.npmjs.org/micromark-extension-gfm-footnote/-/micromark-extension-gfm-footnote-2.1.0.tgz 28941ms (cache miss)
2358 http fetch GET 200 https://registry.npmjs.org/espree/-/espree-10.4.0.tgz 28233ms (cache miss)
2359 http fetch GET 200 https://registry.npmjs.org/express-rate-limit/-/express-rate-limit-8.5.2.tgz 28488ms (cache miss)
2360 http fetch GET 200 https://registry.npmjs.org/workbox-expiration/-/workbox-expiration-7.4.1.tgz 30833ms (cache miss)
2361 http fetch GET 200 https://registry.npmjs.org/esbuild/-/esbuild-0.28.1.tgz 28487ms (cache miss)
2362 http fetch GET 200 https://registry.npmjs.org/qs/-/qs-6.15.2.tgz 29769ms (cache miss)
2363 http fetch GET 200 https://registry.npmjs.org/es-module-lexer/-/es-module-lexer-2.1.0.tgz 28605ms (cache miss)
2364 http fetch GET 200 https://registry.npmjs.org/esprima/-/esprima-4.0.1.tgz 28824ms (cache miss)
2365 http fetch GET 200 https://registry.npmjs.org/minimist/-/minimist-1.2.8.tgz 29816ms (cache miss)
2366 http fetch GET 200 https://registry.npmjs.org/dequal/-/dequal-2.0.3.tgz 28755ms (cache miss)
2367 http fetch GET 200 https://registry.npmjs.org/react/-/react-19.2.7.tgz 30256ms (cache miss)
2368 http fetch GET 200 https://registry.npmjs.org/magicast/-/magicast-0.5.3.tgz 29731ms (cache miss)
2369 http fetch GET 200 https://registry.npmjs.org/devlop/-/devlop-1.1.0.tgz 28967ms (cache miss)
2370 http fetch GET 200 https://registry.npmjs.org/electron-to-chromium/-/electron-to-chromium-1.5.367.tgz 29106ms (cache miss)
2371 http fetch GET 200 https://registry.npmjs.org/mdast-util-from-markdown/-/mdast-util-from-markdown-2.0.3.tgz 29959ms (cache miss)
2372 http fetch GET 200 https://registry.npmjs.org/delaunator/-/delaunator-5.1.0.tgz 29116ms (cache miss)
2373 http fetch GET 200 https://registry.npmjs.org/define-properties/-/define-properties-1.2.1.tgz 29123ms (cache miss)
2374 http fetch GET 200 https://registry.npmjs.org/ejs/-/ejs-3.1.10.tgz 29471ms (cache miss)
2375 http fetch GET 200 https://registry.npmjs.org/defu/-/defu-6.1.7.tgz 29437ms (cache miss)
2376 http fetch GET 200 https://registry.npmjs.org/define-lazy-prop/-/define-lazy-prop-3.0.0.tgz 29436ms (cache miss)
2377 http fetch GET 200 https://registry.npmjs.org/define-data-property/-/define-data-property-1.1.4.tgz 29432ms (cache miss)
2378 http fetch GET 200 https://registry.npmjs.org/default-browser/-/default-browser-5.5.0.tgz 29431ms (cache miss)
2379 http fetch GET 200 https://registry.npmjs.org/default-browser-id/-/default-browser-id-5.0.1.tgz 29606ms (cache miss)
2380 http fetch GET 200 https://registry.npmjs.org/deepmerge/-/deepmerge-4.3.1.tgz 29603ms (cache miss)
2381 http fetch GET 200 https://registry.npmjs.org/deep-eql/-/deep-eql-5.0.2.tgz 29602ms (cache miss)
2382 http fetch GET 200 https://registry.npmjs.org/dedent/-/dedent-1.7.2.tgz 29601ms (cache miss)
2383 http fetch GET 200 https://registry.npmjs.org/dedent-js/-/dedent-js-1.0.1.tgz 29608ms (cache miss)
2384 http fetch GET 200 https://registry.npmjs.org/deep-is/-/deep-is-0.1.4.tgz 29602ms (cache miss)
2385 http fetch GET 200 https://registry.npmjs.org/decode-named-character-reference/-/decode-named-character-reference-1.3.0.tgz 29793ms (cache miss)
2386 http fetch GET 200 https://registry.npmjs.org/decode-bmp/-/decode-bmp-0.2.1.tgz 29789ms (cache miss)
2387 http fetch GET 200 https://registry.npmjs.org/decode-ico/-/decode-ico-0.4.1.tgz 29797ms (cache miss)
2388 http fetch GET 200 https://registry.npmjs.org/marked/-/marked-16.4.2.tgz 30846ms (cache miss)
2389 http fetch GET 200 https://registry.npmjs.org/data-view-byte-offset/-/data-view-byte-offset-1.0.1.tgz 29953ms (cache miss)
2390 http fetch GET 200 https://registry.npmjs.org/data-view-byte-length/-/data-view-byte-length-1.0.2.tgz 29951ms (cache miss)
2391 http fetch GET 200 https://registry.npmjs.org/data-view-buffer/-/data-view-buffer-1.0.2.tgz 29946ms (cache miss)
2392 http fetch GET 200 https://registry.npmjs.org/d3-random/-/d3-random-3.0.1.tgz 30376ms (cache miss)
2393 http fetch GET 200 https://registry.npmjs.org/expect-type/-/expect-type-1.3.0.tgz 30849ms (cache miss)
2394 http fetch GET 200 https://registry.npmjs.org/d3-polygon/-/d3-polygon-3.0.1.tgz 30569ms (cache miss)
2395 http fetch GET 200 https://registry.npmjs.org/d3-path/-/d3-path-3.1.0.tgz 30738ms (cache miss)
2396 http fetch GET 200 https://registry.npmjs.org/d3-drag/-/d3-drag-3.0.0.tgz 30689ms (cache miss)
2397 http fetch GET 200 https://registry.npmjs.org/d3-dispatch/-/d3-dispatch-3.0.1.tgz 30689ms (cache miss)
2398 http fetch GET 200 https://registry.npmjs.org/d3-ease/-/d3-ease-3.0.1.tgz 30708ms (cache miss)
2399 http fetch GET 200 https://registry.npmjs.org/d3-dsv/-/d3-dsv-3.0.1.tgz 30708ms (cache miss)
2400 http fetch GET 200 https://registry.npmjs.org/d3-fetch/-/d3-fetch-3.0.1.tgz 30720ms (cache miss)
2401 http fetch GET 200 https://registry.npmjs.org/eventsource/-/eventsource-3.0.7.tgz 31207ms (cache miss)
2402 http fetch GET 200 https://registry.npmjs.org/d3-brush/-/d3-brush-3.0.0.tgz 30849ms (cache miss)
2403 http fetch GET 200 https://registry.npmjs.org/d3-color/-/d3-color-3.1.0.tgz 30860ms (cache miss)
2404 http fetch GET 200 https://registry.npmjs.org/d3-chord/-/d3-chord-3.0.1.tgz 30857ms (cache miss)
2405 http fetch GET 200 https://registry.npmjs.org/d3-axis/-/d3-axis-3.0.0.tgz 30856ms (cache miss)
2406 http fetch GET 200 https://registry.npmjs.org/d3-timer/-/d3-timer-3.0.1.tgz 31159ms (cache miss)
2407 http fetch GET 200 https://registry.npmjs.org/cssesc/-/cssesc-3.0.0.tgz 31003ms (cache miss)
2408 http fetch GET 200 https://registry.npmjs.org/corser/-/corser-2.0.1.tgz 31125ms (cache miss)
2409 http fetch GET 200 https://registry.npmjs.org/crypto-random-string/-/crypto-random-string-2.0.0.tgz 31135ms (cache miss)
2410 http fetch GET 200 https://registry.npmjs.org/cors/-/cors-2.8.6.tgz 31128ms (cache miss)
2411 http fetch GET 200 https://registry.npmjs.org/cookie-signature/-/cookie-signature-1.2.2.tgz 31124ms (cache miss)
2412 http fetch GET 200 https://registry.npmjs.org/lz-string/-/lz-string-1.5.0.tgz 32348ms (cache miss)
2413 http fetch GET 200 https://registry.npmjs.org/import-meta-resolve/-/import-meta-resolve-4.2.0.tgz 31995ms (cache miss)
2414 http fetch GET 200 https://registry.npmjs.org/idb/-/idb-7.1.1.tgz 31978ms (cache miss)
2415 http fetch GET 200 https://registry.npmjs.org/css.escape/-/css.escape-1.5.1.tgz 31311ms (cache miss)
2416 http fetch GET 200 https://registry.npmjs.org/content-disposition/-/content-disposition-1.1.0.tgz 31279ms (cache miss)
2417 http fetch GET 200 https://registry.npmjs.org/concat-map/-/concat-map-0.0.1.tgz 31278ms (cache miss)
2418 http fetch GET 200 https://registry.npmjs.org/colorette/-/colorette-2.0.20.tgz 31392ms (cache miss)
2419 http fetch GET 200 https://registry.npmjs.org/clsx/-/clsx-2.1.1.tgz 31387ms (cache miss)
2420 http fetch GET 200 https://registry.npmjs.org/http-proxy/-/http-proxy-1.18.1.tgz 32291ms (cache miss)
2421 http fetch GET 200 https://registry.npmjs.org/cookie/-/cookie-1.1.1.tgz 31605ms (cache miss)
2422 http fetch GET 200 https://registry.npmjs.org/comma-separated-tokens/-/comma-separated-tokens-2.0.3.tgz 31580ms (cache miss)
2423 http fetch GET 200 https://registry.npmjs.org/character-entities-legacy/-/character-entities-legacy-3.0.0.tgz 31552ms (cache miss)
2424 http fetch GET 200 https://registry.npmjs.org/check-error/-/check-error-2.1.3.tgz 31560ms (cache miss)
2425 http fetch GET 200 https://registry.npmjs.org/micromark-extension-math/-/micromark-extension-math-3.1.0.tgz 33031ms (cache miss)
2426 http fetch GET 200 https://registry.npmjs.org/character-entities-html4/-/character-entities-html4-2.1.0.tgz 31744ms (cache miss)
2427 http fetch GET 200 https://registry.npmjs.org/chokidar/-/chokidar-5.0.0.tgz 31760ms (cache miss)
2428 http fetch GET 200 https://registry.npmjs.org/ccount/-/ccount-2.0.1.tgz 31733ms (cache miss)
2429 http fetch GET 200 https://registry.npmjs.org/lightningcss/-/lightningcss-1.30.1.tgz 32940ms (cache miss)
2430 http fetch GET 200 https://registry.npmjs.org/character-entities/-/character-entities-2.0.2.tgz 31864ms (cache miss)
2431 http fetch GET 200 https://registry.npmjs.org/buffer-from/-/buffer-from-1.1.2.tgz 31825ms (cache miss)
2432 http fetch GET 200 https://registry.npmjs.org/callsites/-/callsites-3.1.0.tgz 31844ms (cache miss)
2433 http fetch GET 200 https://registry.npmjs.org/bundle-name/-/bundle-name-4.1.0.tgz 31834ms (cache miss)
2434 http fetch GET 200 https://registry.npmjs.org/call-bind/-/call-bind-1.0.9.tgz 31849ms (cache miss)
2435 http fetch GET 200 https://registry.npmjs.org/body-parser/-/body-parser-2.3.0.tgz 31939ms (cache miss)
2436 http fetch GET 200 https://registry.npmjs.org/brace-expansion/-/brace-expansion-1.1.18.tgz 31948ms (cache miss)
2437 http fetch GET 200 https://registry.npmjs.org/commander/-/commander-7.2.0.tgz 32214ms (cache miss)
2438 http fetch GET 200 https://registry.npmjs.org/balanced-match/-/balanced-match-1.0.2.tgz 32068ms (cache miss)
2439 http fetch GET 200 https://registry.npmjs.org/bail/-/bail-2.0.2.tgz 32071ms (cache miss)
2440 http fetch GET 200 https://registry.npmjs.org/babel-plugin-polyfill-regenerator/-/babel-plugin-polyfill-regenerator-0.6.8.tgz 32072ms (cache miss)
2441 http fetch GET 200 https://registry.npmjs.org/d3-sankey/-/d3-sankey-0.12.3.tgz 32564ms (cache miss)
2442 http fetch GET 200 https://registry.npmjs.org/chalk/-/chalk-4.1.2.tgz 32336ms (cache miss)
2443 http fetch GET 200 https://registry.npmjs.org/basic-auth/-/basic-auth-2.0.1.tgz 32241ms (cache miss)
2444 http fetch GET 200 https://registry.npmjs.org/available-typed-arrays/-/available-typed-arrays-1.0.7.tgz 32203ms (cache miss)
2445 http fetch GET 200 https://registry.npmjs.org/eslint-scope/-/eslint-scope-8.4.0.tgz 32907ms (cache miss)
2446 http fetch GET 200 https://registry.npmjs.org/browserslist/-/browserslist-4.28.2.tgz 32509ms (cache miss)
2447 http fetch GET 200 https://registry.npmjs.org/async-function/-/async-function-1.0.0.tgz 32418ms (cache miss)
2448 http fetch GET 200 https://registry.npmjs.org/assertion-error/-/assertion-error-2.0.1.tgz 32398ms (cache miss)
2449 http fetch GET 200 https://registry.npmjs.org/arraybuffer.prototype.slice/-/arraybuffer.prototype.slice-1.0.4.tgz 32639ms (cache miss)
2450 http fetch GET 200 https://registry.npmjs.org/source-map/-/source-map-0.6.1.tgz 34981ms (cache miss)
2451 http fetch GET 200 https://registry.npmjs.org/union/-/union-0.5.0.tgz 35583ms (cache miss)
2452 http fetch GET 200 https://registry.npmjs.org/ast-v8-to-istanbul/-/ast-v8-to-istanbul-1.0.3.tgz 32830ms (cache miss)
2453 http fetch GET 200 https://registry.npmjs.org/array-buffer-byte-length/-/array-buffer-byte-length-1.0.2.tgz 32819ms (cache miss)
2454 http fetch GET 200 https://registry.npmjs.org/acorn-jsx/-/acorn-jsx-5.3.2.tgz 32796ms (cache miss)
2455 http fetch GET 200 https://registry.npmjs.org/devalue/-/devalue-5.8.1.tgz 33543ms (cache miss)
2456 http fetch GET 200 https://registry.npmjs.org/d3-zoom/-/d3-zoom-3.0.0.tgz 33439ms (cache miss)
2457 http fetch GET 200 https://registry.npmjs.org/accepts/-/accepts-2.0.0.tgz 32973ms (cache miss)
2458 http fetch GET 200 https://registry.npmjs.org/eta/-/eta-4.6.0.tgz 33792ms (cache miss)
2459 http fetch GET 200 https://registry.npmjs.org/@webcontainer/env/-/env-1.1.1.tgz 33097ms (cache miss)
2460 http fetch GET 200 https://registry.npmjs.org/@vitest/spy/-/spy-4.1.10.tgz 33089ms (cache miss)
2461 http fetch GET 200 https://registry.npmjs.org/immutable/-/immutable-5.1.9.tgz 34264ms (cache miss)
2462 http fetch GET 200 https://registry.npmjs.org/@vitest/coverage-v8/-/coverage-v8-4.1.10.tgz 33244ms (cache miss)
2463 http fetch GET 200 https://registry.npmjs.org/workbox-background-sync/-/workbox-background-sync-7.4.1.tgz 36472ms (cache miss)
2464 http fetch GET 200 https://registry.npmjs.org/@vitest/pretty-format/-/pretty-format-4.1.10.tgz 33409ms (cache miss)
2465 http fetch GET 200 https://registry.npmjs.org/d3-delaunay/-/d3-delaunay-6.0.4.tgz 33935ms (cache miss)
2466 http fetch GET 200 https://registry.npmjs.org/@vitest/browser-playwright/-/browser-playwright-4.1.10.tgz 33546ms (cache miss)
2467 http fetch GET 200 https://registry.npmjs.org/cytoscape-cose-bilkent/-/cytoscape-cose-bilkent-4.1.0.tgz 34046ms (cache miss)
2468 http fetch GET 200 https://registry.npmjs.org/argparse/-/argparse-2.0.1.tgz 33747ms (cache miss)
2469 http fetch GET 200 https://registry.npmjs.org/@vitest/expect/-/expect-3.2.4.tgz 33699ms (cache miss)
2470 http fetch GET 200 https://registry.npmjs.org/@ungap/structured-clone/-/structured-clone-1.3.1.tgz 33672ms (cache miss)
2471 http fetch GET 200 https://registry.npmjs.org/@typescript-eslint/visitor-keys/-/visitor-keys-8.60.1.tgz 33670ms (cache miss)
2472 http fetch GET 200 https://registry.npmjs.org/eventsource-parser/-/eventsource-parser-3.1.0.tgz 34617ms (cache miss)
2473 http fetch GET 200 https://registry.npmjs.org/@typescript-eslint/tsconfig-utils/-/tsconfig-utils-8.60.1.tgz 33883ms (cache miss)
2474 http fetch GET 200 https://registry.npmjs.org/@vite-pwa/sveltekit/-/sveltekit-1.1.0.tgz 33997ms (cache miss)
2475 http fetch GET 200 https://registry.npmjs.org/@typescript-eslint/parser/-/parser-8.60.1.tgz 33999ms (cache miss)
2476 http fetch GET 200 https://registry.npmjs.org/cose-base/-/cose-base-1.0.3.tgz 34546ms (cache miss)
2477 http fetch GET 200 https://registry.npmjs.org/@typescript-eslint/project-service/-/project-service-8.60.1.tgz 34163ms (cache miss)
2478 http fetch GET 200 https://registry.npmjs.org/@types/trusted-types/-/trusted-types-2.0.7.tgz 34262ms (cache miss)
2479 http fetch GET 200 https://registry.npmjs.org/@types/unist/-/unist-2.0.11.tgz 34272ms (cache miss)
2480 http fetch GET 200 https://registry.npmjs.org/babel-plugin-polyfill-corejs2/-/babel-plugin-polyfill-corejs2-0.4.17.tgz 34604ms (cache miss)
2481 http fetch GET 200 https://registry.npmjs.org/@types/mdx/-/mdx-2.0.13.tgz 34390ms (cache miss)
2482 http fetch GET 200 https://registry.npmjs.org/@types/ms/-/ms-2.1.0.tgz 34536ms (cache miss)
2483 http fetch GET 200 https://registry.npmjs.org/@types/mdast/-/mdast-4.0.4.tgz 34518ms (cache miss)
2484 http fetch GET 200 https://registry.npmjs.org/d3-time/-/d3-time-3.1.0.tgz 35252ms (cache miss)
2485 http fetch GET 200 https://registry.npmjs.org/d3-contour/-/d3-contour-4.0.2.tgz 35145ms (cache miss)
2486 http fetch GET 200 https://registry.npmjs.org/@types/d3-timer/-/d3-timer-3.0.2.tgz 34606ms (cache miss)
2487 http fetch GET 200 https://registry.npmjs.org/@types/resolve/-/resolve-1.20.2.tgz 34684ms (cache miss)
2488 http fetch GET 200 https://registry.npmjs.org/@types/debug/-/debug-4.1.13.tgz 34621ms (cache miss)
2489 http fetch GET 200 https://registry.npmjs.org/@types/hast/-/hast-3.0.4.tgz 34639ms (cache miss)
2490 http fetch GET 200 https://registry.npmjs.org/@types/katex/-/katex-0.16.8.tgz 34652ms (cache miss)
2491 http fetch GET 200 https://registry.npmjs.org/@types/json-schema/-/json-schema-7.0.15.tgz 34651ms (cache miss)
2492 http fetch GET 200 https://registry.npmjs.org/@types/deep-eql/-/deep-eql-4.0.2.tgz 34643ms (cache miss)
2493 http fetch GET 200 https://registry.npmjs.org/@types/geojson/-/geojson-7946.0.16.tgz 34798ms (cache miss)
2494 http fetch GET 200 https://registry.npmjs.org/@types/d3-time/-/d3-time-3.0.4.tgz 34773ms (cache miss)
2495 http fetch GET 200 https://registry.npmjs.org/@types/d3-transition/-/d3-transition-3.0.9.tgz 34787ms (cache miss)
2496 http fetch GET 200 https://registry.npmjs.org/@types/d3-selection/-/d3-selection-3.0.11.tgz 34951ms (cache miss)
2497 http fetch GET 200 https://registry.npmjs.org/@types/d3-time-format/-/d3-time-format-4.0.3.tgz 34968ms (cache miss)
2498 http fetch GET 200 https://registry.npmjs.org/cac/-/cac-6.7.14.tgz 35530ms (cache miss)
2499 http fetch GET 200 https://registry.npmjs.org/@types/d3-zoom/-/d3-zoom-3.0.8.tgz 35196ms (cache miss)
2500 http fetch GET 200 https://registry.npmjs.org/@types/d3-shape/-/d3-shape-3.1.8.tgz 35182ms (cache miss)
2501 http fetch GET 200 https://registry.npmjs.org/@types/d3-scale/-/d3-scale-4.0.9.tgz 35167ms (cache miss)
2502 http fetch GET 200 https://registry.npmjs.org/@types/d3-random/-/d3-random-3.0.3.tgz 35165ms (cache miss)
2503 http fetch GET 200 https://registry.npmjs.org/@types/d3-interpolate/-/d3-interpolate-3.0.4.tgz 35152ms (cache miss)
2504 http fetch GET 200 https://registry.npmjs.org/@types/d3-scale-chromatic/-/d3-scale-chromatic-3.1.0.tgz 35185ms (cache miss)
2505 http fetch GET 200 https://registry.npmjs.org/@types/d3-quadtree/-/d3-quadtree-3.0.6.tgz 35173ms (cache miss)
2506 http fetch GET 200 https://registry.npmjs.org/@types/d3-polygon/-/d3-polygon-3.0.2.tgz 35171ms (cache miss)
2507 http fetch GET 200 https://registry.npmjs.org/pngjs/-/pngjs-7.0.0.tgz 37365ms (cache miss)
2508 http fetch GET 200 https://registry.npmjs.org/baseline-browser-mapping/-/baseline-browser-mapping-2.10.33.tgz 35645ms (cache miss)
2509 http fetch GET 200 https://registry.npmjs.org/@types/d3-geo/-/d3-geo-3.1.0.tgz 35308ms (cache miss)
2510 http fetch GET 200 https://registry.npmjs.org/@types/d3-path/-/d3-path-3.1.1.tgz 35321ms (cache miss)
2511 http fetch GET 200 https://registry.npmjs.org/@types/d3-ease/-/d3-ease-3.0.2.tgz 35296ms (cache miss)
2512 http fetch GET 200 https://registry.npmjs.org/@types/d3-hierarchy/-/d3-hierarchy-3.1.7.tgz 35323ms (cache miss)
2513 http fetch GET 200 https://registry.npmjs.org/@types/d3-force/-/d3-force-3.0.10.tgz 35312ms (cache miss)
2514 http fetch GET 200 https://registry.npmjs.org/tailwindcss/-/tailwindcss-4.3.0.tgz 38232ms (cache miss)
2515 http fetch GET 200 https://registry.npmjs.org/mode-watcher/-/mode-watcher-1.1.0.tgz 37382ms (cache miss)
2516 http fetch GET 200 https://registry.npmjs.org/@types/d3-format/-/d3-format-3.0.4.tgz 35564ms (cache miss)
2517 http fetch GET 200 https://registry.npmjs.org/@types/d3-drag/-/d3-drag-3.0.7.tgz 35548ms (cache miss)
2518 http fetch GET 200 https://registry.npmjs.org/@types/d3-color/-/d3-color-3.1.3.tgz 35534ms (cache miss)
2519 http fetch GET 200 https://registry.npmjs.org/@types/d3-fetch/-/d3-fetch-3.0.7.tgz 35570ms (cache miss)
2520 http fetch GET 200 https://registry.npmjs.org/@types/d3-contour/-/d3-contour-3.0.6.tgz 35657ms (cache miss)
2521 http fetch GET 200 https://registry.npmjs.org/@types/d3-delaunay/-/d3-delaunay-6.0.4.tgz 35667ms (cache miss)
2522 http fetch GET 200 https://registry.npmjs.org/@types/d3-dispatch/-/d3-dispatch-3.0.7.tgz 35674ms (cache miss)
2523 http fetch GET 200 https://registry.npmjs.org/@types/d3-chord/-/d3-chord-3.0.6.tgz 35659ms (cache miss)
2524 http fetch GET 200 https://registry.npmjs.org/@types/d3-dsv/-/d3-dsv-3.0.7.tgz 35686ms (cache miss)
2525 http fetch GET 200 https://registry.npmjs.org/@types/d3-brush/-/d3-brush-3.0.6.tgz 35821ms (cache miss)
2526 http fetch GET 200 https://registry.npmjs.org/@types/aria-query/-/aria-query-5.0.4.tgz 35798ms (cache miss)
2527 http fetch GET 200 https://registry.npmjs.org/@types/d3-axis/-/d3-axis-3.0.6.tgz 35819ms (cache miss)
2528 http fetch GET 200 https://registry.npmjs.org/@types/d3/-/d3-7.4.3.tgz 35814ms (cache miss)
2529 http fetch GET 200 https://registry.npmjs.org/d3-force/-/d3-force-3.0.0.tgz 36620ms (cache miss)
2530 http fetch GET 200 https://registry.npmjs.org/@vitest/snapshot/-/snapshot-4.1.10.tgz 36227ms (cache miss)
2531 http fetch GET 200 https://registry.npmjs.org/@types/chai/-/chai-5.2.3.tgz 35940ms (cache miss)
2532 http fetch GET 200 https://registry.npmjs.org/@types/cookie/-/cookie-0.6.0.tgz 35950ms (cache miss)
2533 http fetch GET 200 https://registry.npmjs.org/@types/d3-array/-/d3-array-3.2.2.tgz 35971ms (cache miss)
2534 http fetch GET 200 https://registry.npmjs.org/@tmcp/transport-http/-/transport-http-0.8.6.tgz 36158ms (cache miss)
2535 http fetch GET 200 https://registry.npmjs.org/@tailwindcss/vite/-/vite-4.1.11.tgz 36134ms (cache miss)
2536 http fetch GET 200 https://registry.npmjs.org/@tmcp/session-manager/-/session-manager-0.2.2.tgz 36272ms (cache miss)
2537 http fetch GET 200 https://registry.npmjs.org/@tmcp/adapter-valibot/-/adapter-valibot-0.1.6.tgz 36269ms (cache miss)
2538 http fetch GET 200 https://registry.npmjs.org/pretty-format/-/pretty-format-27.5.1.tgz 38677ms (cache miss)
2539 http fetch GET 200 https://registry.npmjs.org/@sveltejs/vite-plugin-svelte-inspector/-/vite-plugin-svelte-inspector-5.0.2.tgz 36492ms (cache miss)
2540 http fetch GET 200 https://registry.npmjs.org/@tailwindcss/oxide/-/oxide-4.1.11.tgz 36510ms (cache miss)
2541 http fetch GET 200 https://registry.npmjs.org/@tailwindcss/forms/-/forms-0.5.10.tgz 36739ms (cache miss)
2542 http fetch GET 200 https://registry.npmjs.org/signal-exit/-/signal-exit-4.1.0.tgz 39610ms (cache miss)
2543 http fetch GET 200 https://registry.npmjs.org/d3-quadtree/-/d3-quadtree-3.0.1.tgz 37982ms (cache miss)
2544 http fetch GET 200 https://registry.npmjs.org/ajv-formats/-/ajv-formats-3.0.1.tgz 37566ms (cache miss)
2545 http fetch GET 200 https://registry.npmjs.org/@sveltejs/adapter-static/-/adapter-static-3.0.10.tgz 37172ms (cache miss)
2546 http fetch GET 200 https://registry.npmjs.org/@storybook/svelte/-/svelte-10.5.6.tgz 37170ms (cache miss)
2547 http fetch GET 200 https://registry.npmjs.org/micromark-extension-gfm-table/-/micromark-extension-gfm-table-2.1.1.tgz 39391ms (cache miss)
2548 http fetch GET 200 https://registry.npmjs.org/@storybook/global/-/global-5.0.0.tgz 37548ms (cache miss)
2549 http fetch GET 200 https://registry.npmjs.org/@storybook/csf-plugin/-/csf-plugin-10.5.6.tgz 37549ms (cache miss)
2550 http fetch GET 200 https://registry.npmjs.org/@storybook/react-dom-shim/-/react-dom-shim-10.5.6.tgz 37571ms (cache miss)
2551 http fetch GET 200 https://registry.npmjs.org/workbox-strategies/-/workbox-strategies-7.4.1.tgz 41175ms (cache miss)
2552 http fetch GET 200 https://registry.npmjs.org/@sveltejs/load-config/-/load-config-0.1.1.tgz 37790ms (cache miss)
2553 http fetch GET 200 https://registry.npmjs.org/http-server/-/http-server-14.1.1.tgz 39238ms (cache miss)
2554 http fetch GET 200 https://registry.npmjs.org/@vitest/runner/-/runner-4.1.10.tgz 38346ms (cache miss)
2555 http fetch GET 200 https://registry.npmjs.org/@sveltejs/acorn-typescript/-/acorn-typescript-1.0.10.tgz 38019ms (cache miss)
2556 http fetch GET 200 https://registry.npmjs.org/@standard-schema/spec/-/spec-1.1.0.tgz 38000ms (cache miss)
2557 http fetch GET 200 https://registry.npmjs.org/@rollup/plugin-terser/-/plugin-terser-1.0.0.tgz 38076ms (cache miss)
2558 http fetch GET 200 https://registry.npmjs.org/@polka/url/-/url-1.0.0-next.29.tgz 38079ms (cache miss)
2559 http fetch GET 200 https://registry.npmjs.org/@storybook/mcp/-/mcp-0.8.0.tgz 38531ms (cache miss)
2560 http fetch GET 200 https://registry.npmjs.org/@typescript-eslint/types/-/types-8.60.1.tgz 39203ms (cache miss)
2561 http fetch GET 200 https://registry.npmjs.org/@rollup/plugin-replace/-/plugin-replace-6.0.3.tgz 38834ms (cache miss)
2562 http fetch GET 200 https://registry.npmjs.org/@quansync/fs/-/fs-1.0.0.tgz 38834ms (cache miss)
2563 http fetch GET 200 https://registry.npmjs.org/@rollup/plugin-babel/-/plugin-babel-6.1.0.tgz 38827ms (cache miss)
2564 http fetch GET 200 https://registry.npmjs.org/@jridgewell/source-map/-/source-map-0.3.11.tgz 38788ms (cache miss)
2565 http fetch GET 200 https://registry.npmjs.org/babel-plugin-polyfill-corejs3/-/babel-plugin-polyfill-corejs3-0.14.2.tgz 39519ms (cache miss)
2566 http fetch GET 200 https://registry.npmjs.org/@tailwindcss/typography/-/typography-0.5.16.tgz 39089ms (cache miss)
2567 http fetch GET 200 https://registry.npmjs.org/vite-plugin-pwa/-/vite-plugin-pwa-1.3.0.tgz 42664ms (cache miss)
2568 http fetch GET 200 https://registry.npmjs.org/@storybook/csf/-/csf-0.1.13.tgz 39247ms (cache miss)
2569 http fetch GET 200 https://registry.npmjs.org/@neoconfetti/react/-/react-1.0.0.tgz 39166ms (cache miss)
2570 http fetch GET 200 https://registry.npmjs.org/@playwright/test/-/test-1.56.1.tgz 39198ms (cache miss)
2571 http fetch GET 200 https://registry.npmjs.org/@oxc-project/types/-/types-0.127.0.tgz 39186ms (cache miss)
2572 http fetch GET 200 https://registry.npmjs.org/fflate/-/fflate-0.8.3.tgz 40618ms (cache miss)
2573 http fetch GET 200 https://registry.npmjs.org/jsonc-parser/-/jsonc-parser-3.3.1.tgz 41091ms (cache miss)
2574 http fetch GET 200 https://registry.npmjs.org/@humanwhocodes/retry/-/retry-0.4.3.tgz 39329ms (cache miss)
2575 http fetch GET 200 https://registry.npmjs.org/@mdx-js/react/-/react-3.1.1.tgz 39521ms (cache miss)
2576 http fetch GET 200 https://registry.npmjs.org/@storybook/addon-mcp/-/addon-mcp-0.7.0.tgz 39790ms (cache miss)
2577 http fetch GET 200 https://registry.npmjs.org/svelte-sonner/-/svelte-sonner-1.1.1.tgz 42773ms (cache miss)
2578 http fetch GET 200 https://registry.npmjs.org/@iconify/types/-/types-2.0.0.tgz 40042ms (cache miss)
2579 http fetch GET 200 https://registry.npmjs.org/valibot/-/valibot-1.4.2.tgz 43743ms (cache miss)
2580 http fetch GET 200 https://registry.npmjs.org/d3/-/d3-7.9.0.tgz 41386ms (cache miss)
2581 http fetch GET 200 https://registry.npmjs.org/workbox-routing/-/workbox-routing-7.4.1.tgz 44242ms (cache miss)
2582 http fetch GET 200 https://registry.npmjs.org/@humanfs/node/-/node-0.16.8.tgz 40710ms (cache miss)
2583 http fetch GET 200 https://registry.npmjs.org/@floating-ui/utils/-/utils-0.2.11.tgz 40720ms (cache miss)
2584 http fetch GET 200 https://registry.npmjs.org/unplugin/-/unplugin-2.3.11.tgz 44256ms (cache miss)
2585 http fetch GET 200 https://registry.npmjs.org/@img/colour/-/colour-1.1.0.tgz 40789ms (cache miss)
2586 http fetch GET 200 https://registry.npmjs.org/@humanwhocodes/module-importer/-/module-importer-1.0.1.tgz 40930ms (cache miss)
2587 http fetch GET 200 https://registry.npmjs.org/@humanfs/types/-/types-0.15.0.tgz 40937ms (cache miss)
2588 http fetch GET 200 https://registry.npmjs.org/acorn/-/acorn-8.16.0.tgz 41536ms (cache miss)
2589 http fetch GET 200 https://registry.npmjs.org/@tailwindcss/node/-/node-4.1.11.tgz 41165ms (cache miss)
2590 http fetch GET 200 https://registry.npmjs.org/@storybook/builder-vite/-/builder-vite-10.5.6.tgz 41099ms (cache miss)
2591 http fetch GET 200 https://registry.npmjs.org/@humanfs/core/-/core-0.19.2.tgz 41177ms (cache miss)
2592 http fetch GET 200 https://registry.npmjs.org/@eslint/js/-/js-9.39.2.tgz 41184ms (cache miss)
2593 http fetch GET 200 https://registry.npmjs.org/core-js-compat/-/core-js-compat-3.49.0.tgz 42239ms (cache miss)
2594 http fetch GET 200 https://registry.npmjs.org/@upsetjs/venn.js/-/venn.js-2.0.0.tgz 42078ms (cache miss)
2595 http fetch GET 200 https://registry.npmjs.org/@canvas/image-data/-/image-data-1.1.0.tgz 41524ms (cache miss)
2596 http fetch GET 200 https://registry.npmjs.org/@braintree/sanitize-url/-/sanitize-url-7.1.2.tgz 41521ms (cache miss)
2597 http fetch GET 200 https://registry.npmjs.org/@chevrotain/types/-/types-11.1.2.tgz 41681ms (cache miss)
2598 http fetch GET 200 https://registry.npmjs.org/@eslint/core/-/core-0.17.0.tgz 41832ms (cache miss)
2599 http fetch GET 200 https://registry.npmjs.org/fast-uri/-/fast-uri-3.1.5.tgz 43249ms (cache miss)
2600 http fetch GET 200 https://registry.npmjs.org/recast/-/recast-0.23.11.tgz 44462ms (cache miss)
2601 http fetch GET 200 https://registry.npmjs.org/@rollup/pluginutils/-/pluginutils-5.4.0.tgz 42046ms (cache miss)
2602 http fetch GET 200 https://registry.npmjs.org/@babel/plugin-transform-unicode-escapes/-/plugin-transform-unicode-escapes-7.29.7.tgz 42104ms (cache miss)
2603 http fetch GET 200 https://registry.npmjs.org/@blazediff/core/-/core-1.9.1.tgz 42119ms (cache miss)
2604 http fetch GET 200 https://registry.npmjs.org/@babel/plugin-transform-unicode-sets-regex/-/plugin-transform-unicode-sets-regex-7.29.7.tgz 42118ms (cache miss)
2605 http fetch GET 200 https://registry.npmjs.org/@babel/plugin-transform-typeof-symbol/-/plugin-transform-typeof-symbol-7.29.7.tgz 42108ms (cache miss)
2606 http fetch GET 200 https://registry.npmjs.org/@napi-rs/canvas/-/canvas-0.1.100.tgz 42469ms (cache miss)
2607 http fetch GET 200 https://registry.npmjs.org/@babel/plugin-transform-unicode-regex/-/plugin-transform-unicode-regex-7.29.7.tgz 42308ms (cache miss)
2608 http fetch GET 200 https://registry.npmjs.org/@babel/plugin-transform-sticky-regex/-/plugin-transform-sticky-regex-7.29.7.tgz 42284ms (cache miss)
2609 http fetch GET 200 https://registry.npmjs.org/@babel/plugin-transform-spread/-/plugin-transform-spread-7.29.7.tgz 42284ms (cache miss)
2610 http fetch GET 200 https://registry.npmjs.org/@babel/plugin-transform-unicode-property-regex/-/plugin-transform-unicode-property-regex-7.29.7.tgz 42305ms (cache miss)
2611 http fetch GET 200 https://registry.npmjs.org/@babel/plugin-transform-template-literals/-/plugin-transform-template-literals-7.29.7.tgz 42468ms (cache miss)
2612 http fetch GET 200 https://registry.npmjs.org/@babel/plugin-transform-property-literals/-/plugin-transform-property-literals-7.29.7.tgz 42526ms (cache miss)
2613 http fetch GET 200 https://registry.npmjs.org/@babel/plugin-transform-regexp-modifiers/-/plugin-transform-regexp-modifiers-7.29.7.tgz 42536ms (cache miss)
2614 http fetch GET 200 https://registry.npmjs.org/@babel/plugin-transform-shorthand-properties/-/plugin-transform-shorthand-properties-7.29.7.tgz 42543ms (cache miss)
2615 http fetch GET 200 https://registry.npmjs.org/@types/react/-/react-19.2.17.tgz 43390ms (cache miss)
2616 http fetch GET 200 https://registry.npmjs.org/@rollup/plugin-node-resolve/-/plugin-node-resolve-16.0.3.tgz 43042ms (cache miss)
2617 http fetch GET 200 https://registry.npmjs.org/@babel/plugin-transform-optional-catch-binding/-/plugin-transform-optional-catch-binding-7.29.7.tgz 42761ms (cache miss)
2618 http fetch GET 200 https://registry.npmjs.org/@babel/plugin-transform-reserved-words/-/plugin-transform-reserved-words-7.29.7.tgz 42808ms (cache miss)
2619 http fetch GET 200 https://registry.npmjs.org/workbox-window/-/workbox-window-7.4.1.tgz 46989ms (cache miss)
2620 http fetch GET 200 https://registry.npmjs.org/@eslint/compat/-/compat-1.4.1.tgz 43218ms (cache miss)
2621 http fetch GET 200 https://registry.npmjs.org/@babel/plugin-transform-private-methods/-/plugin-transform-private-methods-7.29.7.tgz 43104ms (cache miss)
2622 http fetch GET 200 https://registry.npmjs.org/@babel/plugin-transform-private-property-in-object/-/plugin-transform-private-property-in-object-7.29.7.tgz 43110ms (cache miss)
2623 http fetch GET 200 https://registry.npmjs.org/@babel/plugin-transform-optional-chaining/-/plugin-transform-optional-chaining-7.29.7.tgz 43098ms (cache miss)
2624 http fetch GET 200 https://registry.npmjs.org/@babel/plugin-transform-object-super/-/plugin-transform-object-super-7.29.7.tgz 43094ms (cache miss)
2625 http fetch GET 200 https://registry.npmjs.org/@babel/plugin-transform-numeric-separator/-/plugin-transform-numeric-separator-7.29.7.tgz 43088ms (cache miss)
2626 http fetch GET 200 https://registry.npmjs.org/@babel/plugin-transform-nullish-coalescing-operator/-/plugin-transform-nullish-coalescing-operator-7.29.7.tgz 43089ms (cache miss)
2627 http fetch GET 200 https://registry.npmjs.org/@storybook/icons/-/icons-2.0.2.tgz 43699ms (cache miss)
2628 http fetch GET 200 https://registry.npmjs.org/@babel/plugin-transform-object-rest-spread/-/plugin-transform-object-rest-spread-7.29.7.tgz 43383ms (cache miss)
2629 http fetch GET 200 https://registry.npmjs.org/@babel/plugin-transform-new-target/-/plugin-transform-new-target-7.29.7.tgz 43378ms (cache miss)
2630 http fetch GET 200 https://registry.npmjs.org/@babel/plugin-transform-named-capturing-groups-regex/-/plugin-transform-named-capturing-groups-regex-7.29.7.tgz 43374ms (cache miss)
2631 http fetch GET 200 https://registry.npmjs.org/iconv-lite/-/iconv-lite-0.7.2.tgz 45308ms (cache miss)
2632 http fetch GET 200 https://registry.npmjs.org/@babel/plugin-transform-modules-umd/-/plugin-transform-modules-umd-7.29.7.tgz 43618ms (cache miss)
2633 http fetch GET 200 https://registry.npmjs.org/@babel/plugin-transform-literals/-/plugin-transform-literals-7.29.7.tgz 43597ms (cache miss)
2634 http fetch GET 200 https://registry.npmjs.org/@babel/plugin-transform-modules-commonjs/-/plugin-transform-modules-commonjs-7.29.7.tgz 43621ms (cache miss)
2635 http fetch GET 200 https://registry.npmjs.org/@babel/plugin-transform-json-strings/-/plugin-transform-json-strings-7.29.7.tgz 43826ms (cache miss)
2636 http fetch GET 200 https://registry.npmjs.org/esquery/-/esquery-1.7.0.tgz 45436ms (cache miss)
2637 http fetch GET 200 https://registry.npmjs.org/@babel/plugin-transform-modules-systemjs/-/plugin-transform-modules-systemjs-7.29.7.tgz 43937ms (cache miss)
2638 http fetch GET 200 https://registry.npmjs.org/@babel/plugin-transform-modules-amd/-/plugin-transform-modules-amd-7.29.7.tgz 43928ms (cache miss)
2639 http fetch GET 200 https://registry.npmjs.org/@babel/plugin-transform-function-name/-/plugin-transform-function-name-7.29.7.tgz 43913ms (cache miss)
2640 http fetch GET 200 https://registry.npmjs.org/@babel/plugin-transform-export-namespace-from/-/plugin-transform-export-namespace-from-7.29.7.tgz 43903ms (cache miss)
2641 http fetch GET 200 https://registry.npmjs.org/@babel/plugin-transform-exponentiation-operator/-/plugin-transform-exponentiation-operator-7.29.7.tgz 43903ms (cache miss)
2642 http fetch GET 200 https://registry.npmjs.org/@babel/plugin-transform-member-expression-literals/-/plugin-transform-member-expression-literals-7.29.7.tgz 43935ms (cache miss)
2643 http fetch GET 200 https://registry.npmjs.org/@babel/plugin-transform-logical-assignment-operators/-/plugin-transform-logical-assignment-operators-7.29.7.tgz 43935ms (cache miss)
2644 http fetch GET 200 https://registry.npmjs.org/@babel/plugin-transform-for-of/-/plugin-transform-for-of-7.29.7.tgz 43919ms (cache miss)
2645 http fetch GET 200 https://registry.npmjs.org/@babel/plugin-transform-dynamic-import/-/plugin-transform-dynamic-import-7.29.7.tgz 44107ms (cache miss)
2646 http fetch GET 200 https://registry.npmjs.org/@babel/plugin-transform-explicit-resource-management/-/plugin-transform-explicit-resource-management-7.29.7.tgz 44115ms (cache miss)
2647 http fetch GET 200 https://registry.npmjs.org/postcss-selector-parser/-/postcss-selector-parser-6.0.10.tgz 47018ms (cache miss)
2648 http fetch GET 200 https://registry.npmjs.org/@babel/plugin-transform-duplicate-named-capturing-groups-regex/-/plugin-transform-duplicate-named-capturing-groups-regex-7.29.7.tgz 44281ms (cache miss)
2649 http fetch GET 200 https://registry.npmjs.org/@babel/plugin-transform-class-static-block/-/plugin-transform-class-static-block-7.29.7.tgz 44242ms (cache miss)
2650 http fetch GET 200 https://registry.npmjs.org/@babel/plugin-transform-duplicate-keys/-/plugin-transform-duplicate-keys-7.29.7.tgz 44410ms (cache miss)
2651 http fetch GET 200 https://registry.npmjs.org/@babel/plugin-transform-async-generator-functions/-/plugin-transform-async-generator-functions-7.29.7.tgz 44356ms (cache miss)
2652 http fetch GET 200 https://registry.npmjs.org/@bcoe/v8-coverage/-/v8-coverage-1.0.2.tgz 44409ms (cache miss)
2653 http fetch GET 200 https://registry.npmjs.org/@babel/plugin-transform-dotall-regex/-/plugin-transform-dotall-regex-7.29.7.tgz 44405ms (cache miss)
2654 http fetch GET 200 https://registry.npmjs.org/@babel/plugin-transform-computed-properties/-/plugin-transform-computed-properties-7.29.7.tgz 44402ms (cache miss)
2655 http fetch GET 200 https://registry.npmjs.org/csstype/-/csstype-3.2.3.tgz 45824ms (cache miss)
2656 http fetch GET 200 https://registry.npmjs.org/ip-address/-/ip-address-10.4.0.tgz 46607ms (cache miss)
2657 http fetch GET 200 https://registry.npmjs.org/@babel/plugin-transform-arrow-functions/-/plugin-transform-arrow-functions-7.29.7.tgz 44645ms (cache miss)
2658 http fetch GET 200 https://registry.npmjs.org/@babel/plugin-transform-class-properties/-/plugin-transform-class-properties-7.29.7.tgz 44672ms (cache miss)
2659 http fetch GET 200 https://registry.npmjs.org/@babel/plugin-transform-async-to-generator/-/plugin-transform-async-to-generator-7.29.7.tgz 44659ms (cache miss)
2660 http fetch GET 200 https://registry.npmjs.org/@babel/plugin-syntax-import-assertions/-/plugin-syntax-import-assertions-7.29.7.tgz 44639ms (cache miss)
2661 http fetch GET 200 https://registry.npmjs.org/@babel/plugin-syntax-unicode-sets-regex/-/plugin-syntax-unicode-sets-regex-7.18.6.tgz 44658ms (cache miss)
2662 http fetch GET 200 https://registry.npmjs.org/@babel/plugin-transform-block-scoped-functions/-/plugin-transform-block-scoped-functions-7.29.7.tgz 44678ms (cache miss)
2663 http fetch GET 200 https://registry.npmjs.org/d3-scale/-/d3-scale-4.0.2.tgz 46272ms (cache miss)
2664 http fetch GET 200 https://registry.npmjs.org/@babel/plugin-transform-destructuring/-/plugin-transform-destructuring-7.29.7.tgz 44998ms (cache miss)
2665 http fetch GET 200 https://registry.npmjs.org/@babel/plugin-proposal-private-property-in-object/-/plugin-proposal-private-property-in-object-7.21.0-placeholder-for-preset-env.2.tgz 44940ms (cache miss)
2666 http fetch GET 200 https://registry.npmjs.org/@babel/plugin-syntax-import-attributes/-/plugin-syntax-import-attributes-7.29.7.tgz 44958ms (cache miss)
2667 http fetch GET 200 https://registry.npmjs.org/@babel/plugin-bugfix-safari-class-field-initializer-scope/-/plugin-bugfix-safari-class-field-initializer-scope-7.29.7.tgz 44940ms (cache miss)
2668 http fetch GET 200 https://registry.npmjs.org/@parcel/watcher-android-arm64/-/watcher-android-arm64-2.5.6.tgz 45782ms (cache miss)
2669 http fetch GET 200 https://registry.npmjs.org/@babel/plugin-bugfix-v8-spread-parameters-in-optional-chaining/-/plugin-bugfix-v8-spread-parameters-in-optional-chaining-7.29.7.tgz 45337ms (cache miss)
2670 http fetch GET 200 https://registry.npmjs.org/@babel/plugin-bugfix-v8-static-class-fields-redefine-readonly/-/plugin-bugfix-v8-static-class-fields-redefine-readonly-7.29.7.tgz 45347ms (cache miss)
2671 http fetch GET 200 https://registry.npmjs.org/@babel/plugin-bugfix-safari-id-destructuring-collision-in-function-expression/-/plugin-bugfix-safari-id-destructuring-collision-in-function-expression-7.29.7.tgz 45338ms (cache miss)
2672 http fetch GET 200 https://registry.npmjs.org/@babel/plugin-bugfix-safari-rest-destructuring-rhs-array/-/plugin-bugfix-safari-rest-destructuring-rhs-array-7.29.7.tgz 45350ms (cache miss)
2673 http fetch GET 200 https://registry.npmjs.org/@babel/helper-replace-supers/-/helper-replace-supers-7.29.7.tgz 45332ms (cache miss)
2674 http fetch GET 200 https://registry.npmjs.org/@babel/helper-optimise-call-expression/-/helper-optimise-call-expression-7.29.7.tgz 45853ms (cache miss)
2675 http fetch GET 200 https://registry.npmjs.org/@babel/plugin-bugfix-firefox-class-in-computed-class-key/-/plugin-bugfix-firefox-class-in-computed-class-key-7.29.7.tgz 45889ms (cache miss)
2676 http fetch GET 200 https://registry.npmjs.org/@babel/helper-wrap-function/-/helper-wrap-function-7.29.7.tgz 45879ms (cache miss)
2677 http fetch GET 200 https://registry.npmjs.org/@babel/helper-skip-transparent-expression-wrappers/-/helper-skip-transparent-expression-wrappers-7.29.7.tgz 45871ms (cache miss)
2678 http fetch GET 200 https://registry.npmjs.org/@babel/helper-remap-async-to-generator/-/helper-remap-async-to-generator-7.29.7.tgz 45870ms (cache miss)
2679 http fetch GET 200 https://registry.npmjs.org/pretty-bytes/-/pretty-bytes-5.6.0.tgz 46129ms (cache miss)
2680 http fetch GET 200 https://registry.npmjs.org/@babel/helper-annotate-as-pure/-/helper-annotate-as-pure-7.29.7.tgz 46217ms (cache miss)
2681 http fetch GET 200 https://registry.npmjs.org/@babel/helper-member-expression-to-functions/-/helper-member-expression-to-functions-7.29.7.tgz 46241ms (cache miss)
2682 http fetch GET 200 https://registry.npmjs.org/d3-interpolate/-/d3-interpolate-3.0.1.tgz 47984ms (cache miss)
2683 http fetch GET 200 https://registry.npmjs.org/@babel/helper-create-regexp-features-plugin/-/helper-create-regexp-features-plugin-7.29.7.tgz 46571ms (cache miss)
2684 http fetch GET 200 https://registry.npmjs.org/unist-util-stringify-position/-/unist-util-stringify-position-2.0.3.tgz 46396ms (cache miss)
2685 http fetch GET 200 https://registry.npmjs.org/@antfu/install-pkg/-/install-pkg-1.1.0.tgz 46474ms (cache miss)
2686 http fetch GET 200 https://registry.npmjs.org/tailwind-merge/-/tailwind-merge-3.6.0.tgz 50239ms (cache miss)
2687 http fetch GET 200 https://registry.npmjs.org/@types/unist/-/unist-3.0.3.tgz 46493ms (cache miss)
2688 http fetch GET 200 https://registry.npmjs.org/vfile-message/-/vfile-message-4.0.3.tgz 46510ms (cache miss)
2689 http fetch GET 200 https://registry.npmjs.org/content-type/-/content-type-2.0.0.tgz 46564ms (cache miss)
2690 http fetch GET 200 https://registry.npmjs.org/mdsvex/-/mdsvex-0.12.7.tgz 49478ms (cache miss)
2691 http fetch GET 200 https://registry.npmjs.org/chai/-/chai-6.2.2.tgz 46779ms (cache miss)
2692 http fetch GET 200 https://registry.npmjs.org/commander/-/commander-2.20.3.tgz 46715ms (cache miss)
2693 http fetch GET 200 https://registry.npmjs.org/zimmerframe/-/zimmerframe-1.1.2.tgz 46694ms (cache miss)
2694 http fetch GET 200 https://registry.npmjs.org/readdirp/-/readdirp-4.1.2.tgz 46704ms (cache miss)
2695 http fetch GET 200 https://registry.npmjs.org/esrap/-/esrap-1.2.2.tgz 46701ms (cache miss)
2696 http fetch GET 200 https://registry.npmjs.org/ansi-regex/-/ansi-regex-6.2.2.tgz 46834ms (cache miss)
2697 http fetch GET 200 https://registry.npmjs.org/ansi-styles/-/ansi-styles-5.2.0.tgz 46833ms (cache miss)
2698 http fetch GET 200 https://registry.npmjs.org/svelte-toolbelt/-/svelte-toolbelt-0.7.1.tgz 46819ms (cache miss)
2699 http fetch GET 200 https://registry.npmjs.org/@babel/plugin-transform-classes/-/plugin-transform-classes-7.29.7.tgz 47302ms (cache miss)
2700 http fetch GET 200 https://registry.npmjs.org/@floating-ui/dom/-/dom-1.7.6.tgz 47617ms (cache miss)
2701 http fetch GET 200 https://registry.npmjs.org/@types/unist/-/unist-3.0.3.tgz 47050ms (cache miss)
2702 http fetch GET 200 https://registry.npmjs.org/@types/unist/-/unist-3.0.3.tgz 47052ms (cache miss)
2703 http fetch GET 200 https://registry.npmjs.org/@types/unist/-/unist-3.0.3.tgz 47086ms (cache miss)
2704 http fetch GET 200 https://registry.npmjs.org/@types/unist/-/unist-3.0.3.tgz 47080ms (cache miss)
2705 http fetch GET 200 https://registry.npmjs.org/@types/unist/-/unist-3.0.3.tgz 47077ms (cache miss)
2706 http fetch GET 200 https://registry.npmjs.org/@types/unist/-/unist-3.0.3.tgz 47054ms (cache miss)
2707 http fetch GET 200 https://registry.npmjs.org/@types/unist/-/unist-3.0.3.tgz 47059ms (cache miss)
2708 http fetch GET 200 https://registry.npmjs.org/@types/unist/-/unist-3.0.3.tgz 47048ms (cache miss)
2709 http fetch GET 200 https://registry.npmjs.org/@types/unist/-/unist-3.0.3.tgz 46941ms (cache miss)
2710 http fetch GET 200 https://registry.npmjs.org/@types/unist/-/unist-3.0.3.tgz 46943ms (cache miss)
2711 http fetch GET 200 https://registry.npmjs.org/@types/unist/-/unist-3.0.3.tgz 47069ms (cache miss)
2712 http fetch GET 200 https://registry.npmjs.org/@types/unist/-/unist-3.0.3.tgz 46933ms (cache miss)
2713 http fetch GET 200 https://registry.npmjs.org/@types/unist/-/unist-3.0.3.tgz 46939ms (cache miss)
2714 http fetch GET 200 https://registry.npmjs.org/@types/unist/-/unist-3.0.3.tgz 46934ms (cache miss)
2715 http fetch GET 200 https://registry.npmjs.org/@types/unist/-/unist-3.0.3.tgz 46925ms (cache miss)
2716 http fetch GET 200 https://registry.npmjs.org/@vitest/expect/-/expect-4.1.10.tgz 47149ms (cache miss)
2717 http fetch GET 200 https://registry.npmjs.org/unist-util-visit-parents/-/unist-util-visit-parents-3.1.1.tgz 47004ms (cache miss)
2718 http fetch GET 200 https://registry.npmjs.org/unist-util-visit/-/unist-util-visit-2.0.3.tgz 46997ms (cache miss)
2719 http fetch GET 200 https://registry.npmjs.org/unist-util-is/-/unist-util-is-4.1.0.tgz 47003ms (cache miss)
2720 http fetch GET 200 https://registry.npmjs.org/escape-string-regexp/-/escape-string-regexp-5.0.0.tgz 46997ms (cache miss)
2721 http fetch GET 200 https://registry.npmjs.org/@vitest/spy/-/spy-3.2.4.tgz 47034ms (cache miss)
2722 http fetch GET 200 https://registry.npmjs.org/@eslint/object-schema/-/object-schema-2.1.7.tgz 47835ms (cache miss)
2723 http fetch GET 200 https://registry.npmjs.org/nanoid 40001ms (cache revalidated)
2724 silly packumentCache full:https://registry.npmjs.org/nanoid set size:342705 disposed:false
2725 http fetch GET 200 https://registry.npmjs.org/brace-expansion/-/brace-expansion-2.1.4.tgz 47158ms (cache miss)
2726 http fetch GET 200 https://registry.npmjs.org/vfile-message/-/vfile-message-4.0.3.tgz 47174ms (cache miss)
2727 http fetch GET 200 https://registry.npmjs.org/@eslint/config-helpers/-/config-helpers-0.4.2.tgz 48013ms (cache miss)
2728 http fetch GET 200 https://registry.npmjs.org/@babel/plugin-transform-parameters/-/plugin-transform-parameters-7.29.7.tgz 47935ms (cache miss)
2729 http fetch GET 200 https://registry.npmjs.org/minimatch/-/minimatch-5.1.9.tgz 47281ms (cache miss)
2730 http fetch GET 200 https://registry.npmjs.org/eslint-visitor-keys/-/eslint-visitor-keys-5.0.1.tgz 47272ms (cache miss)
2731 http fetch GET 200 https://registry.npmjs.org/@eslint/plugin-kit/-/plugin-kit-0.4.1.tgz 48165ms (cache miss)
2732 http fetch GET 200 https://registry.npmjs.org/@testing-library/svelte-core/-/svelte-core-1.0.0.tgz 48434ms (cache miss)
2733 http fetch GET 200 https://registry.npmjs.org/@eslint-community/eslint-utils/-/eslint-utils-4.9.1.tgz 48172ms (cache miss)
2734 http fetch GET 200 https://registry.npmjs.org/@typescript-eslint/visitor-keys/-/visitor-keys-8.66.0.tgz 47377ms (cache miss)
2735 http fetch GET 200 https://registry.npmjs.org/internmap/-/internmap-1.0.1.tgz 47334ms (cache miss)
2736 http fetch GET 200 https://registry.npmjs.org/d3-path/-/d3-path-1.0.9.tgz 47331ms (cache miss)
2737 http fetch GET 200 https://registry.npmjs.org/@floating-ui/core/-/core-1.7.5.tgz 48258ms (cache miss)
2738 http fetch GET 200 https://registry.npmjs.org/@vitest/spy/-/spy-3.2.4.tgz 47349ms (cache miss)
2739 http fetch GET 200 https://registry.npmjs.org/@eslint/js/-/js-9.39.4.tgz 47429ms (cache miss)
2740 http fetch GET 200 https://registry.npmjs.org/@typescript-eslint/project-service/-/project-service-8.66.0.tgz 47446ms (cache miss)
2741 http fetch GET 200 https://registry.npmjs.org/@typescript-eslint/tsconfig-utils/-/tsconfig-utils-8.66.0.tgz 47462ms (cache miss)
2742 http fetch GET 200 https://registry.npmjs.org/@storybook/addon-a11y/-/addon-a11y-10.5.6.tgz 48545ms (cache miss)
2743 http fetch GET 200 https://registry.npmjs.org/content-type/-/content-type-2.0.0.tgz 47513ms (cache miss)
2744 http fetch GET 200 https://registry.npmjs.org/js-tokens/-/js-tokens-10.0.0.tgz 47511ms (cache miss)
2745 http fetch GET 200 https://registry.npmjs.org/tinyrainbow/-/tinyrainbow-2.0.0.tgz 47513ms (cache miss)
2746 http fetch GET 200 https://registry.npmjs.org/json-schema-traverse/-/json-schema-traverse-0.4.1.tgz 47649ms (cache miss)
2747 http fetch GET 200 https://registry.npmjs.org/eslint-visitor-keys/-/eslint-visitor-keys-5.0.1.tgz 47572ms (cache miss)
2748 http fetch GET 200 https://registry.npmjs.org/@vitest/pretty-format/-/pretty-format-3.2.4.tgz 47581ms (cache miss)
2749 http fetch GET 200 https://registry.npmjs.org/@eslint-community/regexpp/-/regexpp-4.12.2.tgz 48471ms (cache miss)
2750 http fetch GET 200 https://registry.npmjs.org/ignore/-/ignore-7.0.5.tgz 47642ms (cache miss)
2751 http fetch GET 200 https://registry.npmjs.org/@storybook/svelte-vite/-/svelte-vite-10.5.6.tgz 47626ms (cache miss)
2752 http fetch GET 200 https://registry.npmjs.org/globals/-/globals-14.0.0.tgz 47682ms (cache miss)
2753 http fetch GET 200 https://registry.npmjs.org/eslint-visitor-keys/-/eslint-visitor-keys-3.4.3.tgz 47723ms (cache miss)
2754 http fetch GET 200 https://registry.npmjs.org/@babel/plugin-transform-block-scoping/-/plugin-transform-block-scoping-7.29.7.tgz 48430ms (cache miss)
2755 http fetch GET 200 https://registry.npmjs.org/json-schema-traverse/-/json-schema-traverse-0.4.1.tgz 47805ms (cache miss)
2756 http fetch GET 200 https://registry.npmjs.org/uuid/-/uuid-13.0.2.tgz 52576ms (cache miss)
2757 http fetch GET 200 https://registry.npmjs.org/postcss/-/postcss-8.5.25.tgz 51656ms (cache miss)
2758 http fetch GET 200 https://registry.npmjs.org/chokidar/-/chokidar-4.0.3.tgz 48720ms (cache miss)
2759 http fetch GET 200 https://registry.npmjs.org/@vitest/mocker/-/mocker-4.1.10.tgz 50040ms (cache miss)
2760 http fetch GET 200 https://registry.npmjs.org/layout-base/-/layout-base-1.0.2.tgz 51394ms (cache miss)
2761 http fetch GET 200 https://registry.npmjs.org/@vitest/utils/-/utils-4.1.10.tgz 50134ms (cache miss)
2762 http fetch GET 200 https://registry.npmjs.org/commander/-/commander-8.3.0.tgz 48900ms (cache miss)
2763 http fetch GET 200 https://registry.npmjs.org/d3-time-format/-/d3-time-format-4.1.0.tgz 50938ms (cache miss)
2764 http fetch GET 200 https://registry.npmjs.org/@ampproject/remapping/-/remapping-2.3.0.tgz 49366ms (cache miss)
2765 http fetch GET 200 https://registry.npmjs.org/@valibot/to-json-schema/-/to-json-schema-1.7.1.tgz 48929ms (cache miss)
2766 http fetch GET 200 https://registry.npmjs.org/property-information/-/property-information-7.2.0.tgz 52723ms (cache miss)
2767 http fetch GET 200 https://registry.npmjs.org/@typescript-eslint/types/-/types-8.66.0.tgz 49451ms (cache miss)
2768 http fetch GET 200 https://registry.npmjs.org/loupe/-/loupe-3.2.1.tgz 52588ms (cache miss)
2769 http fetch GET 200 https://registry.npmjs.org/jake/-/jake-10.9.4.tgz 52526ms (cache miss)
2770 http fetch GET 200 https://registry.npmjs.org/cose-base/-/cose-base-2.2.0.tgz 49819ms (cache miss)
2771 http fetch GET 200 https://registry.npmjs.org/estree-walker/-/estree-walker-2.0.2.tgz 50235ms (cache miss)
2772 http fetch GET 200 https://registry.npmjs.org/esrap/-/esrap-2.2.11.tgz 50569ms (cache miss)
2773 http fetch GET 200 https://registry.npmjs.org/foreground-child/-/foreground-child-3.3.1.tgz 52765ms (cache miss)
2774 http fetch GET 200 https://registry.npmjs.org/d3-transition/-/d3-transition-3.0.1.tgz 52635ms (cache miss)
2775 http fetch GET 200 https://registry.npmjs.org/consola/-/consola-3.4.2.tgz 52555ms (cache miss)
2776 http fetch GET 200 https://registry.npmjs.org/hast-util-to-html/-/hast-util-to-html-9.0.5.tgz 53260ms (cache miss)
2777 http fetch GET 200 https://registry.npmjs.org/@chromatic-com/storybook/-/storybook-5.2.1.tgz 51669ms (cache miss)
2778 http fetch GET 200 https://registry.npmjs.org/roughjs/-/roughjs-4.6.6.tgz 54520ms (cache miss)
2779 http fetch GET 200 https://registry.npmjs.org/source-map/-/source-map-0.8.0-beta.0.tgz 51273ms (cache miss)
2780 http fetch GET 200 https://registry.npmjs.org/@eslint/config-array/-/config-array-0.21.2.tgz 51856ms (cache miss)
2781 http fetch GET 200 https://registry.npmjs.org/sharp/-/sharp-0.35.3.tgz 54715ms (cache miss)
2782 http fetch GET 200 https://registry.npmjs.org/@vitest/utils/-/utils-3.2.4.tgz 51128ms (cache miss)
2783 warn deprecated source-map@0.8.0-beta.0: The work that was done in this beta branch won't be included in future versions
2784 http fetch GET 200 https://registry.npmjs.org/js-yaml/-/js-yaml-4.3.1.tgz 54208ms (cache miss)
2785 http fetch GET 200 https://registry.npmjs.org/@babel/preset-modules/-/preset-modules-0.1.6-no-external-plugins.tgz 52344ms (cache miss)
2786 http fetch GET 200 https://registry.npmjs.org/@babel/helper-create-class-features-plugin/-/helper-create-class-features-plugin-7.29.7.tgz 52101ms (cache miss)
2787 http fetch GET 200 https://registry.npmjs.org/@babel/helper-define-polyfill-provider/-/helper-define-polyfill-provider-0.6.8.tgz 52114ms (cache miss)
2788 http fetch GET 200 https://registry.npmjs.org/type-fest/-/type-fest-2.19.0.tgz 55938ms (cache miss)
2789 http fetch GET 200 https://registry.npmjs.org/@apideck/better-ajv-errors/-/better-ajv-errors-0.3.7.tgz 52100ms (cache miss)
2790 http fetch GET 200 https://registry.npmjs.org/@babel/plugin-transform-regenerator/-/plugin-transform-regenerator-7.29.7.tgz 52567ms (cache miss)
2791 http fetch GET 200 https://registry.npmjs.org/d3-hierarchy/-/d3-hierarchy-3.1.2.tgz 53885ms (cache miss)
2792 http fetch GET 200 https://registry.npmjs.org/@hono/node-server/-/node-server-2.1.0.tgz 52948ms (cache miss)
2793 http fetch GET 200 https://registry.npmjs.org/type-fest/-/type-fest-0.16.0.tgz 52283ms (cache miss)
2794 http fetch GET 200 https://registry.npmjs.org/oxc-parser/-/oxc-parser-0.127.0.tgz 55389ms (cache miss)
2795 http fetch GET 200 https://registry.npmjs.org/dompurify/-/dompurify-3.4.13.tgz 54289ms (cache miss)
2796 http fetch GET 200 https://registry.npmjs.org/svelte-toolbelt/-/svelte-toolbelt-0.10.6.tgz 56414ms (cache miss)
2797 http fetch GET 200 https://registry.npmjs.org/@typescript-eslint/type-utils/-/type-utils-8.60.1.tgz 54206ms (cache miss)
2798 http fetch GET 200 https://registry.npmjs.org/enhanced-resolve/-/enhanced-resolve-5.23.0.tgz 55018ms (cache miss)
2799 http fetch GET 200 https://registry.npmjs.org/@rollup/rollup-android-arm64/-/rollup-android-arm64-4.61.1.tgz 54108ms (cache miss)
2800 http fetch GET 200 https://registry.npmjs.org/mermaid 46155ms (cache miss)
2801 silly packumentCache full:https://registry.npmjs.org/mermaid set size:undefined disposed:false
2802 http fetch GET 200 https://registry.npmjs.org/@adobe/css-tools/-/css-tools-4.5.0.tgz 53725ms (cache miss)
2803 http fetch GET 200 https://registry.npmjs.org/uri-js/-/uri-js-4.4.1.tgz 57904ms (cache miss)
2804 http fetch GET 200 https://registry.npmjs.org/istanbul-reports/-/istanbul-reports-3.2.0.tgz 56224ms (cache miss)
2805 http fetch GET 200 https://registry.npmjs.org/@testing-library/jest-dom/-/jest-dom-6.9.1.tgz 54936ms (cache miss)
2806 http fetch GET 200 https://registry.npmjs.org/jackspeak/-/jackspeak-4.2.3.tgz 54321ms (cache miss)
2807 silly packumentCache full:https://registry.npmjs.org/postcss cache-miss
2808 http fetch GET 200 https://registry.npmjs.org/@oxc-resolver/binding-android-arm64/-/binding-android-arm64-11.20.0.tgz 55224ms (cache miss)
2809 http fetch GET 200 https://registry.npmjs.org/workbox-precaching/-/workbox-precaching-7.4.1.tgz 59000ms (cache miss)
2810 http fetch GET 200 https://registry.npmjs.org/@sveltejs/vite-plugin-svelte/-/vite-plugin-svelte-6.2.1.tgz 55541ms (cache miss)
2811 http fetch GET 200 https://registry.npmjs.org/@parcel/watcher/-/watcher-2.5.6.tgz 55453ms (cache miss)
2812 http fetch GET 200 https://registry.npmjs.org/d3-array/-/d3-array-3.2.4.tgz 56317ms (cache miss)
2813 http fetch GET 200 https://registry.npmjs.org/dom-accessibility-api/-/dom-accessibility-api-0.5.16.tgz 57180ms (cache miss)
2814 http fetch GET 200 https://registry.npmjs.org/terser/-/terser-5.48.0.tgz 59143ms (cache miss)
2815 http fetch GET 200 https://registry.npmjs.org/@babel/preset-env/-/preset-env-7.29.7.tgz 56050ms (cache miss)
2816 http fetch GET 200 https://registry.npmjs.org/iconv-lite/-/iconv-lite-0.6.3.tgz 55631ms (cache miss)
2817 http fetch GET 200 https://registry.npmjs.org/@oxc-parser/binding-android-arm64/-/binding-android-arm64-0.127.0.tgz 56368ms (cache miss)
2818 http fetch GET 200 https://registry.npmjs.org/@tailwindcss/oxide-android-arm64/-/oxide-android-arm64-4.1.11.tgz 56732ms (cache miss)
2819 http fetch GET 200 https://registry.npmjs.org/@eslint/eslintrc/-/eslintrc-3.3.5.tgz 56495ms (cache miss)
2820 http fetch GET 200 https://registry.npmjs.org/rollup/-/rollup-4.61.1.tgz 59220ms (cache miss)
2821 http fetch GET 200 https://registry.npmjs.org/d3-format/-/d3-format-3.1.2.tgz 57816ms (cache miss)
2822 http fetch GET 200 https://registry.npmjs.org/@storybook/addon-vitest/-/addon-vitest-10.5.6.tgz 57034ms (cache miss)
2823 http fetch GET 200 https://registry.npmjs.org/@babel/parser/-/parser-7.29.7.tgz 56540ms (cache miss)
2824 http fetch GET 200 https://registry.npmjs.org/iconv-lite/-/iconv-lite-0.6.3.tgz 56039ms (cache miss)
2825 http fetch GET 200 https://registry.npmjs.org/postcss 2083ms (cache revalidated)
2826 silly packumentCache full:https://registry.npmjs.org/postcss set size:760024 disposed:false
2827 http fetch GET 200 https://registry.npmjs.org/vite/-/vite-7.3.6.tgz 60994ms (cache miss)
2828 http fetch GET 200 https://registry.npmjs.org/tailwindcss/-/tailwindcss-4.1.11.tgz 56428ms (cache miss)
2829 http fetch GET 200 https://registry.npmjs.org/d3-scale-chromatic/-/d3-scale-chromatic-3.1.0.tgz 58550ms (cache miss)
2830 http fetch GET 200 https://registry.npmjs.org/tailwindcss/-/tailwindcss-4.1.11.tgz 56559ms (cache miss)
2831 http fetch GET 200 https://registry.npmjs.org/d3-selection/-/d3-selection-3.0.0.tgz 58915ms (cache miss)
2832 http fetch GET 200 https://registry.npmjs.org/postcss-selector-parser/-/postcss-selector-parser-7.1.1.tgz 57195ms (cache miss)
2833 http fetch GET 200 https://registry.npmjs.org/chai/-/chai-5.3.3.tgz 59214ms (cache miss)
2834 http fetch GET 200 https://registry.npmjs.org/dexie/-/dexie-4.4.3.tgz 60183ms (cache miss)
2835 http fetch GET 200 https://registry.npmjs.org/async/-/async-3.2.6.tgz 59803ms (cache miss)
2836 http fetch GET 200 https://registry.npmjs.org/d3-geo/-/d3-geo-3.1.1.tgz 60151ms (cache miss)
2837 http fetch GET 200 https://registry.npmjs.org/@storybook/addon-docs/-/addon-docs-10.5.6.tgz 59566ms (cache miss)
2838 http fetch GET 200 https://registry.npmjs.org/micromark/-/micromark-4.0.2.tgz 61826ms (cache miss)
2839 http fetch GET 200 https://registry.npmjs.org/layout-base/-/layout-base-2.0.1.tgz 58821ms (cache miss)
2840 http fetch GET 200 https://registry.npmjs.org/d3-shape/-/d3-shape-3.2.0.tgz 61044ms (cache miss)
2841 http fetch GET 200 https://registry.npmjs.org/yaml/-/yaml-1.10.3.tgz 59379ms (cache miss)
2842 http fetch GET 200 https://registry.npmjs.org/@storybook/sveltekit/-/sveltekit-10.5.6.tgz 60471ms (cache miss)
2843 http fetch GET 200 https://registry.npmjs.org/axe-core/-/axe-core-4.12.0.tgz 61183ms (cache miss)
2844 http fetch GET 200 https://registry.npmjs.org/d3-array/-/d3-array-2.12.1.tgz 59712ms (cache miss)
2845 http fetch GET 200 https://registry.npmjs.org/@vitest/browser/-/browser-4.1.10.tgz 61712ms (cache miss)
2846 http fetch GET 200 https://registry.npmjs.org/@vite-pwa/assets-generator/-/assets-generator-1.0.2.tgz 61781ms (cache miss)
2847 http fetch GET 200 https://registry.npmjs.org/@babel/generator/-/generator-7.29.7.tgz 61079ms (cache miss)
2848 http fetch GET 200 https://registry.npmjs.org/workbox-core/-/workbox-core-7.4.1.tgz 65530ms (cache miss)
2849 http fetch GET 200 https://registry.npmjs.org/svelte-check/-/svelte-check-4.6.0.tgz 64898ms (cache miss)
2850 http fetch GET 200 https://registry.npmjs.org/@types/node/-/node-24.13.0.tgz 63066ms (cache miss)
2851 http fetch GET 200 https://registry.npmjs.org/d3-shape/-/d3-shape-1.3.7.tgz 62114ms (cache miss)
2852 http fetch GET 200 https://registry.npmjs.org/dom-accessibility-api/-/dom-accessibility-api-0.6.3.tgz 62219ms (cache miss)
2853 http fetch GET 200 https://registry.npmjs.org/parse5/-/parse5-7.3.0.tgz 66594ms (cache miss)
2854 http fetch GET 200 https://registry.npmjs.org/mdast-util-to-hast/-/mdast-util-to-hast-13.2.1.tgz 66354ms (cache miss)
2855 http fetch GET 200 https://registry.npmjs.org/minimatch/-/minimatch-10.2.5.tgz 64191ms (cache miss)
2856 http fetch GET 200 https://registry.npmjs.org/@testing-library/dom/-/dom-10.4.1.tgz 65407ms (cache miss)
2857 http fetch GET 200 https://registry.npmjs.org/minimatch/-/minimatch-10.2.5.tgz 64299ms (cache miss)
2858 http fetch GET 200 https://registry.npmjs.org/prettier-plugin-tailwindcss/-/prettier-plugin-tailwindcss-0.8.0.tgz 68487ms (cache miss)
2859 http fetch GET 200 https://registry.npmjs.org/@typescript-eslint/typescript-estree/-/typescript-estree-8.60.1.tgz 66597ms (cache miss)
2860 http fetch GET 200 https://registry.npmjs.org/sass/-/sass-1.100.0.tgz 70882ms (cache miss)
2861 http fetch GET 200 https://registry.npmjs.org/@babel/traverse/-/traverse-7.29.7.tgz 68350ms (cache miss)
2862 http fetch GET 200 https://registry.npmjs.org/resolve/-/resolve-1.22.12.tgz 71273ms (cache miss)
2863 http fetch GET 200 https://registry.npmjs.org/glob/-/glob-11.1.0.tgz 68496ms (cache miss)
2864 warn deprecated glob@11.1.0: Old versions of glob are not supported, and contain widely publicized security vulnerabilities, which have been fixed in the current version. Please update. Support for old versions may be purchased (at exorbitant rates) by contacting i@izs.me
2865 http fetch GET 200 https://registry.npmjs.org/entities/-/entities-6.0.1.tgz 70545ms (cache miss)
2866 http fetch GET 200 https://registry.npmjs.org/@typescript-eslint/utils/-/utils-8.60.1.tgz 69841ms (cache miss)
2867 http fetch GET 200 https://registry.npmjs.org/vitest/-/vitest-4.1.10.tgz 73188ms (cache miss)
2868 http fetch GET 200 https://registry.npmjs.org/@typescript-eslint/typescript-estree/-/typescript-estree-8.66.0.tgz 69078ms (cache miss)
2869 http fetch GET 200 https://registry.npmjs.org/workbox-build/-/workbox-build-7.4.1.tgz 74170ms (cache miss)
2870 http fetch GET 200 https://registry.npmjs.org/react-dom/-/react-dom-19.2.7.tgz 73192ms (cache miss)
2871 http fetch GET 200 https://registry.npmjs.org/micromark-core-commonmark/-/micromark-core-commonmark-2.0.3.tgz 72811ms (cache miss)
2872 http fetch GET 200 https://registry.npmjs.org/common-tags/-/common-tags-1.8.2.tgz 71667ms (cache miss)
2873 http fetch GET 200 https://registry.npmjs.org/@typescript-eslint/utils/-/utils-8.66.0.tgz 70399ms (cache miss)
2874 http fetch GET 200 https://registry.npmjs.org/ast-types/-/ast-types-0.16.1.tgz 72722ms (cache miss)
2875 http fetch GET 200 https://registry.npmjs.org/svelte-eslint-parser/-/svelte-eslint-parser-1.8.0.tgz 75611ms (cache miss)
2876 http fetch GET 200 https://registry.npmjs.org/ajv/-/ajv-6.15.0.tgz 71829ms (cache miss)
2877 http fetch GET 200 https://registry.npmjs.org/ajv/-/ajv-6.15.0.tgz 72027ms (cache miss)
2878 http fetch GET 200 https://registry.npmjs.org/@isaacs/cliui/-/cliui-9.0.0.tgz 72475ms (cache miss)
2879 http fetch GET 200 https://registry.npmjs.org/jose/-/jose-6.2.3.tgz 75124ms (cache miss)
2880 http fetch GET 200 https://registry.npmjs.org/chromatic/-/chromatic-16.10.0.tgz 74192ms (cache miss)
2881 http fetch GET 200 https://registry.npmjs.org/mdast-util-to-markdown/-/mdast-util-to-markdown-2.1.2.tgz 77174ms (cache miss)
2882 http fetch GET 200 https://registry.npmjs.org/lodash-es/-/lodash-es-4.18.1.tgz 77228ms (cache miss)
2883 http fetch GET 200 https://registry.npmjs.org/prettier/-/prettier-3.8.3.tgz 78925ms (cache miss)
2884 http fetch GET 200 https://registry.npmjs.org/zod-to-json-schema/-/zod-to-json-schema-3.25.2.tgz 81375ms (cache miss)
2885 http fetch GET 200 https://registry.npmjs.org/type-fest/-/type-fest-5.8.0.tgz 80702ms (cache miss)
2886 http fetch GET 200 https://registry.npmjs.org/lru-cache/-/lru-cache-11.5.1.tgz 81386ms (cache miss)
2887 http fetch GET 200 https://registry.npmjs.org/dagre-d3-es/-/dagre-d3-es-7.0.14.tgz 83443ms (cache miss)
2888 http fetch GET 200 https://registry.npmjs.org/khroma/-/khroma-2.1.0.tgz 84561ms (cache miss)
2889 http fetch GET 200 https://registry.npmjs.org/@iconify/utils/-/utils-3.1.3.tgz 82894ms (cache miss)
2890 http fetch GET 200 https://registry.npmjs.org/runed/-/runed-0.23.4.tgz 82693ms (cache miss)
2891 http fetch GET 200 https://registry.npmjs.org/@esbuild/android-arm64/-/android-arm64-0.28.1.tgz 83481ms (cache miss)
2892 http fetch GET 200 https://registry.npmjs.org/axobject-query/-/axobject-query-4.1.0.tgz 84350ms (cache miss)
2893 http fetch GET 200 https://registry.npmjs.org/cytoscape-fcose/-/cytoscape-fcose-2.2.0.tgz 85006ms (cache miss)
2894 http fetch GET 200 https://registry.npmjs.org/runed/-/runed-0.25.0.tgz 83346ms (cache miss)
2895 http fetch GET 200 https://registry.npmjs.org/runed/-/runed-0.28.0.tgz 84002ms (cache miss)
2896 http fetch GET 200 https://registry.npmjs.org/uuid/-/uuid-11.1.1.tgz 84491ms (cache miss)
2897 http fetch GET 200 https://registry.npmjs.org/runed/-/runed-0.35.1.tgz 88309ms (cache miss)
2898 http fetch GET 200 https://registry.npmjs.org/@internationalized/date/-/date-3.12.2.tgz 86000ms (cache miss)
2899 http fetch GET 200 https://registry.npmjs.org/@babel/runtime/-/runtime-7.29.7.tgz 85930ms (cache miss)
2900 http fetch GET 200 https://registry.npmjs.org/@babel/types/-/types-7.29.7.tgz 88972ms (cache miss)
2901 http fetch GET 200 https://registry.npmjs.org/playwright/-/playwright-1.56.1.tgz 91491ms (cache miss)
2902 http fetch GET 200 https://registry.npmjs.org/@trickfilm400/rollup-plugin-off-main-thread/-/rollup-plugin-off-main-thread-3.0.0-pre1.tgz 89916ms (cache miss)
2903 http fetch GET 200 https://registry.npmjs.org/katex/-/katex-0.16.47.tgz 91893ms (cache miss)
2904 http fetch GET 200 https://registry.npmjs.org/regenerate-unicode-properties/-/regenerate-unicode-properties-10.2.2.tgz 94665ms (cache miss)
2905 http fetch GET 200 https://registry.npmjs.org/aria-query/-/aria-query-5.3.0.tgz 92920ms (cache miss)
2906 http fetch GET 200 https://registry.npmjs.org/aria-query/-/aria-query-5.3.1.tgz 92816ms (cache miss)
2907 http fetch GET 200 https://registry.npmjs.org/@swc/helpers/-/helpers-0.5.23.tgz 94141ms (cache miss)
2908 http fetch GET 200 https://registry.npmjs.org/eslint-plugin-svelte/-/eslint-plugin-svelte-3.19.0.tgz 96165ms (cache miss)
2909 http fetch GET 200 https://registry.npmjs.org/@storybook/addon-svelte-csf/-/addon-svelte-csf-5.1.2.tgz 95274ms (cache miss)
2910 http fetch GET 200 https://registry.npmjs.org/@sveltejs/kit/-/kit-2.70.2.tgz 96257ms (cache miss)
2911 http fetch GET 200 https://registry.npmjs.org/cytoscape/-/cytoscape-3.34.0.tgz 97151ms (cache miss)
2912 http fetch GET 200 https://registry.npmjs.org/@mermaid-js/parser/-/parser-1.1.1.tgz 97153ms (cache miss)
2913 http fetch GET 200 https://registry.npmjs.org/@typescript-eslint/scope-manager/-/scope-manager-8.60.1.tgz 98430ms (cache miss)
2914 http fetch GET 200 https://registry.npmjs.org/@typescript-eslint/scope-manager/-/scope-manager-8.66.0.tgz 97640ms (cache miss)
2915 http fetch GET 200 https://registry.npmjs.org/typescript/-/typescript-5.9.3.tgz 102044ms (cache miss)
2916 http fetch GET 200 https://registry.npmjs.org/@napi-rs/canvas-android-arm64/-/canvas-android-arm64-0.1.100.tgz 99242ms (cache miss)
2917 http fetch GET 200 https://registry.npmjs.org/dayjs/-/dayjs-1.11.21.tgz 100402ms (cache miss)
2918 http fetch GET 200 https://registry.npmjs.org/prismjs/-/prismjs-1.30.0.tgz 104347ms (cache miss)
2919 http fetch GET 200 https://registry.npmjs.org/eslint/-/eslint-9.39.4.tgz 104033ms (cache miss)
2920 http fetch GET 200 https://registry.npmjs.org/@testing-library/user-event/-/user-event-14.6.1.tgz 103137ms (cache miss)
2921 http fetch GET 200 https://registry.npmjs.org/storybook/-/storybook-10.5.6.tgz 106022ms (cache miss)
2922 http fetch GET 200 https://registry.npmjs.org/playwright-core/-/playwright-core-1.56.1.tgz 105924ms (cache miss)
2923 http fetch GET 200 https://registry.npmjs.org/@typescript-eslint/eslint-plugin/-/eslint-plugin-8.60.1.tgz 104221ms (cache miss)
2924 http fetch GET 200 https://registry.npmjs.org/eslint-plugin-perfectionist/-/eslint-plugin-perfectionist-5.10.1.tgz 106372ms (cache miss)
2925 http fetch GET 200 https://registry.npmjs.org/ajv/-/ajv-8.20.0.tgz 106133ms (cache miss)
2926 http fetch GET 200 https://registry.npmjs.org/svelte/-/svelte-5.56.1.tgz 111713ms (cache miss)
2927 http fetch GET 200 https://registry.npmjs.org/pdfjs-dist/-/pdfjs-dist-5.4.54.tgz 111572ms (cache miss)
2928 http fetch GET 200 https://registry.npmjs.org/hono/-/hono-4.13.0.tgz 111246ms (cache miss)
2929 http fetch GET 200 https://registry.npmjs.org/caniuse-lite/-/caniuse-lite-1.0.30001793.tgz 110834ms (cache miss)
2930 http fetch GET 200 https://registry.npmjs.org/zod/-/zod-4.4.3.tgz 114304ms (cache miss)
2931 http fetch GET 200 https://registry.npmjs.org/@modelcontextprotocol/sdk/-/sdk-1.30.0.tgz 114122ms (cache miss)
2932 http fetch GET 200 https://registry.npmjs.org/highlight.js/-/highlight.js-11.11.1.tgz 118494ms (cache miss)
2933 http fetch GET 200 https://registry.npmjs.org/bits-ui/-/bits-ui-2.18.1.tgz 117825ms (cache miss)
2934 http fetch GET 200 https://registry.npmjs.org/es-abstract/-/es-abstract-1.24.2.tgz 118584ms (cache miss)
2935 http fetch GET 200 https://registry.npmjs.org/mermaid/-/mermaid-11.15.0.tgz 122669ms (cache miss)
2936 http fetch GET 200 https://registry.npmjs.org/es-toolkit/-/es-toolkit-1.47.0.tgz 125210ms (cache miss)
2937 http fetch GET 200 https://registry.npmjs.org/@lucide/svelte/-/svelte-1.25.0.tgz 136633ms (cache miss)
2938 silly ADD node_modules/zwitch
2939 silly ADD node_modules/zod-to-json-schema
2940 silly ADD node_modules/zod
2941 silly ADD node_modules/zimmerframe
2942 silly ADD node_modules/yocto-queue
2943 silly ADD node_modules/yallist
2944 silly ADD node_modules/wsl-utils
2945 silly ADD node_modules/ws
2946 silly ADD node_modules/wrappy
2947 silly ADD node_modules/workbox-window
2948 silly ADD node_modules/workbox-sw
2949 silly ADD node_modules/workbox-streams
2950 silly ADD node_modules/workbox-strategies
2951 silly ADD node_modules/workbox-routing
2952 silly ADD node_modules/workbox-recipes
2953 silly ADD node_modules/workbox-range-requests
2954 silly ADD node_modules/workbox-precaching
2955 silly ADD node_modules/workbox-navigation-preload
2956 silly ADD node_modules/workbox-google-analytics
2957 silly ADD node_modules/workbox-expiration
2958 silly ADD node_modules/workbox-core
2959 silly ADD node_modules/workbox-cacheable-response
2960 silly ADD node_modules/workbox-build
2961 silly ADD node_modules/workbox-build/node_modules/source-map
2962 silly ADD node_modules/workbox-build/node_modules/pretty-bytes
2963 silly ADD node_modules/workbox-build/node_modules/path-scurry
2964 silly ADD node_modules/workbox-build/node_modules/minimatch
2965 silly ADD node_modules/workbox-build/node_modules/lru-cache
2966 silly ADD node_modules/workbox-build/node_modules/jackspeak
2967 silly ADD node_modules/workbox-build/node_modules/glob
2968 silly ADD node_modules/workbox-build/node_modules/brace-expansion
2969 silly ADD node_modules/workbox-build/node_modules/balanced-match
2970 silly ADD node_modules/workbox-build/node_modules/@isaacs/cliui
2971 silly ADD node_modules/workbox-broadcast-update
2972 silly ADD node_modules/workbox-background-sync
2973 silly ADD node_modules/word-wrap
2974 silly ADD node_modules/why-is-node-running
2975 silly ADD node_modules/which-typed-array
2976 silly ADD node_modules/which-collection
2977 silly ADD node_modules/which-builtin-type
2978 silly ADD node_modules/which-boxed-primitive
2979 silly ADD node_modules/which
2980 silly ADD node_modules/whatwg-url
2981 silly ADD node_modules/whatwg-encoding
2982 silly ADD node_modules/whatwg-encoding/node_modules/iconv-lite
2983 silly ADD node_modules/webpack-virtual-modules
2984 silly ADD node_modules/webidl-conversions
2985 silly ADD node_modules/web-namespaces
2986 silly ADD node_modules/vitest-browser-svelte
2987 silly ADD node_modules/vitest
2988 silly ADD node_modules/vitest/node_modules/chai
2989 silly ADD node_modules/vitest/node_modules/@vitest/expect
2990 silly ADD node_modules/vitefu
2991 silly ADD node_modules/vite-plugin-pwa
2992 silly ADD node_modules/vite-plugin-devtools-json
2993 silly ADD node_modules/vite-plugin-devtools-json/node_modules/uuid
2994 silly ADD node_modules/vite
2995 silly ADD node_modules/vfile-message
2996 silly ADD node_modules/vfile-message/node_modules/unist-util-stringify-position
2997 silly ADD node_modules/vfile-location
2998 silly ADD node_modules/vfile-location/node_modules/@types/unist
2999 silly ADD node_modules/vfile
3000 silly ADD node_modules/vfile/node_modules/vfile-message
3001 silly ADD node_modules/vfile/node_modules/@types/unist
3002 silly ADD node_modules/vary
3003 silly ADD node_modules/valibot
3004 silly ADD node_modules/uuid
3005 silly ADD node_modules/util-deprecate
3006 silly ADD node_modules/use-sync-external-store
3007 silly ADD node_modules/url-join
3008 silly ADD node_modules/uri-template-matcher
3009 silly ADD node_modules/uri-js
3010 silly ADD node_modules/update-browserslist-db
3011 silly ADD node_modules/upath
3012 silly ADD node_modules/unplugin
3013 silly ADD node_modules/unpipe
3014 silly ADD node_modules/universalify
3015 silly ADD node_modules/unist-util-visit-parents
3016 silly ADD node_modules/unist-util-visit-parents/node_modules/@types/unist
3017 silly ADD node_modules/unist-util-visit
3018 silly ADD node_modules/unist-util-visit/node_modules/@types/unist
3019 silly ADD node_modules/unist-util-stringify-position
3020 silly ADD node_modules/unist-util-stringify-position/node_modules/@types/unist
3021 silly ADD node_modules/unist-util-remove-position
3022 silly ADD node_modules/unist-util-remove-position/node_modules/@types/unist
3023 silly ADD node_modules/unist-util-position
3024 silly ADD node_modules/unist-util-position/node_modules/@types/unist
3025 silly ADD node_modules/unist-util-is
3026 silly ADD node_modules/unist-util-is/node_modules/@types/unist
3027 silly ADD node_modules/unist-util-find-after
3028 silly ADD node_modules/unist-util-find-after/node_modules/@types/unist
3029 silly ADD node_modules/unique-string
3030 silly ADD node_modules/union
3031 silly ADD node_modules/unified
3032 silly ADD node_modules/unified/node_modules/@types/unist
3033 silly ADD node_modules/unicode-property-aliases-ecmascript
3034 silly ADD node_modules/unicode-match-property-value-ecmascript
3035 silly ADD node_modules/unicode-match-property-ecmascript
3036 silly ADD node_modules/unicode-canonical-property-names-ecmascript
3037 silly ADD node_modules/undici-types
3038 silly ADD node_modules/unconfig-core
3039 silly ADD node_modules/unconfig
3040 silly ADD node_modules/unbox-primitive
3041 silly ADD node_modules/typescript-eslint
3042 silly ADD node_modules/typescript
3043 silly ADD node_modules/typed-array-length
3044 silly ADD node_modules/typed-array-byte-offset
3045 silly ADD node_modules/typed-array-byte-length
3046 silly ADD node_modules/typed-array-buffer
3047 silly ADD node_modules/type-is
3048 silly ADD node_modules/type-is/node_modules/content-type
3049 silly ADD node_modules/type-fest
3050 silly ADD node_modules/type-check
3051 silly ADD node_modules/tw-animate-css
3052 silly ADD node_modules/tslib
3053 silly ADD node_modules/ts-dedent
3054 silly ADD node_modules/ts-api-utils
3055 silly ADD node_modules/trough
3056 silly ADD node_modules/trim-lines
3057 silly ADD node_modules/tr46
3058 silly ADD node_modules/totalist
3059 silly ADD node_modules/toidentifier
3060 silly ADD node_modules/to-data-view
3061 silly ADD node_modules/tmcp
3062 silly ADD node_modules/tinyspy
3063 silly ADD node_modules/tinyrainbow
3064 silly ADD node_modules/tinyglobby
3065 silly ADD node_modules/tinyexec
3066 silly ADD node_modules/tinybench
3067 silly ADD node_modules/tiny-invariant
3068 silly ADD node_modules/terser
3069 silly ADD node_modules/terser/node_modules/commander
3070 silly ADD node_modules/tempy
3071 silly ADD node_modules/tempy/node_modules/type-fest
3072 silly ADD node_modules/temp-dir
3073 silly ADD node_modules/tar
3074 silly ADD node_modules/tar/node_modules/yallist
3075 silly ADD node_modules/tapable
3076 silly ADD node_modules/tailwindcss
3077 silly ADD node_modules/tailwind-variants
3078 silly ADD node_modules/tailwind-merge
3079 silly ADD node_modules/tagged-tag
3080 silly ADD node_modules/tabbable
3081 silly ADD node_modules/svelte2tsx
3082 silly ADD node_modules/svelte-toolbelt
3083 silly ADD node_modules/svelte-sonner
3084 silly ADD node_modules/svelte-sonner/node_modules/runed
3085 silly ADD node_modules/svelte-eslint-parser
3086 silly ADD node_modules/svelte-eslint-parser/node_modules/postcss-selector-parser
3087 silly ADD node_modules/svelte-check
3088 silly ADD node_modules/svelte-check/node_modules/readdirp
3089 silly ADD node_modules/svelte-check/node_modules/chokidar
3090 silly ADD node_modules/svelte-ast-print
3091 silly ADD node_modules/svelte-ast-print/node_modules/zimmerframe
3092 silly ADD node_modules/svelte-ast-print/node_modules/esrap
3093 silly ADD node_modules/svelte
3094 silly ADD node_modules/svelte/node_modules/esrap
3095 silly ADD node_modules/svelte/node_modules/aria-query
3096 silly ADD node_modules/supports-preserve-symlinks-flag
3097 silly ADD node_modules/supports-color
3098 silly ADD node_modules/stylis
3099 silly ADD node_modules/style-to-object
3100 silly ADD node_modules/strip-json-comments
3101 silly ADD node_modules/strip-indent
3102 silly ADD node_modules/strip-comments
3103 silly ADD node_modules/strip-ansi
3104 silly ADD node_modules/strip-ansi/node_modules/ansi-regex
3105 silly ADD node_modules/stringify-object
3106 silly ADD node_modules/stringify-entities
3107 silly ADD node_modules/string.prototype.trimstart
3108 silly ADD node_modules/string.prototype.trimend
3109 silly ADD node_modules/string.prototype.trim
3110 silly ADD node_modules/string.prototype.matchall
3111 silly ADD node_modules/storybook
3112 silly ADD node_modules/storybook/node_modules/@vitest/spy
3113 silly ADD node_modules/stop-iteration-iterator
3114 silly ADD node_modules/std-env
3115 silly ADD node_modules/statuses
3116 silly ADD node_modules/stackback
3117 silly ADD node_modules/sqids
3118 silly ADD node_modules/space-separated-tokens
3119 silly ADD node_modules/source-map-support
3120 silly ADD node_modules/source-map-js
3121 silly ADD node_modules/source-map
3122 silly ADD node_modules/smob
3123 silly ADD node_modules/sirv
3124 silly ADD node_modules/signal-exit
3125 silly ADD node_modules/siginfo
3126 silly ADD node_modules/side-channel-weakmap
3127 silly ADD node_modules/side-channel-map
3128 silly ADD node_modules/side-channel-list
3129 silly ADD node_modules/side-channel
3130 silly ADD node_modules/shebang-regex
3131 silly ADD node_modules/shebang-command
3132 silly ADD node_modules/sharp-ico
3133 silly ADD node_modules/sharp
3134 silly ADD node_modules/setprototypeof
3135 silly ADD node_modules/set-proto
3136 silly ADD node_modules/set-function-name
3137 silly ADD node_modules/set-function-length
3138 silly ADD node_modules/set-cookie-parser
3139 silly ADD node_modules/serve-static
3140 silly ADD node_modules/serialize-javascript
3141 silly ADD node_modules/send
3142 silly ADD node_modules/semver
3143 silly ADD node_modules/secure-compare
3144 silly ADD node_modules/scule
3145 silly ADD node_modules/scheduler
3146 silly ADD node_modules/sass
3147 silly ADD node_modules/safer-buffer
3148 silly ADD node_modules/safe-regex-test
3149 silly ADD node_modules/safe-push-apply
3150 silly ADD node_modules/safe-buffer
3151 silly ADD node_modules/safe-array-concat
3152 silly ADD node_modules/sade
3153 silly ADD node_modules/rw
3154 silly ADD node_modules/runed
3155 silly ADD node_modules/run-applescript
3156 silly ADD node_modules/router
3157 silly ADD node_modules/roughjs
3158 silly ADD node_modules/rollup
3159 silly ADD node_modules/robust-predicates
3160 silly ADD node_modules/resolve-from
3161 silly ADD node_modules/resolve
3162 silly ADD node_modules/requires-port
3163 silly ADD node_modules/require-from-string
3164 silly ADD node_modules/remark-stringify
3165 silly ADD node_modules/remark-rehype
3166 silly ADD node_modules/remark-parse
3167 silly ADD node_modules/remark-math
3168 silly ADD node_modules/remark-html
3169 silly ADD node_modules/remark-gfm
3170 silly ADD node_modules/remark-breaks
3171 silly ADD node_modules/remark
3172 silly ADD node_modules/rehype-stringify
3173 silly ADD node_modules/rehype-katex
3174 silly ADD node_modules/rehype-highlight
3175 silly ADD node_modules/regjsparser
3176 silly ADD node_modules/regjsgen
3177 silly ADD node_modules/regexpu-core
3178 silly ADD node_modules/regexp.prototype.flags
3179 silly ADD node_modules/regenerate-unicode-properties
3180 silly ADD node_modules/regenerate
3181 silly ADD node_modules/reflect.getprototypeof
3182 silly ADD node_modules/redent
3183 silly ADD node_modules/recast
3184 silly ADD node_modules/readdirp
3185 silly ADD node_modules/react-is
3186 silly ADD node_modules/react-dom
3187 silly ADD node_modules/react
3188 silly ADD node_modules/raw-body
3189 silly ADD node_modules/range-parser
3190 silly ADD node_modules/quansync
3191 silly ADD node_modules/qs
3192 silly ADD node_modules/punycode
3193 silly ADD node_modules/proxy-addr
3194 silly ADD node_modules/property-information
3195 silly ADD node_modules/prismjs
3196 silly ADD node_modules/prism-svelte
3197 silly ADD node_modules/pretty-format
3198 silly ADD node_modules/pretty-format/node_modules/ansi-styles
3199 silly ADD node_modules/pretty-bytes
3200 silly ADD node_modules/prettier-plugin-tailwindcss
3201 silly ADD node_modules/prettier-plugin-svelte
3202 silly ADD node_modules/prettier
3203 silly ADD node_modules/prelude-ls
3204 silly ADD node_modules/postcss-selector-parser
3205 silly ADD node_modules/postcss-scss
3206 silly ADD node_modules/postcss-safe-parser
3207 silly ADD node_modules/postcss-load-config
3208 silly ADD node_modules/postcss-load-config/node_modules/yaml
3209 silly ADD node_modules/postcss
3210 silly ADD node_modules/possible-typed-array-names
3211 silly ADD node_modules/portfinder
3212 silly ADD node_modules/points-on-path
3213 silly ADD node_modules/points-on-curve
3214 silly ADD node_modules/pngjs
3215 silly ADD node_modules/playwright-core
3216 silly ADD node_modules/playwright
3217 silly ADD node_modules/pkce-challenge
3218 silly ADD node_modules/picoquery
3219 silly ADD node_modules/picomatch
3220 silly ADD node_modules/picocolors
3221 silly ADD node_modules/pdfjs-dist
3222 silly ADD node_modules/pathval
3223 silly ADD node_modules/pathe
3224 silly ADD node_modules/path-to-regexp
3225 silly ADD node_modules/path-parse
3226 silly ADD node_modules/path-key
3227 silly ADD node_modules/path-exists
3228 silly ADD node_modules/path-data-parser
3229 silly ADD node_modules/parseurl
3230 silly ADD node_modules/parse5
3231 silly ADD node_modules/parent-module
3232 silly ADD node_modules/package-manager-detector
3233 silly ADD node_modules/package-json-from-dist
3234 silly ADD node_modules/p-locate
3235 silly ADD node_modules/p-limit
3236 silly ADD node_modules/oxc-resolver
3237 silly ADD node_modules/oxc-parser
3238 silly ADD node_modules/own-keys
3239 silly ADD node_modules/optionator
3240 silly ADD node_modules/opener
3241 silly ADD node_modules/open
3242 silly ADD node_modules/once
3243 silly ADD node_modules/on-finished
3244 silly ADD node_modules/obug
3245 silly ADD node_modules/object.assign
3246 silly ADD node_modules/object-keys
3247 silly ADD node_modules/object-inspect
3248 silly ADD node_modules/object-assign
3249 silly ADD node_modules/node-releases
3250 silly ADD node_modules/node-addon-api
3251 silly ADD node_modules/negotiator
3252 silly ADD node_modules/natural-orderby
3253 silly ADD node_modules/natural-compare
3254 silly ADD node_modules/nanoid
3255 silly ADD node_modules/ms
3256 silly ADD node_modules/mrmime
3257 silly ADD node_modules/mri
3258 silly ADD node_modules/mode-watcher
3259 silly ADD node_modules/mode-watcher/node_modules/svelte-toolbelt
3260 silly ADD node_modules/mode-watcher/node_modules/svelte-toolbelt/node_modules/runed
3261 silly ADD node_modules/mode-watcher/node_modules/runed
3262 silly ADD node_modules/minizlib
3263 silly ADD node_modules/minipass
3264 silly ADD node_modules/minimist
3265 silly ADD node_modules/minimatch
3266 silly ADD node_modules/mini-svg-data-uri
3267 silly ADD node_modules/min-indent
3268 silly ADD node_modules/mime-types
3269 silly ADD node_modules/mime-db
3270 silly ADD node_modules/mime
3271 silly ADD node_modules/micromark-util-types
3272 silly ADD node_modules/micromark-util-symbol
3273 silly ADD node_modules/micromark-util-subtokenize
3274 silly ADD node_modules/micromark-util-sanitize-uri
3275 silly ADD node_modules/micromark-util-resolve-all
3276 silly ADD node_modules/micromark-util-normalize-identifier
3277 silly ADD node_modules/micromark-util-html-tag-name
3278 silly ADD node_modules/micromark-util-encode
3279 silly ADD node_modules/micromark-util-decode-string
3280 silly ADD node_modules/micromark-util-decode-numeric-character-reference
3281 silly ADD node_modules/micromark-util-combine-extensions
3282 silly ADD node_modules/micromark-util-classify-character
3283 silly ADD node_modules/micromark-util-chunked
3284 silly ADD node_modules/micromark-util-character
3285 silly ADD node_modules/micromark-factory-whitespace
3286 silly ADD node_modules/micromark-factory-title
3287 silly ADD node_modules/micromark-factory-space
3288 silly ADD node_modules/micromark-factory-label
3289 silly ADD node_modules/micromark-factory-destination
3290 silly ADD node_modules/micromark-extension-math
3291 silly ADD node_modules/micromark-extension-gfm-task-list-item
3292 silly ADD node_modules/micromark-extension-gfm-tagfilter
3293 silly ADD node_modules/micromark-extension-gfm-table
3294 silly ADD node_modules/micromark-extension-gfm-strikethrough
3295 silly ADD node_modules/micromark-extension-gfm-footnote
3296 silly ADD node_modules/micromark-extension-gfm-autolink-literal
3297 silly ADD node_modules/micromark-extension-gfm
3298 silly ADD node_modules/micromark-core-commonmark
3299 silly ADD node_modules/micromark
3300 silly ADD node_modules/mermaid
3301 silly ADD node_modules/merge-descriptors
3302 silly ADD node_modules/media-typer
3303 silly ADD node_modules/mdsvex
3304 silly ADD node_modules/mdsvex/node_modules/unist-util-visit-parents
3305 silly ADD node_modules/mdsvex/node_modules/unist-util-visit
3306 silly ADD node_modules/mdsvex/node_modules/unist-util-is
3307 silly ADD node_modules/mdast-util-to-string
3308 silly ADD node_modules/mdast-util-to-markdown
3309 silly ADD node_modules/mdast-util-to-markdown/node_modules/@types/unist
3310 silly ADD node_modules/mdast-util-to-hast
3311 silly ADD node_modules/mdast-util-phrasing
3312 silly ADD node_modules/mdast-util-newline-to-break
3313 silly ADD node_modules/mdast-util-math
3314 silly ADD node_modules/mdast-util-gfm-task-list-item
3315 silly ADD node_modules/mdast-util-gfm-table
3316 silly ADD node_modules/mdast-util-gfm-strikethrough
3317 silly ADD node_modules/mdast-util-gfm-footnote
3318 silly ADD node_modules/mdast-util-gfm-autolink-literal
3319 silly ADD node_modules/mdast-util-gfm
3320 silly ADD node_modules/mdast-util-from-markdown
3321 silly ADD node_modules/mdast-util-from-markdown/node_modules/@types/unist
3322 silly ADD node_modules/mdast-util-find-and-replace
3323 silly ADD node_modules/mdast-util-find-and-replace/node_modules/escape-string-regexp
3324 silly ADD node_modules/mdast
3325 silly ADD node_modules/math-intrinsics
3326 silly ADD node_modules/marked
3327 silly ADD node_modules/markdown-table
3328 silly ADD node_modules/make-dir
3329 silly ADD node_modules/magicast
3330 silly ADD node_modules/magic-string
3331 silly ADD node_modules/lz-string
3332 silly ADD node_modules/lowlight
3333 silly ADD node_modules/loupe
3334 silly ADD node_modules/longest-streak
3335 silly ADD node_modules/lodash.sortby
3336 silly ADD node_modules/lodash.merge
3337 silly ADD node_modules/lodash.isplainobject
3338 silly ADD node_modules/lodash.debounce
3339 silly ADD node_modules/lodash.castarray
3340 silly ADD node_modules/lodash-es
3341 silly ADD node_modules/locate-path
3342 silly ADD node_modules/locate-character
3343 silly ADD node_modules/lilconfig
3344 silly ADD node_modules/lightningcss
3345 silly ADD node_modules/levn
3346 silly ADD node_modules/leven
3347 silly ADD node_modules/layout-base
3348 silly ADD node_modules/kolorist
3349 silly ADD node_modules/known-css-properties
3350 silly ADD node_modules/kleur
3351 silly ADD node_modules/khroma
3352 silly ADD node_modules/keyv
3353 silly ADD node_modules/katex
3354 silly ADD node_modules/katex/node_modules/commander
3355 silly ADD node_modules/jsonpointer
3356 silly ADD node_modules/jsonfile
3357 silly ADD node_modules/jsonc-parser
3358 silly ADD node_modules/json5
3359 silly ADD node_modules/json-stable-stringify-without-jsonify
3360 silly ADD node_modules/json-schema-typed
3361 silly ADD node_modules/json-schema-traverse
3362 silly ADD node_modules/json-rpc-2.0
3363 silly ADD node_modules/json-buffer
3364 silly ADD node_modules/jsesc
3365 silly ADD node_modules/js-yaml
3366 silly ADD node_modules/js-tokens
3367 silly ADD node_modules/jose
3368 silly ADD node_modules/jiti
3369 silly ADD node_modules/jake
3370 silly ADD node_modules/istanbul-reports
3371 silly ADD node_modules/istanbul-lib-report
3372 silly ADD node_modules/istanbul-lib-coverage
3373 silly ADD node_modules/isexe
3374 silly ADD node_modules/isarray
3375 silly ADD node_modules/is-wsl
3376 silly ADD node_modules/is-weakset
3377 silly ADD node_modules/is-weakref
3378 silly ADD node_modules/is-weakmap
3379 silly ADD node_modules/is-typed-array
3380 silly ADD node_modules/is-symbol
3381 silly ADD node_modules/is-string
3382 silly ADD node_modules/is-stream
3383 silly ADD node_modules/is-shared-array-buffer
3384 silly ADD node_modules/is-set
3385 silly ADD node_modules/is-regexp
3386 silly ADD node_modules/is-regex
3387 silly ADD node_modules/is-reference
3388 silly ADD node_modules/is-promise
3389 silly ADD node_modules/is-plain-obj
3390 silly ADD node_modules/is-obj
3391 silly ADD node_modules/is-number-object
3392 silly ADD node_modules/is-negative-zero
3393 silly ADD node_modules/is-module
3394 silly ADD node_modules/is-map
3395 silly ADD node_modules/is-inside-container
3396 silly ADD node_modules/is-glob
3397 silly ADD node_modules/is-generator-function
3398 silly ADD node_modules/is-finalizationregistry
3399 silly ADD node_modules/is-extglob
3400 silly ADD node_modules/is-docker
3401 silly ADD node_modules/is-date-object
3402 silly ADD node_modules/is-data-view
3403 silly ADD node_modules/is-core-module
3404 silly ADD node_modules/is-callable
3405 silly ADD node_modules/is-boolean-object
3406 silly ADD node_modules/is-bigint
3407 silly ADD node_modules/is-async-function
3408 silly ADD node_modules/is-array-buffer
3409 silly ADD node_modules/ipaddr.js
3410 silly ADD node_modules/ip-address
3411 silly ADD node_modules/internmap
3412 silly ADD node_modules/internal-slot
3413 silly ADD node_modules/inline-style-parser
3414 silly ADD node_modules/inherits
3415 silly ADD node_modules/indent-string
3416 silly ADD node_modules/imurmurhash
3417 silly ADD node_modules/import-meta-resolve
3418 silly ADD node_modules/import-fresh
3419 silly ADD node_modules/immutable
3420 silly ADD node_modules/ignore
3421 silly ADD node_modules/idb
3422 silly ADD node_modules/iconv-lite
3423 silly ADD node_modules/ico-endec
3424 silly ADD node_modules/http-server
3425 silly ADD node_modules/http-proxy
3426 silly ADD node_modules/http-errors
3427 silly ADD node_modules/html-void-elements
3428 silly ADD node_modules/html-escaper
3429 silly ADD node_modules/html-encoding-sniffer
3430 silly ADD node_modules/hono
3431 silly ADD node_modules/highlight.js
3432 silly ADD node_modules/he
3433 silly ADD node_modules/hastscript
3434 silly ADD node_modules/hast-util-whitespace
3435 silly ADD node_modules/hast-util-to-text
3436 silly ADD node_modules/hast-util-to-text/node_modules/@types/unist
3437 silly ADD node_modules/hast-util-to-html
3438 silly ADD node_modules/hast-util-to-html/node_modules/@types/unist
3439 silly ADD node_modules/hast-util-sanitize
3440 silly ADD node_modules/hast-util-parse-selector
3441 silly ADD node_modules/hast-util-is-element
3442 silly ADD node_modules/hast-util-from-parse5
3443 silly ADD node_modules/hast-util-from-parse5/node_modules/@types/unist
3444 silly ADD node_modules/hast-util-from-html-isomorphic
3445 silly ADD node_modules/hast-util-from-html
3446 silly ADD node_modules/hast-util-from-html/node_modules/vfile-message
3447 silly ADD node_modules/hast-util-from-html/node_modules/@types/unist
3448 silly ADD node_modules/hast-util-from-dom
3449 silly ADD node_modules/hasown
3450 silly ADD node_modules/has-tostringtag
3451 silly ADD node_modules/has-symbols
3452 silly ADD node_modules/has-proto
3453 silly ADD node_modules/has-property-descriptors
3454 silly ADD node_modules/has-flag
3455 silly ADD node_modules/has-bigints
3456 silly ADD node_modules/hachure-fill
3457 silly ADD node_modules/graceful-fs
3458 silly ADD node_modules/gopd
3459 silly ADD node_modules/globalthis
3460 silly ADD node_modules/globals
3461 silly ADD node_modules/glob-parent
3462 silly ADD node_modules/get-symbol-description
3463 silly ADD node_modules/get-proto
3464 silly ADD node_modules/get-own-enumerable-property-symbols
3465 silly ADD node_modules/get-intrinsic
3466 silly ADD node_modules/gensync
3467 silly ADD node_modules/generator-function
3468 silly ADD node_modules/functions-have-names
3469 silly ADD node_modules/function.prototype.name
3470 silly ADD node_modules/function-bind
3471 silly ADD node_modules/fs-extra
3472 silly ADD node_modules/fresh
3473 silly ADD node_modules/forwarded
3474 silly ADD node_modules/foreground-child
3475 silly ADD node_modules/for-each
3476 silly ADD node_modules/follow-redirects
3477 silly ADD node_modules/flatted
3478 silly ADD node_modules/flat-cache
3479 silly ADD node_modules/find-up
3480 silly ADD node_modules/finalhandler
3481 silly ADD node_modules/filelist
3482 silly ADD node_modules/filelist/node_modules/minimatch
3483 silly ADD node_modules/filelist/node_modules/brace-expansion
3484 silly ADD node_modules/file-entry-cache
3485 silly ADD node_modules/fflate
3486 silly ADD node_modules/fdir
3487 silly ADD node_modules/fast-uri
3488 silly ADD node_modules/fast-levenshtein
3489 silly ADD node_modules/fast-json-stable-stringify
3490 silly ADD node_modules/fast-deep-equal
3491 silly ADD node_modules/extend
3492 silly ADD node_modules/express-rate-limit
3493 silly ADD node_modules/express
3494 silly ADD node_modules/expect-type
3495 silly ADD node_modules/eventsource-parser
3496 silly ADD node_modules/eventsource
3497 silly ADD node_modules/eventemitter3
3498 silly ADD node_modules/etag
3499 silly ADD node_modules/eta
3500 silly ADD node_modules/esutils
3501 silly ADD node_modules/estree-walker
3502 silly ADD node_modules/estraverse
3503 silly ADD node_modules/esrecurse
3504 silly ADD node_modules/esrap
3505 silly ADD node_modules/esquery
3506 silly ADD node_modules/esprima
3507 silly ADD node_modules/espree
3508 silly ADD node_modules/esm-env
3509 silly ADD node_modules/eslint-visitor-keys
3510 silly ADD node_modules/eslint-scope
3511 silly ADD node_modules/eslint-plugin-svelte
3512 silly ADD node_modules/eslint-plugin-storybook
3513 silly ADD node_modules/eslint-plugin-simple-import-sort
3514 silly ADD node_modules/eslint-plugin-perfectionist
3515 silly ADD node_modules/eslint-plugin-perfectionist/node_modules/minimatch
3516 silly ADD node_modules/eslint-plugin-perfectionist/node_modules/eslint-visitor-keys
3517 silly ADD node_modules/eslint-plugin-perfectionist/node_modules/brace-expansion
3518 silly ADD node_modules/eslint-plugin-perfectionist/node_modules/balanced-match
3519 silly ADD node_modules/eslint-plugin-perfectionist/node_modules/@typescript-eslint/visitor-keys
3520 silly ADD node_modules/eslint-plugin-perfectionist/node_modules/@typescript-eslint/utils
3521 silly ADD node_modules/eslint-plugin-perfectionist/node_modules/@typescript-eslint/typescript-estree
3522 silly ADD node_modules/eslint-plugin-perfectionist/node_modules/@typescript-eslint/types
3523 silly ADD node_modules/eslint-plugin-perfectionist/node_modules/@typescript-eslint/tsconfig-utils
3524 silly ADD node_modules/eslint-plugin-perfectionist/node_modules/@typescript-eslint/scope-manager
3525 silly ADD node_modules/eslint-plugin-perfectionist/node_modules/@typescript-eslint/project-service
3526 silly ADD node_modules/eslint-config-prettier
3527 silly ADD node_modules/eslint
3528 silly ADD node_modules/eslint/node_modules/json-schema-traverse
3529 silly ADD node_modules/eslint/node_modules/ajv
3530 silly ADD node_modules/eslint/node_modules/@eslint/js
3531 silly ADD node_modules/escape-string-regexp
3532 silly ADD node_modules/escape-html
3533 silly ADD node_modules/escalade
3534 silly ADD node_modules/esbuild
3535 silly ADD node_modules/es-toolkit
3536 silly ADD node_modules/es-to-primitive
3537 silly ADD node_modules/es-set-tostringtag
3538 silly ADD node_modules/es-object-atoms
3539 silly ADD node_modules/es-module-lexer
3540 silly ADD node_modules/es-errors
3541 silly ADD node_modules/es-define-property
3542 silly ADD node_modules/es-abstract
3543 silly ADD node_modules/entities
3544 silly ADD node_modules/enhanced-resolve
3545 silly ADD node_modules/encodeurl
3546 silly ADD node_modules/electron-to-chromium
3547 silly ADD node_modules/ejs
3548 silly ADD node_modules/ee-first
3549 silly ADD node_modules/dunder-proto
3550 silly ADD node_modules/dompurify
3551 silly ADD node_modules/dom-accessibility-api
3552 silly ADD node_modules/dexie
3553 silly ADD node_modules/devlop
3554 silly ADD node_modules/devalue
3555 silly ADD node_modules/detect-libc
3556 silly ADD node_modules/dequal
3557 silly ADD node_modules/depd
3558 silly ADD node_modules/delaunator
3559 silly ADD node_modules/defu
3560 silly ADD node_modules/define-properties
3561 silly ADD node_modules/define-lazy-prop
3562 silly ADD node_modules/define-data-property
3563 silly ADD node_modules/default-browser-id
3564 silly ADD node_modules/default-browser
3565 silly ADD node_modules/deepmerge
3566 silly ADD node_modules/deep-is
3567 silly ADD node_modules/deep-eql
3568 silly ADD node_modules/dedent-js
3569 silly ADD node_modules/dedent
3570 silly ADD node_modules/decode-named-character-reference
3571 silly ADD node_modules/decode-ico
3572 silly ADD node_modules/decode-bmp
3573 silly ADD node_modules/debug
3574 silly ADD node_modules/dayjs
3575 silly ADD node_modules/data-view-byte-offset
3576 silly ADD node_modules/data-view-byte-length
3577 silly ADD node_modules/data-view-buffer
3578 silly ADD node_modules/dagre-d3-es
3579 silly ADD node_modules/d3-zoom
3580 silly ADD node_modules/d3-transition
3581 silly ADD node_modules/d3-timer
3582 silly ADD node_modules/d3-time-format
3583 silly ADD node_modules/d3-time
3584 silly ADD node_modules/d3-shape
3585 silly ADD node_modules/d3-selection
3586 silly ADD node_modules/d3-scale-chromatic
3587 silly ADD node_modules/d3-scale
3588 silly ADD node_modules/d3-sankey
3589 silly ADD node_modules/d3-sankey/node_modules/internmap
3590 silly ADD node_modules/d3-sankey/node_modules/d3-shape
3591 silly ADD node_modules/d3-sankey/node_modules/d3-path
3592 silly ADD node_modules/d3-sankey/node_modules/d3-array
3593 silly ADD node_modules/d3-random
3594 silly ADD node_modules/d3-quadtree
3595 silly ADD node_modules/d3-polygon
3596 silly ADD node_modules/d3-path
3597 silly ADD node_modules/d3-interpolate
3598 silly ADD node_modules/d3-hierarchy
3599 silly ADD node_modules/d3-geo
3600 silly ADD node_modules/d3-format
3601 silly ADD node_modules/d3-force
3602 silly ADD node_modules/d3-fetch
3603 silly ADD node_modules/d3-ease
3604 silly ADD node_modules/d3-dsv
3605 silly ADD node_modules/d3-dsv/node_modules/iconv-lite
3606 silly ADD node_modules/d3-drag
3607 silly ADD node_modules/d3-dispatch
3608 silly ADD node_modules/d3-delaunay
3609 silly ADD node_modules/d3-contour
3610 silly ADD node_modules/d3-color
3611 silly ADD node_modules/d3-chord
3612 silly ADD node_modules/d3-brush
3613 silly ADD node_modules/d3-axis
3614 silly ADD node_modules/d3-array
3615 silly ADD node_modules/d3
3616 silly ADD node_modules/cytoscape-fcose
3617 silly ADD node_modules/cytoscape-fcose/node_modules/layout-base
3618 silly ADD node_modules/cytoscape-fcose/node_modules/cose-base
3619 silly ADD node_modules/cytoscape-cose-bilkent
3620 silly ADD node_modules/cytoscape
3621 silly ADD node_modules/csstype
3622 silly ADD node_modules/cssesc
3623 silly ADD node_modules/css.escape
3624 silly ADD node_modules/crypto-random-string
3625 silly ADD node_modules/cross-spawn
3626 silly ADD node_modules/cose-base
3627 silly ADD node_modules/corser
3628 silly ADD node_modules/cors
3629 silly ADD node_modules/core-js-compat
3630 silly ADD node_modules/cookie-signature
3631 silly ADD node_modules/cookie
3632 silly ADD node_modules/convert-source-map
3633 silly ADD node_modules/content-type
3634 silly ADD node_modules/content-disposition
3635 silly ADD node_modules/consola
3636 silly ADD node_modules/concat-map
3637 silly ADD node_modules/common-tags
3638 silly ADD node_modules/commander
3639 silly ADD node_modules/comma-separated-tokens
3640 silly ADD node_modules/colorette
3641 silly ADD node_modules/color-name
3642 silly ADD node_modules/color-convert
3643 silly ADD node_modules/clsx
3644 silly ADD node_modules/chromatic
3645 silly ADD node_modules/chownr
3646 silly ADD node_modules/chokidar
3647 silly ADD node_modules/check-error
3648 silly ADD node_modules/character-entities-legacy
3649 silly ADD node_modules/character-entities-html4
3650 silly ADD node_modules/character-entities
3651 silly ADD node_modules/chalk
3652 silly ADD node_modules/chai
3653 silly ADD node_modules/ccount
3654 silly ADD node_modules/caniuse-lite
3655 silly ADD node_modules/callsites
3656 silly ADD node_modules/call-bound
3657 silly ADD node_modules/call-bind-apply-helpers
3658 silly ADD node_modules/call-bind
3659 silly ADD node_modules/cac
3660 silly ADD node_modules/bytes
3661 silly ADD node_modules/bundle-name
3662 silly ADD node_modules/buffer-from
3663 silly ADD node_modules/browserslist
3664 silly ADD node_modules/brace-expansion
3665 silly ADD node_modules/body-parser
3666 silly ADD node_modules/body-parser/node_modules/content-type
3667 silly ADD node_modules/bits-ui
3668 silly ADD node_modules/basic-auth
3669 silly ADD node_modules/baseline-browser-mapping
3670 silly ADD node_modules/balanced-match
3671 silly ADD node_modules/bail
3672 silly ADD node_modules/babel-plugin-polyfill-regenerator
3673 silly ADD node_modules/babel-plugin-polyfill-corejs3
3674 silly ADD node_modules/babel-plugin-polyfill-corejs2
3675 silly ADD node_modules/babel-plugin-polyfill-corejs2/node_modules/semver
3676 silly ADD node_modules/axobject-query
3677 silly ADD node_modules/axe-core
3678 silly ADD node_modules/available-typed-arrays
3679 silly ADD node_modules/at-least-node
3680 silly ADD node_modules/async-function
3681 silly ADD node_modules/async
3682 silly ADD node_modules/ast-v8-to-istanbul
3683 silly ADD node_modules/ast-v8-to-istanbul/node_modules/js-tokens
3684 silly ADD node_modules/ast-types
3685 silly ADD node_modules/assertion-error
3686 silly ADD node_modules/arraybuffer.prototype.slice
3687 silly ADD node_modules/array-buffer-byte-length
3688 silly ADD node_modules/aria-query
3689 silly ADD node_modules/argparse
3690 silly ADD node_modules/ansi-styles
3691 silly ADD node_modules/ansi-regex
3692 silly ADD node_modules/ajv-formats
3693 silly ADD node_modules/ajv
3694 silly ADD node_modules/acorn-jsx
3695 silly ADD node_modules/acorn
3696 silly ADD node_modules/accepts
3697 silly ADD node_modules/@webcontainer/env
3698 silly ADD node_modules/@vitest/utils
3699 silly ADD node_modules/@vitest/spy
3700 silly ADD node_modules/@vitest/snapshot
3701 silly ADD node_modules/@vitest/runner
3702 silly ADD node_modules/@vitest/pretty-format
3703 silly ADD node_modules/@vitest/mocker
3704 silly ADD node_modules/@vitest/expect
3705 silly ADD node_modules/@vitest/expect/node_modules/tinyrainbow
3706 silly ADD node_modules/@vitest/expect/node_modules/@vitest/utils
3707 silly ADD node_modules/@vitest/expect/node_modules/@vitest/spy
3708 silly ADD node_modules/@vitest/expect/node_modules/@vitest/pretty-format
3709 silly ADD node_modules/@vitest/coverage-v8
3710 silly ADD node_modules/@vitest/browser-playwright
3711 silly ADD node_modules/@vitest/browser
3712 silly ADD node_modules/@vite-pwa/sveltekit
3713 silly ADD node_modules/@vite-pwa/assets-generator
3714 silly ADD node_modules/@upsetjs/venn.js
3715 silly ADD node_modules/@ungap/structured-clone
3716 silly ADD node_modules/@typescript-eslint/visitor-keys
3717 silly ADD node_modules/@typescript-eslint/visitor-keys/node_modules/eslint-visitor-keys
3718 silly ADD node_modules/@typescript-eslint/utils
3719 silly ADD node_modules/@typescript-eslint/typescript-estree
3720 silly ADD node_modules/@typescript-eslint/typescript-estree/node_modules/minimatch
3721 silly ADD node_modules/@typescript-eslint/typescript-estree/node_modules/brace-expansion
3722 silly ADD node_modules/@typescript-eslint/typescript-estree/node_modules/balanced-match
3723 silly ADD node_modules/@typescript-eslint/types
3724 silly ADD node_modules/@typescript-eslint/type-utils
3725 silly ADD node_modules/@typescript-eslint/tsconfig-utils
3726 silly ADD node_modules/@typescript-eslint/scope-manager
3727 silly ADD node_modules/@typescript-eslint/project-service
3728 silly ADD node_modules/@typescript-eslint/parser
3729 silly ADD node_modules/@typescript-eslint/eslint-plugin
3730 silly ADD node_modules/@typescript-eslint/eslint-plugin/node_modules/ignore
3731 silly ADD node_modules/@types/unist
3732 silly ADD node_modules/@types/trusted-types
3733 silly ADD node_modules/@types/resolve
3734 silly ADD node_modules/@types/react
3735 silly ADD node_modules/@types/node
3736 silly ADD node_modules/@types/ms
3737 silly ADD node_modules/@types/mdx
3738 silly ADD node_modules/@types/mdast
3739 silly ADD node_modules/@types/katex
3740 silly ADD node_modules/@types/json-schema
3741 silly ADD node_modules/@types/hast
3742 silly ADD node_modules/@types/geojson
3743 silly ADD node_modules/@types/estree
3744 silly ADD node_modules/@types/deep-eql
3745 silly ADD node_modules/@types/debug
3746 silly ADD node_modules/@types/d3-zoom
3747 silly ADD node_modules/@types/d3-transition
3748 silly ADD node_modules/@types/d3-timer
3749 silly ADD node_modules/@types/d3-time-format
3750 silly ADD node_modules/@types/d3-time
3751 silly ADD node_modules/@types/d3-shape
3752 silly ADD node_modules/@types/d3-selection
3753 silly ADD node_modules/@types/d3-scale-chromatic
3754 silly ADD node_modules/@types/d3-scale
3755 silly ADD node_modules/@types/d3-random
3756 silly ADD node_modules/@types/d3-quadtree
3757 silly ADD node_modules/@types/d3-polygon
3758 silly ADD node_modules/@types/d3-path
3759 silly ADD node_modules/@types/d3-interpolate
3760 silly ADD node_modules/@types/d3-hierarchy
3761 silly ADD node_modules/@types/d3-geo
3762 silly ADD node_modules/@types/d3-format
3763 silly ADD node_modules/@types/d3-force
3764 silly ADD node_modules/@types/d3-fetch
3765 silly ADD node_modules/@types/d3-ease
3766 silly ADD node_modules/@types/d3-dsv
3767 silly ADD node_modules/@types/d3-drag
3768 silly ADD node_modules/@types/d3-dispatch
3769 silly ADD node_modules/@types/d3-delaunay
3770 silly ADD node_modules/@types/d3-contour
3771 silly ADD node_modules/@types/d3-color
3772 silly ADD node_modules/@types/d3-chord
3773 silly ADD node_modules/@types/d3-brush
3774 silly ADD node_modules/@types/d3-axis
3775 silly ADD node_modules/@types/d3-array
3776 silly ADD node_modules/@types/d3
3777 silly ADD node_modules/@types/cookie
3778 silly ADD node_modules/@types/chai
3779 silly ADD node_modules/@types/aria-query
3780 silly ADD node_modules/@trickfilm400/rollup-plugin-off-main-thread
3781 silly ADD node_modules/@tmcp/transport-http
3782 silly ADD node_modules/@tmcp/session-manager
3783 silly ADD node_modules/@tmcp/adapter-valibot
3784 silly ADD node_modules/@tmcp/adapter-valibot/node_modules/@valibot/to-json-schema
3785 silly ADD node_modules/@testing-library/user-event
3786 silly ADD node_modules/@testing-library/svelte-core
3787 silly ADD node_modules/@testing-library/jest-dom
3788 silly ADD node_modules/@testing-library/jest-dom/node_modules/dom-accessibility-api
3789 silly ADD node_modules/@testing-library/dom
3790 silly ADD node_modules/@tailwindcss/vite
3791 silly ADD node_modules/@tailwindcss/vite/node_modules/tailwindcss
3792 silly ADD node_modules/@tailwindcss/typography
3793 silly ADD node_modules/@tailwindcss/oxide-android-arm64
3794 silly ADD node_modules/@tailwindcss/oxide
3795 silly ADD node_modules/@tailwindcss/node
3796 silly ADD node_modules/@tailwindcss/node/node_modules/tailwindcss
3797 silly ADD node_modules/@tailwindcss/forms
3798 silly ADD node_modules/@swc/helpers
3799 silly ADD node_modules/@sveltejs/vite-plugin-svelte-inspector
3800 silly ADD node_modules/@sveltejs/vite-plugin-svelte
3801 silly ADD node_modules/@sveltejs/load-config
3802 silly ADD node_modules/@sveltejs/kit
3803 silly ADD node_modules/@sveltejs/adapter-static
3804 silly ADD node_modules/@sveltejs/acorn-typescript
3805 silly ADD node_modules/@storybook/sveltekit
3806 silly ADD node_modules/@storybook/sveltekit/node_modules/@storybook/svelte-vite
3807 silly ADD node_modules/@storybook/svelte
3808 silly ADD node_modules/@storybook/svelte/node_modules/type-fest
3809 silly ADD node_modules/@storybook/react-dom-shim
3810 silly ADD node_modules/@storybook/mcp
3811 silly ADD node_modules/@storybook/icons
3812 silly ADD node_modules/@storybook/global
3813 silly ADD node_modules/@storybook/csf-plugin
3814 silly ADD node_modules/@storybook/csf
3815 silly ADD node_modules/@storybook/builder-vite
3816 silly ADD node_modules/@storybook/addon-vitest
3817 silly ADD node_modules/@storybook/addon-svelte-csf
3818 silly ADD node_modules/@storybook/addon-mcp
3819 silly ADD node_modules/@storybook/addon-docs
3820 silly ADD node_modules/@storybook/addon-a11y
3821 silly ADD node_modules/@standard-schema/spec
3822 silly ADD node_modules/@rollup/rollup-android-arm64
3823 silly ADD node_modules/@rollup/pluginutils
3824 silly ADD node_modules/@rollup/pluginutils/node_modules/estree-walker
3825 silly ADD node_modules/@rollup/plugin-terser
3826 silly ADD node_modules/@rollup/plugin-replace
3827 silly ADD node_modules/@rollup/plugin-node-resolve
3828 silly ADD node_modules/@rollup/plugin-babel
3829 silly ADD node_modules/@quansync/fs
3830 silly ADD node_modules/@polka/url
3831 silly ADD node_modules/@playwright/test
3832 silly ADD node_modules/@parcel/watcher-android-arm64
3833 silly ADD node_modules/@parcel/watcher
3834 silly ADD node_modules/@oxc-resolver/binding-android-arm64
3835 silly ADD node_modules/@oxc-project/types
3836 silly ADD node_modules/@oxc-parser/binding-android-arm64
3837 silly ADD node_modules/@neoconfetti/react
3838 silly ADD node_modules/@napi-rs/canvas-android-arm64
3839 silly ADD node_modules/@napi-rs/canvas
3840 silly ADD node_modules/@modelcontextprotocol/sdk
3841 silly ADD node_modules/@mermaid-js/parser
3842 silly ADD node_modules/@mdx-js/react
3843 silly ADD node_modules/@lucide/svelte
3844 silly ADD node_modules/@jridgewell/trace-mapping
3845 silly ADD node_modules/@jridgewell/sourcemap-codec
3846 silly ADD node_modules/@jridgewell/source-map
3847 silly ADD node_modules/@jridgewell/resolve-uri
3848 silly ADD node_modules/@jridgewell/remapping
3849 silly ADD node_modules/@jridgewell/gen-mapping
3850 silly ADD node_modules/@isaacs/fs-minipass
3851 silly ADD node_modules/@internationalized/date
3852 silly ADD node_modules/@img/colour
3853 silly ADD node_modules/@iconify/utils
3854 silly ADD node_modules/@iconify/types
3855 silly ADD node_modules/@humanwhocodes/retry
3856 silly ADD node_modules/@humanwhocodes/module-importer
3857 silly ADD node_modules/@humanfs/types
3858 silly ADD node_modules/@humanfs/node
3859 silly ADD node_modules/@humanfs/core
3860 silly ADD node_modules/@hono/node-server
3861 silly ADD node_modules/@floating-ui/utils
3862 silly ADD node_modules/@floating-ui/dom
3863 silly ADD node_modules/@floating-ui/core
3864 silly ADD node_modules/@eslint/plugin-kit
3865 silly ADD node_modules/@eslint/object-schema
3866 silly ADD node_modules/@eslint/js
3867 silly ADD node_modules/@eslint/eslintrc
3868 silly ADD node_modules/@eslint/eslintrc/node_modules/json-schema-traverse
3869 silly ADD node_modules/@eslint/eslintrc/node_modules/globals
3870 silly ADD node_modules/@eslint/eslintrc/node_modules/ajv
3871 silly ADD node_modules/@eslint/core
3872 silly ADD node_modules/@eslint/config-helpers
3873 silly ADD node_modules/@eslint/config-array
3874 silly ADD node_modules/@eslint/compat
3875 silly ADD node_modules/@eslint-community/regexpp
3876 silly ADD node_modules/@eslint-community/eslint-utils
3877 silly ADD node_modules/@eslint-community/eslint-utils/node_modules/eslint-visitor-keys
3878 silly ADD node_modules/@esbuild/android-arm64
3879 silly ADD node_modules/@chromatic-com/storybook
3880 silly ADD node_modules/@chevrotain/types
3881 silly ADD node_modules/@canvas/image-data
3882 silly ADD node_modules/@braintree/sanitize-url
3883 silly ADD node_modules/@blazediff/core
3884 silly ADD node_modules/@bcoe/v8-coverage
3885 silly ADD node_modules/@babel/types
3886 silly ADD node_modules/@babel/traverse
3887 silly ADD node_modules/@babel/template
3888 silly ADD node_modules/@babel/runtime
3889 silly ADD node_modules/@babel/preset-modules
3890 silly ADD node_modules/@babel/preset-env
3891 silly ADD node_modules/@babel/preset-env/node_modules/semver
3892 silly ADD node_modules/@babel/plugin-transform-unicode-sets-regex
3893 silly ADD node_modules/@babel/plugin-transform-unicode-regex
3894 silly ADD node_modules/@babel/plugin-transform-unicode-property-regex
3895 silly ADD node_modules/@babel/plugin-transform-unicode-escapes
3896 silly ADD node_modules/@babel/plugin-transform-typeof-symbol
3897 silly ADD node_modules/@babel/plugin-transform-template-literals
3898 silly ADD node_modules/@babel/plugin-transform-sticky-regex
3899 silly ADD node_modules/@babel/plugin-transform-spread
3900 silly ADD node_modules/@babel/plugin-transform-shorthand-properties
3901 silly ADD node_modules/@babel/plugin-transform-reserved-words
3902 silly ADD node_modules/@babel/plugin-transform-regexp-modifiers
3903 silly ADD node_modules/@babel/plugin-transform-regenerator
3904 silly ADD node_modules/@babel/plugin-transform-property-literals
3905 silly ADD node_modules/@babel/plugin-transform-private-property-in-object
3906 silly ADD node_modules/@babel/plugin-transform-private-methods
3907 silly ADD node_modules/@babel/plugin-transform-parameters
3908 silly ADD node_modules/@babel/plugin-transform-optional-chaining
3909 silly ADD node_modules/@babel/plugin-transform-optional-catch-binding
3910 silly ADD node_modules/@babel/plugin-transform-object-super
3911 silly ADD node_modules/@babel/plugin-transform-object-rest-spread
3912 silly ADD node_modules/@babel/plugin-transform-numeric-separator
3913 silly ADD node_modules/@babel/plugin-transform-nullish-coalescing-operator
3914 silly ADD node_modules/@babel/plugin-transform-new-target
3915 silly ADD node_modules/@babel/plugin-transform-named-capturing-groups-regex
3916 silly ADD node_modules/@babel/plugin-transform-modules-umd
3917 silly ADD node_modules/@babel/plugin-transform-modules-systemjs
3918 silly ADD node_modules/@babel/plugin-transform-modules-commonjs
3919 silly ADD node_modules/@babel/plugin-transform-modules-amd
3920 silly ADD node_modules/@babel/plugin-transform-member-expression-literals
3921 silly ADD node_modules/@babel/plugin-transform-logical-assignment-operators
3922 silly ADD node_modules/@babel/plugin-transform-literals
3923 silly ADD node_modules/@babel/plugin-transform-json-strings
3924 silly ADD node_modules/@babel/plugin-transform-function-name
3925 silly ADD node_modules/@babel/plugin-transform-for-of
3926 silly ADD node_modules/@babel/plugin-transform-export-namespace-from
3927 silly ADD node_modules/@babel/plugin-transform-exponentiation-operator
3928 silly ADD node_modules/@babel/plugin-transform-explicit-resource-management
3929 silly ADD node_modules/@babel/plugin-transform-dynamic-import
3930 silly ADD node_modules/@babel/plugin-transform-duplicate-named-capturing-groups-regex
3931 silly ADD node_modules/@babel/plugin-transform-duplicate-keys
3932 silly ADD node_modules/@babel/plugin-transform-dotall-regex
3933 silly ADD node_modules/@babel/plugin-transform-destructuring
3934 silly ADD node_modules/@babel/plugin-transform-computed-properties
3935 silly ADD node_modules/@babel/plugin-transform-classes
3936 silly ADD node_modules/@babel/plugin-transform-class-static-block
3937 silly ADD node_modules/@babel/plugin-transform-class-properties
3938 silly ADD node_modules/@babel/plugin-transform-block-scoping
3939 silly ADD node_modules/@babel/plugin-transform-block-scoped-functions
3940 silly ADD node_modules/@babel/plugin-transform-async-to-generator
3941 silly ADD node_modules/@babel/plugin-transform-async-generator-functions
3942 silly ADD node_modules/@babel/plugin-transform-arrow-functions
3943 silly ADD node_modules/@babel/plugin-syntax-unicode-sets-regex
3944 silly ADD node_modules/@babel/plugin-syntax-import-attributes
3945 silly ADD node_modules/@babel/plugin-syntax-import-assertions
3946 silly ADD node_modules/@babel/plugin-proposal-private-property-in-object
3947 silly ADD node_modules/@babel/plugin-bugfix-v8-static-class-fields-redefine-readonly
3948 silly ADD node_modules/@babel/plugin-bugfix-v8-spread-parameters-in-optional-chaining
3949 silly ADD node_modules/@babel/plugin-bugfix-safari-rest-destructuring-rhs-array
3950 silly ADD node_modules/@babel/plugin-bugfix-safari-id-destructuring-collision-in-function-expression
3951 silly ADD node_modules/@babel/plugin-bugfix-safari-class-field-initializer-scope
3952 silly ADD node_modules/@babel/plugin-bugfix-firefox-class-in-computed-class-key
3953 silly ADD node_modules/@babel/parser
3954 silly ADD node_modules/@babel/helpers
3955 silly ADD node_modules/@babel/helper-wrap-function
3956 silly ADD node_modules/@babel/helper-validator-option
3957 silly ADD node_modules/@babel/helper-validator-identifier
3958 silly ADD node_modules/@babel/helper-string-parser
3959 silly ADD node_modules/@babel/helper-skip-transparent-expression-wrappers
3960 silly ADD node_modules/@babel/helper-replace-supers
3961 silly ADD node_modules/@babel/helper-remap-async-to-generator
3962 silly ADD node_modules/@babel/helper-plugin-utils
3963 silly ADD node_modules/@babel/helper-optimise-call-expression
3964 silly ADD node_modules/@babel/helper-module-transforms
3965 silly ADD node_modules/@babel/helper-module-imports
3966 silly ADD node_modules/@babel/helper-member-expression-to-functions
3967 silly ADD node_modules/@babel/helper-globals
3968 silly ADD node_modules/@babel/helper-define-polyfill-provider
3969 silly ADD node_modules/@babel/helper-create-regexp-features-plugin
3970 silly ADD node_modules/@babel/helper-create-regexp-features-plugin/node_modules/semver
3971 silly ADD node_modules/@babel/helper-create-class-features-plugin
3972 silly ADD node_modules/@babel/helper-create-class-features-plugin/node_modules/semver
3973 silly ADD node_modules/@babel/helper-compilation-targets
3974 silly ADD node_modules/@babel/helper-compilation-targets/node_modules/semver
3975 silly ADD node_modules/@babel/helper-compilation-targets/node_modules/lru-cache
3976 silly ADD node_modules/@babel/helper-annotate-as-pure
3977 silly ADD node_modules/@babel/generator
3978 silly ADD node_modules/@babel/core
3979 silly ADD node_modules/@babel/core/node_modules/semver
3980 silly ADD node_modules/@babel/compat-data
3981 silly ADD node_modules/@babel/code-frame
3982 silly ADD node_modules/@apideck/better-ajv-errors
3983 silly ADD node_modules/@antfu/install-pkg
3984 silly ADD node_modules/@ampproject/remapping
3985 silly ADD node_modules/@adobe/css-tools
3986 verbose cwd /data/data/com.termux/files/home/llama.cpp/build/tools/ui/ui-src
3987 verbose os Linux 6.6.102-android15-8-gfc6ca2efaeea-ab14475363-4k
3988 verbose node v26.3.1
3989 verbose npm  v11.17.0
3990 verbose exit 0
3991 info ok
